EncounterID,PatientID,EncounterDate,EncounterType,ProviderID,DepartmentID,ProcedureCode,InsertedDate,ModifiedDate
H2-ENC000001,HOSP037430,2020-03-02,Outpatient,H2-PROV0002,DEPT005,24028,2025-06-06,2022-08-24
H2-ENC000002,HOSP013103,2026-07-06,Inpatient,H2-PROV0016,DEPT003,25742,2025-12-15,2020-04-14
H2-ENC000003,HOSP017505,2021-11-28,Inpatient,H2-PROV0026,DEPT008,20445,2023-09-22,2026-08-22
H2-ENC000004,HOSP000672,2026-08-15,Inpatient,H2-PROV0014,DEPT003,10703,2023-10-17,2022-02-22
H2-ENC000005,HOSP028229,2022-09-21,Outpatient,H2-PROV0020,DEPT002,56195,2020-01-27,2020-09-25
H2-ENC000006,HOSP038295,2021-09-23,Routine Checkup,H2-PROV0029,DEPT012,66972,2022-04-13,2023-01-02
H2-ENC000007,HOSP015811,2022-09-03,Outpatient,H2-PROV0009,DEPT003,24305,2020-10-30,2023-05-10
H2-ENC000008,HOSP009575,2024-11-14,Emergency,H2-PROV0020,DEPT015,52520,2020-11-01,2024-07-01
H2-ENC000009,HOSP003345,2026-01-11,Outpatient,H2-PROV0007,DEPT001,35957,2024-05-27,2026-04-06
H2-ENC000010,HOSP006550,2021-01-17,Outpatient,H2-PROV0005,DEPT010,16982,2024-10-19,2026-03-02
H2-ENC000011,HOSP040741,2025-05-12,Emergency,H2-PROV0026,DEPT015,12415,2021-11-26,2022-08-17
H2-ENC000012,HOSP000500,2025-12-27,Outpatient,H2-PROV0013,DEPT013,73686,2024-02-21,2026-08-19
H2-ENC000013,HOSP031923,2023-10-10,Outpatient,H2-PROV0021,DEPT020,60877,2026-04-18,2021-10-26
H2-ENC000014,HOSP042661,2023-11-25,Routine Checkup,H2-PROV0024,DEPT005,54974,2025-04-06,2020-05-02
H2-ENC000015,HOSP028700,2026-09-21,Outpatient,H2-PROV0017,DEPT016,10160,2025-11-10,2025-09-16
H2-ENC000016,HOSP007806,2022-07-09,Routine Checkup,H2-PROV0025,DEPT005,46256,2024-12-04,2020-04-16
H2-ENC000017,HOSP003298,2023-11-04,Outpatient,H2-PROV0025,DEPT010,37486,2024-08-24,2024-02-15
H2-ENC000018,HOSP035935,2025-03-15,Inpatient,H2-PROV0020,DEPT003,15787,2022-05-03,2024-08-07
H2-ENC000019,HOSP012396,2022-10-26,Outpatient,H2-PROV0028,DEPT005,46669,2024-06-21,2024-01-02
H2-ENC000020,HOSP048265,2020-03-30,Telemedicine,H2-PROV0013,DEPT006,20203,2021-07-02,2020-09-02
H2-ENC000021,HOSP005588,2022-07-17,Telemedicine,H2-PROV0003,DEPT003,60817,2023-06-25,2020-07-02
H2-ENC000022,HOSP020353,2021-02-11,Emergency,H2-PROV0002,DEPT006,48917,2023-07-29,2023-04-27
H2-ENC000023,HOSP004108,2023-09-06,Emergency,H2-PROV0027,DEPT014,72545,2020-06-28,2022-08-17
H2-ENC000024,HOSP041346,2025-07-15,Emergency,H2-PROV0010,DEPT013,21133,2023-12-26,2021-04-16
H2-ENC000025,HOSP041401,2026-02-04,Inpatient,H2-PROV0021,DEPT016,92091,2024-08-17,2026-01-13
H2-ENC000026,HOSP031788,2022-03-04,Telemedicine,H2-PROV0016,DEPT007,75496,2026-08-10,2021-05-24
H2-ENC000027,HOSP007982,2026-07-25,Emergency,H2-PROV0005,DEPT013,97506,2025-05-07,2025-07-21
H2-ENC000028,HOSP014510,2022-03-28,Inpatient,H2-PROV0003,DEPT012,46026,2020-08-15,2023-08-25
H2-ENC000029,HOSP005737,2025-10-19,Telemedicine,H2-PROV0028,DEPT004,37001,2025-08-30,2025-07-04
H2-ENC000030,HOSP008615,2025-11-25,Emergency,H2-PROV0020,DEPT014,93015,2025-09-07,2020-01-27
H2-ENC000031,HOSP043821,2020-12-29,Inpatient,H2-PROV0014,DEPT020,14064,2023-12-06,2021-06-29
H2-ENC000032,HOSP010722,2024-08-10,Outpatient,H2-PROV0004,DEPT015,68824,2021-06-29,2021-09-04
H2-ENC000033,HOSP024297,2025-11-15,Inpatient,H2-PROV0016,DEPT008,79298,2026-01-08,2021-10-28
H2-ENC000034,HOSP027861,2024-06-03,Routine Checkup,H2-PROV0005,DEPT016,75772,2021-12-20,2021-01-30
H2-ENC000035,HOSP039491,2021-08-30,Emergency,H2-PROV0020,DEPT002,74366,2024-02-12,2023-12-18
H2-ENC000036,HOSP042843,2026-07-23,Inpatient,H2-PROV0017,DEPT008,34551,2021-09-01,2021-05-17
H2-ENC000037,HOSP028031,2026-01-07,Inpatient,H2-PROV0006,DEPT016,75790,2024-08-04,2023-04-17
H2-ENC000038,HOSP034533,2022-05-18,Emergency,H2-PROV0029,DEPT006,43222,2024-12-27,2024-07-17
H2-ENC000039,HOSP001728,2024-01-26,Outpatient,H2-PROV0003,DEPT011,58731,2024-09-02,2022-05-15
H2-ENC000040,HOSP030937,2026-03-21,Routine Checkup,H2-PROV0026,DEPT012,39840,2021-07-18,2026-09-13
H2-ENC000041,HOSP006997,2023-06-05,Inpatient,H2-PROV0014,DEPT005,17070,2025-06-06,2025-08-01
H2-ENC000042,HOSP007933,2025-08-05,Inpatient,H2-PROV0018,DEPT008,34629,2026-06-24,2025-10-31
H2-ENC000043,HOSP021960,2022-12-21,Emergency,H2-PROV0004,DEPT005,98121,2022-02-15,2024-04-17
H2-ENC000044,HOSP017892,2026-05-11,Outpatient,H2-PROV0004,DEPT018,59028,2022-06-10,2023-06-03
H2-ENC000045,HOSP008497,2025-01-30,Routine Checkup,H2-PROV0011,DEPT008,91985,2025-01-08,2021-06-30
H2-ENC000046,HOSP015904,2023-01-24,Inpatient,H2-PROV0019,DEPT016,97472,2021-04-17,2022-02-26
H2-ENC000047,HOSP038599,2020-06-21,Emergency,H2-PROV0019,DEPT004,39955,2025-02-03,2021-06-05
H2-ENC000048,HOSP001780,2025-09-07,Telemedicine,H2-PROV0030,DEPT013,33433,2020-06-22,2020-07-21
H2-ENC000049,HOSP028865,2023-06-24,Inpatient,H2-PROV0017,DEPT004,37005,2020-07-22,2024-12-29
H2-ENC000050,HOSP049367,2024-08-12,Routine Checkup,H2-PROV0006,DEPT011,13985,2020-01-09,2022-05-30
H2-ENC000051,HOSP011916,2021-07-11,Telemedicine,H2-PROV0026,DEPT009,53056,2023-10-13,2022-03-22
H2-ENC000052,HOSP035641,2022-08-10,Routine Checkup,H2-PROV0001,DEPT008,68535,2025-02-08,2021-02-05
H2-ENC000053,HOSP028335,2021-11-23,Emergency,H2-PROV0020,DEPT001,24026,2025-06-17,2025-09-08
H2-ENC000054,HOSP004541,2021-11-23,Routine Checkup,H2-PROV0013,DEPT012,35645,2020-01-12,2023-03-02
H2-ENC000055,HOSP019517,2024-06-10,Outpatient,H2-PROV0002,DEPT017,59546,2022-04-29,2026-06-22
H2-ENC000056,HOSP005386,2020-07-03,Inpatient,H2-PROV0008,DEPT011,46388,2026-07-14,2026-06-12
H2-ENC000057,HOSP042019,2024-11-22,Telemedicine,H2-PROV0027,DEPT016,10886,2025-11-11,2025-08-09
H2-ENC000058,HOSP039547,2023-02-14,Outpatient,H2-PROV0004,DEPT018,65966,2020-10-04,2021-03-13
H2-ENC000059,HOSP039318,2023-03-17,Telemedicine,H2-PROV0019,DEPT011,65662,2024-12-03,2021-07-19
H2-ENC000060,HOSP022415,2021-10-01,Telemedicine,H2-PROV0025,DEPT010,24026,2022-10-27,2023-03-06
H2-ENC000061,HOSP029409,2022-12-12,Inpatient,H2-PROV0004,DEPT017,54345,2024-02-07,2023-05-17
H2-ENC000062,HOSP014910,2026-05-19,Emergency,H2-PROV0017,DEPT020,16614,2022-06-27,2024-12-21
H2-ENC000063,HOSP042052,2022-09-22,Inpatient,H2-PROV0022,DEPT015,15438,2025-06-14,2023-08-02
H2-ENC000064,HOSP015830,2024-12-22,Outpatient,H2-PROV0018,DEPT007,21826,2025-11-04,2026-01-16
H2-ENC000065,HOSP011388,2024-03-02,Outpatient,H2-PROV0002,DEPT019,85919,2024-11-03,2025-03-17
H2-ENC000066,HOSP012524,2022-10-04,Routine Checkup,H2-PROV0002,DEPT020,22142,2026-03-18,2025-11-25
H2-ENC000067,HOSP043482,2023-06-01,Inpatient,H2-PROV0029,DEPT009,71302,2023-12-18,2021-09-30
H2-ENC000068,HOSP001399,2026-03-15,Inpatient,H2-PROV0008,DEPT008,17070,2025-11-26,2024-12-19
H2-ENC000069,HOSP047634,2026-05-04,Inpatient,H2-PROV0019,DEPT008,82294,2026-09-06,2024-08-04
H2-ENC000070,HOSP048486,2026-01-12,Routine Checkup,H2-PROV0015,DEPT004,66033,2021-10-09,2021-09-26
H2-ENC000071,HOSP022457,2026-05-28,Outpatient,H2-PROV0007,DEPT016,65420,2023-11-20,2021-03-07
H2-ENC000072,HOSP013372,2024-01-21,Outpatient,H2-PROV0004,DEPT002,46388,2020-06-20,2025-07-11
H2-ENC000073,HOSP043964,2021-02-01,Telemedicine,H2-PROV0026,DEPT006,77235,2020-05-11,2021-12-06
H2-ENC000074,HOSP004518,2026-04-03,Inpatient,H2-PROV0020,DEPT008,39529,2021-05-07,2024-08-10
H2-ENC000075,HOSP009337,2023-12-04,Routine Checkup,H2-PROV0001,DEPT016,99846,2021-06-20,2025-06-24
H2-ENC000076,HOSP030891,2021-04-17,Telemedicine,H2-PROV0009,DEPT011,16614,2022-09-20,2020-03-31
H2-ENC000077,HOSP031180,2024-01-30,Telemedicine,H2-PROV0029,DEPT010,28046,2021-05-29,2023-12-28
H2-ENC000078,HOSP013988,2022-11-09,Emergency,H2-PROV0007,DEPT020,92091,2026-09-16,2024-06-11
H2-ENC000079,HOSP009449,2025-03-27,Emergency,H2-PROV0013,DEPT020,91391,2022-06-30,2026-02-05
H2-ENC000080,HOSP022592,2022-01-25,Routine Checkup,H2-PROV0023,DEPT005,64614,2021-11-01,2025-09-22
H2-ENC000081,HOSP026330,2023-06-29,Emergency,H2-PROV0026,DEPT015,93293,2025-08-22,2025-08-14
H2-ENC000082,HOSP046201,2026-03-01,Telemedicine,H2-PROV0003,DEPT005,80253,2026-05-18,2022-06-06
H2-ENC000083,HOSP011470,2024-09-03,Outpatient,H2-PROV0016,DEPT003,53056,2024-11-17,2024-03-26
H2-ENC000084,HOSP030029,2025-04-13,Emergency,H2-PROV0002,DEPT020,88440,2020-03-25,2025-07-03
H2-ENC000085,HOSP033903,2024-01-23,Routine Checkup,H2-PROV0005,DEPT012,76248,2021-05-28,2020-07-09
H2-ENC000086,HOSP036293,2023-06-11,Routine Checkup,H2-PROV0014,DEPT012,78411,2022-06-29,2021-05-13
H2-ENC000087,HOSP036116,2020-08-03,Emergency,H2-PROV0017,DEPT004,50068,2023-11-11,2020-12-24
H2-ENC000088,HOSP024057,2021-08-30,Outpatient,H2-PROV0026,DEPT020,61123,2022-07-19,2023-10-30
H2-ENC000089,HOSP003171,2025-01-21,Telemedicine,H2-PROV0002,DEPT006,23513,2023-11-27,2020-08-15
H2-ENC000090,HOSP022950,2020-06-11,Routine Checkup,H2-PROV0014,DEPT010,41415,2022-07-30,2020-02-12
H2-ENC000091,HOSP030614,2024-05-06,Telemedicine,H2-PROV0030,DEPT019,93338,2023-02-15,2020-12-24
H2-ENC000092,HOSP005409,2023-09-02,Emergency,H2-PROV0030,DEPT002,76194,2020-01-20,2021-10-20
H2-ENC000093,HOSP041970,2021-04-05,Telemedicine,H2-PROV0003,DEPT020,49122,2020-06-14,2024-12-30
H2-ENC000094,HOSP012645,2021-09-13,Routine Checkup,H2-PROV0020,DEPT008,45650,2023-05-30,2026-10-02
H2-ENC000095,HOSP022442,2023-07-26,Telemedicine,H2-PROV0004,DEPT001,17178,2020-10-10,2020-12-18
H2-ENC000096,HOSP011204,2020-04-26,Telemedicine,H2-PROV0019,DEPT020,29466,2021-11-07,2021-02-13
H2-ENC000097,HOSP014289,2026-07-20,Emergency,H2-PROV0012,DEPT002,64511,2020-02-16,2025-08-19
H2-ENC000098,HOSP044658,2024-01-04,Inpatient,H2-PROV0026,DEPT011,68428,2025-05-01,2022-03-13
H2-ENC000099,HOSP001216,2020-10-09,Emergency,H2-PROV0012,DEPT005,54974,2026-01-03,2025-05-15
H2-ENC000100,HOSP036239,2021-05-20,Routine Checkup,H2-PROV0030,DEPT017,70702,2020-10-14,2021-01-05
H2-ENC000101,HOSP015832,2024-09-15,Inpatient,H2-PROV0030,DEPT012,87180,2022-11-01,2025-05-30
H2-ENC000102,HOSP024146,2024-01-13,Emergency,H2-PROV0015,DEPT020,14200,2024-04-18,2021-01-31
H2-ENC000103,HOSP024821,2023-04-06,Outpatient,H2-PROV0006,DEPT019,80253,2026-07-28,2023-04-12
H2-ENC000104,HOSP028683,2020-12-20,Inpatient,H2-PROV0028,DEPT017,60573,2024-09-11,2026-06-18
H2-ENC000105,HOSP000380,2026-06-13,Inpatient,H2-PROV0017,DEPT019,97202,2021-04-18,2024-10-25
H2-ENC000106,HOSP013802,2021-08-19,Inpatient,H2-PROV0008,DEPT020,60966,2021-12-01,2021-01-30
H2-ENC000107,HOSP003834,2021-04-29,Emergency,H2-PROV0029,DEPT014,17070,2025-07-02,2023-04-13
H2-ENC000108,HOSP029310,2024-08-07,Inpatient,H2-PROV0020,DEPT005,41291,2021-05-08,2024-04-15
H2-ENC000109,HOSP041449,2023-12-13,Outpatient,H2-PROV0002,DEPT007,54599,2021-02-07,2025-11-16
H2-ENC000110,HOSP034958,2020-02-08,Outpatient,H2-PROV0015,DEPT004,78999,2025-11-10,2025-08-10
H2-ENC000111,HOSP008532,2024-08-09,Routine Checkup,H2-PROV0014,DEPT016,25335,2026-01-24,2024-06-15
H2-ENC000112,HOSP035315,2021-04-08,Emergency,H2-PROV0006,DEPT005,79722,2020-02-24,2023-06-10
H2-ENC000113,HOSP032637,2020-11-02,Outpatient,H2-PROV0025,DEPT008,57355,2025-03-16,2020-08-22
H2-ENC000114,HOSP039385,2021-03-20,Emergency,H2-PROV0014,DEPT017,99921,2025-04-24,2023-04-12
H2-ENC000115,HOSP046530,2023-08-05,Telemedicine,H2-PROV0011,DEPT012,93558,2022-08-09,2021-06-07
H2-ENC000116,HOSP006288,2024-11-26,Outpatient,H2-PROV0012,DEPT014,60969,2023-08-05,2021-08-10
H2-ENC000117,HOSP010923,2023-05-03,Outpatient,H2-PROV0029,DEPT007,74035,2024-11-26,2022-03-20
H2-ENC000118,HOSP015269,2021-11-27,Inpatient,H2-PROV0005,DEPT008,76711,2026-02-23,2024-08-25
H2-ENC000119,HOSP045483,2020-01-23,Telemedicine,H2-PROV0008,DEPT020,21199,2025-04-20,2022-10-03
H2-ENC000120,HOSP043869,2024-11-25,Outpatient,H2-PROV0011,DEPT017,69288,2024-01-22,2024-12-30
H2-ENC000121,HOSP012876,2023-07-01,Outpatient,H2-PROV0029,DEPT005,26995,2025-07-29,2020-05-15
H2-ENC000122,HOSP047678,2021-07-01,Routine Checkup,H2-PROV0019,DEPT020,49171,2024-10-22,2021-08-19
H2-ENC000123,HOSP025298,2024-08-22,Telemedicine,H2-PROV0023,DEPT012,64993,2021-09-06,2021-08-26
H2-ENC000124,HOSP045800,2022-11-25,Telemedicine,H2-PROV0026,DEPT015,19290,2026-07-10,2021-11-20
H2-ENC000125,HOSP006019,2025-08-14,Telemedicine,H2-PROV0029,DEPT002,97224,2022-07-06,2022-11-29
H2-ENC000126,HOSP017433,2026-08-16,Emergency,H2-PROV0004,DEPT015,84274,2026-06-02,2022-10-19
H2-ENC000127,HOSP027586,2021-04-02,Emergency,H2-PROV0013,DEPT001,78904,2025-08-29,2022-04-15
H2-ENC000128,HOSP013532,2023-02-20,Inpatient,H2-PROV0009,DEPT012,67844,2024-09-26,2024-10-14
H2-ENC000129,HOSP009567,2023-07-09,Routine Checkup,H2-PROV0008,DEPT019,70688,2020-03-06,2026-08-13
H2-ENC000130,HOSP042280,2021-02-26,Outpatient,H2-PROV0007,DEPT017,86698,2020-09-29,2020-11-29
H2-ENC000131,HOSP018350,2024-03-10,Emergency,H2-PROV0014,DEPT008,88742,2020-07-08,2025-06-05
H2-ENC000132,HOSP012172,2023-12-21,Telemedicine,H2-PROV0013,DEPT006,39955,2023-10-05,2022-10-02
H2-ENC000133,HOSP049822,2025-05-09,Emergency,H2-PROV0025,DEPT014,13755,2025-03-24,2021-07-27
H2-ENC000134,HOSP003779,2024-08-15,Emergency,H2-PROV0019,DEPT018,18148,2020-08-14,2020-08-05
H2-ENC000135,HOSP010194,2022-08-07,Routine Checkup,H2-PROV0002,DEPT008,21826,2026-09-18,2024-09-22
H2-ENC000136,HOSP047347,2023-02-14,Routine Checkup,H2-PROV0008,DEPT009,15136,2021-05-26,2020-09-22
H2-ENC000137,HOSP038996,2026-08-14,Telemedicine,H2-PROV0005,DEPT013,91677,2025-03-24,2023-06-15
H2-ENC000138,HOSP024344,2026-01-15,Telemedicine,H2-PROV0017,DEPT019,58265,2024-10-22,2025-08-18
H2-ENC000139,HOSP000889,2026-03-24,Routine Checkup,H2-PROV0019,DEPT012,16461,2020-09-04,2022-08-24
H2-ENC000140,HOSP048096,2026-09-09,Inpatient,H2-PROV0017,DEPT015,12046,2023-03-10,2020-06-24
H2-ENC000141,HOSP009028,2021-09-11,Inpatient,H2-PROV0030,DEPT014,63043,2023-03-09,2024-03-30
H2-ENC000142,HOSP023956,2023-03-22,Telemedicine,H2-PROV0011,DEPT011,92091,2022-09-10,2022-05-05
H2-ENC000143,HOSP047396,2025-02-25,Telemedicine,H2-PROV0009,DEPT002,51293,2020-01-25,2021-07-07
H2-ENC000144,HOSP002043,2024-08-24,Inpatient,H2-PROV0013,DEPT016,25661,2026-08-01,2024-04-02
H2-ENC000145,HOSP043870,2020-06-14,Emergency,H2-PROV0007,DEPT009,73761,2020-02-01,2020-09-21
H2-ENC000146,HOSP044350,2025-07-25,Outpatient,H2-PROV0015,DEPT003,53233,2020-10-17,2026-04-06
H2-ENC000147,HOSP017899,2025-09-03,Inpatient,H2-PROV0022,DEPT007,13814,2021-10-23,2021-10-31
H2-ENC000148,HOSP044014,2024-03-19,Inpatient,H2-PROV0018,DEPT012,57931,2021-03-01,2020-04-12
H2-ENC000149,HOSP020767,2025-01-10,Telemedicine,H2-PROV0025,DEPT002,18696,2023-12-28,2025-10-14
H2-ENC000150,HOSP023363,2023-09-18,Emergency,H2-PROV0017,DEPT001,34845,2025-12-11,2021-09-22
H2-ENC000151,HOSP041401,2024-10-02,Telemedicine,H2-PROV0026,DEPT002,93323,2022-07-23,2025-01-07
H2-ENC000152,HOSP018833,2023-04-30,Routine Checkup,H2-PROV0017,DEPT009,14200,2021-01-16,2023-06-06
H2-ENC000153,HOSP000323,2025-07-08,Routine Checkup,H2-PROV0026,DEPT012,35241,2022-07-10,2023-01-25
H2-ENC000154,HOSP013399,2022-11-01,Telemedicine,H2-PROV0009,DEPT004,71691,2024-07-10,2023-09-01
H2-ENC000155,HOSP000978,2023-04-03,Outpatient,H2-PROV0022,DEPT016,14989,2021-03-07,2024-10-27
H2-ENC000156,HOSP045662,2022-01-22,Routine Checkup,H2-PROV0004,DEPT005,66028,2021-01-15,2025-10-17
H2-ENC000157,HOSP033492,2024-01-07,Outpatient,H2-PROV0016,DEPT013,46213,2026-04-26,2022-11-12
H2-ENC000158,HOSP038087,2025-09-17,Routine Checkup,H2-PROV0015,DEPT005,96789,2021-01-14,2022-06-22
H2-ENC000159,HOSP000691,2023-02-08,Emergency,H2-PROV0009,DEPT018,80121,2021-02-05,2020-09-20
H2-ENC000160,HOSP007093,2024-12-16,Telemedicine,H2-PROV0010,DEPT009,90316,2021-07-17,2024-03-18
H2-ENC000161,HOSP048618,2026-02-25,Emergency,H2-PROV0019,DEPT005,15254,2023-01-08,2026-04-21
H2-ENC000162,HOSP021786,2025-05-31,Routine Checkup,H2-PROV0025,DEPT002,21536,2026-03-11,2025-03-03
H2-ENC000163,HOSP029163,2022-02-22,Telemedicine,H2-PROV0013,DEPT006,99846,2023-01-02,2024-11-14
H2-ENC000164,HOSP002142,2020-06-01,Routine Checkup,H2-PROV0024,DEPT018,65343,2022-04-22,2025-06-13
H2-ENC000165,HOSP002895,2020-02-09,Emergency,H2-PROV0019,DEPT005,32900,2020-04-03,2021-10-22
H2-ENC000166,HOSP035488,2025-04-26,Emergency,H2-PROV0019,DEPT009,30619,2020-07-22,2023-07-30
H2-ENC000167,HOSP010749,2024-02-15,Emergency,H2-PROV0022,DEPT010,74043,2022-10-11,2025-04-02
H2-ENC000168,HOSP001943,2025-09-06,Emergency,H2-PROV0007,DEPT009,98690,2023-08-24,2026-03-08
H2-ENC000169,HOSP013147,2025-08-12,Emergency,H2-PROV0003,DEPT017,76394,2024-05-14,2022-07-25
H2-ENC000170,HOSP027428,2020-04-18,Inpatient,H2-PROV0007,DEPT001,41708,2021-01-23,2021-09-22
H2-ENC000171,HOSP023731,2021-02-05,Telemedicine,H2-PROV0010,DEPT016,73059,2023-12-24,2026-04-03
H2-ENC000172,HOSP016167,2023-03-23,Emergency,H2-PROV0014,DEPT009,75182,2020-02-11,2025-01-21
H2-ENC000173,HOSP029165,2022-07-15,Routine Checkup,H2-PROV0009,DEPT008,96903,2021-01-01,2022-04-29
H2-ENC000174,HOSP024146,2022-12-31,Emergency,H2-PROV0022,DEPT001,45549,2020-07-25,2023-05-03
H2-ENC000175,HOSP014727,2026-08-14,Emergency,H2-PROV0006,DEPT016,13974,2021-07-03,2026-07-28
H2-ENC000176,HOSP041368,2020-03-14,Routine Checkup,H2-PROV0010,DEPT018,63966,2025-04-18,2024-04-12
H2-ENC000177,HOSP045928,2024-12-08,Emergency,H2-PROV0005,DEPT016,91936,2022-11-13,2020-03-09
H2-ENC000178,HOSP034890,2021-10-19,Telemedicine,H2-PROV0009,DEPT004,39955,2024-09-10,2026-05-26
H2-ENC000179,HOSP026106,2025-05-30,Emergency,H2-PROV0008,DEPT015,82294,2024-04-16,2025-01-18
H2-ENC000180,HOSP026340,2024-05-07,Inpatient,H2-PROV0015,DEPT004,60877,2020-07-26,2025-09-09
H2-ENC000181,HOSP038084,2020-04-07,Routine Checkup,H2-PROV0005,DEPT016,80121,2021-10-16,2021-09-21
H2-ENC000182,HOSP028355,2025-01-07,Routine Checkup,H2-PROV0016,DEPT004,79250,2026-03-14,2026-07-02
H2-ENC000183,HOSP040795,2020-12-27,Telemedicine,H2-PROV0001,DEPT009,90481,2024-12-12,2024-05-15
H2-ENC000184,HOSP009728,2021-08-16,Routine Checkup,H2-PROV0013,DEPT015,64075,2023-11-08,2023-10-09
H2-ENC000185,HOSP027446,2021-10-28,Inpatient,H2-PROV0011,DEPT020,15572,2023-11-01,2020-06-30
H2-ENC000186,HOSP036539,2024-08-12,Inpatient,H2-PROV0018,DEPT011,65340,2026-02-01,2026-06-06
H2-ENC000187,HOSP031177,2022-01-14,Emergency,H2-PROV0014,DEPT003,68143,2025-07-11,2025-12-03
H2-ENC000188,HOSP041650,2021-06-06,Telemedicine,H2-PROV0007,DEPT017,93648,2026-05-09,2021-11-18
H2-ENC000189,HOSP007323,2024-10-10,Telemedicine,H2-PROV0005,DEPT011,63066,2026-06-21,2020-11-09
H2-ENC000190,HOSP048164,2023-01-06,Emergency,H2-PROV0014,DEPT017,41299,2023-11-19,2026-06-07
H2-ENC000191,HOSP022531,2020-04-01,Routine Checkup,H2-PROV0011,DEPT011,14064,2022-01-02,2023-05-18
H2-ENC000192,HOSP033289,2023-03-15,Routine Checkup,H2-PROV0021,DEPT011,78665,2024-07-28,2025-09-18
H2-ENC000193,HOSP042127,2026-03-12,Routine Checkup,H2-PROV0003,DEPT010,91726,2021-04-13,2026-01-31
H2-ENC000194,HOSP011414,2021-04-14,Emergency,H2-PROV0012,DEPT020,40219,2021-11-12,2026-06-23
H2-ENC000195,HOSP019215,2024-02-25,Telemedicine,H2-PROV0018,DEPT010,12166,2020-08-03,2020-07-21
H2-ENC000196,HOSP037606,2022-01-14,Routine Checkup,H2-PROV0004,DEPT003,29302,2024-07-09,2021-05-01
H2-ENC000197,HOSP036189,2023-04-16,Outpatient,H2-PROV0011,DEPT005,12280,2025-06-07,2024-06-09
H2-ENC000198,HOSP022818,2020-07-23,Emergency,H2-PROV0004,DEPT017,93015,2024-05-16,2022-12-05
H2-ENC000199,HOSP007746,2026-01-21,Inpatient,H2-PROV0024,DEPT009,84874,2025-02-23,2021-11-23
H2-ENC000200,HOSP017173,2026-02-03,Emergency,H2-PROV0026,DEPT011,85043,2020-08-25,2020-03-06
H2-ENC000201,HOSP044353,2022-05-13,Routine Checkup,H2-PROV0021,DEPT002,80695,2024-11-22,2025-03-10
H2-ENC000202,HOSP015334,2020-01-25,Routine Checkup,H2-PROV0027,DEPT015,66033,2021-08-25,2020-01-26
H2-ENC000203,HOSP040531,2020-09-24,Telemedicine,H2-PROV0016,DEPT018,40502,2024-09-18,2025-09-23
H2-ENC000204,HOSP004486,2020-03-11,Inpatient,H2-PROV0002,DEPT012,73686,2025-03-19,2026-06-18
H2-ENC000205,HOSP037415,2022-12-10,Routine Checkup,H2-PROV0025,DEPT006,76686,2026-02-12,2021-11-03
H2-ENC000206,HOSP019660,2023-08-15,Inpatient,H2-PROV0010,DEPT012,85710,2026-07-22,2020-02-17
H2-ENC000207,HOSP016939,2020-06-07,Routine Checkup,H2-PROV0007,DEPT015,76797,2020-11-23,2025-06-09
H2-ENC000208,HOSP022017,2020-01-11,Emergency,H2-PROV0020,DEPT005,98313,2020-01-04,2023-12-08
H2-ENC000209,HOSP014123,2020-03-31,Telemedicine,H2-PROV0018,DEPT004,25392,2026-09-15,2025-10-31
H2-ENC000210,HOSP034346,2025-07-28,Routine Checkup,H2-PROV0016,DEPT020,43247,2024-07-08,2020-05-25
H2-ENC000211,HOSP040491,2022-01-10,Emergency,H2-PROV0018,DEPT001,34439,2022-04-11,2021-05-28
H2-ENC000212,HOSP049583,2023-01-05,Inpatient,H2-PROV0002,DEPT020,43458,2023-04-07,2025-03-10
H2-ENC000213,HOSP047541,2020-07-20,Routine Checkup,H2-PROV0003,DEPT019,21297,2022-12-24,2025-02-24
H2-ENC000214,HOSP036098,2023-10-18,Inpatient,H2-PROV0006,DEPT018,68428,2021-11-24,2024-02-09
H2-ENC000215,HOSP045463,2025-05-13,Emergency,H2-PROV0010,DEPT007,20818,2023-07-07,2022-08-02
H2-ENC000216,HOSP004120,2023-01-13,Routine Checkup,H2-PROV0013,DEPT010,67423,2022-07-10,2021-03-04
H2-ENC000217,HOSP027687,2021-04-26,Emergency,H2-PROV0029,DEPT013,63043,2021-03-06,2023-08-14
H2-ENC000218,HOSP015824,2020-01-27,Routine Checkup,H2-PROV0021,DEPT004,14200,2025-03-01,2023-04-27
H2-ENC000219,HOSP002473,2025-01-21,Outpatient,H2-PROV0004,DEPT007,59546,2020-02-08,2023-11-19
H2-ENC000220,HOSP040058,2023-05-21,Emergency,H2-PROV0007,DEPT012,50401,2023-01-10,2026-08-27
H2-ENC000221,HOSP017528,2020-04-23,Inpatient,H2-PROV0002,DEPT003,20445,2021-01-02,2021-11-28
H2-ENC000222,HOSP039054,2021-11-22,Inpatient,H2-PROV0006,DEPT003,22628,2024-06-28,2024-09-16
H2-ENC000223,HOSP011699,2024-01-26,Routine Checkup,H2-PROV0013,DEPT002,97125,2023-01-26,2021-04-18
H2-ENC000224,HOSP030930,2021-04-20,Inpatient,H2-PROV0025,DEPT006,39592,2023-05-25,2024-12-06
H2-ENC000225,HOSP032542,2023-01-18,Telemedicine,H2-PROV0025,DEPT011,12930,2025-10-22,2026-07-13
H2-ENC000226,HOSP021781,2021-08-21,Routine Checkup,H2-PROV0013,DEPT003,67997,2025-01-10,2026-05-13
H2-ENC000227,HOSP029445,2026-04-09,Emergency,H2-PROV0025,DEPT010,72220,2024-01-05,2022-04-04
H2-ENC000228,HOSP020074,2025-03-30,Inpatient,H2-PROV0006,DEPT017,63341,2026-06-05,2022-03-03
H2-ENC000229,HOSP001227,2021-04-22,Inpatient,H2-PROV0029,DEPT008,16171,2025-06-17,2022-01-08
H2-ENC000230,HOSP023721,2022-09-15,Outpatient,H2-PROV0027,DEPT003,61123,2023-08-24,2020-11-15
H2-ENC000231,HOSP019884,2024-11-29,Routine Checkup,H2-PROV0027,DEPT015,26066,2024-02-01,2020-04-09
H2-ENC000232,HOSP030697,2023-09-19,Telemedicine,H2-PROV0019,DEPT007,59469,2022-11-30,2025-10-20
H2-ENC000233,HOSP024384,2024-05-29,Inpatient,H2-PROV0028,DEPT016,71302,2020-05-19,2025-08-06
H2-ENC000234,HOSP049237,2020-12-06,Inpatient,H2-PROV0029,DEPT006,61429,2023-05-29,2022-12-31
H2-ENC000235,HOSP049463,2023-07-14,Telemedicine,H2-PROV0001,DEPT005,45591,2020-11-22,2022-12-12
H2-ENC000236,HOSP020029,2021-05-28,Telemedicine,H2-PROV0008,DEPT009,30764,2026-02-25,2026-06-25
H2-ENC000237,HOSP007165,2025-03-10,Telemedicine,H2-PROV0014,DEPT002,17106,2024-12-29,2025-01-11
H2-ENC000238,HOSP034075,2020-03-21,Routine Checkup,H2-PROV0009,DEPT003,75802,2023-05-29,2022-05-20
H2-ENC000239,HOSP000715,2020-02-15,Routine Checkup,H2-PROV0014,DEPT014,45009,2025-03-24,2022-07-19
H2-ENC000240,HOSP029925,2022-08-29,Emergency,H2-PROV0010,DEPT017,30076,2024-07-04,2020-02-03
H2-ENC000241,HOSP043003,2022-06-04,Emergency,H2-PROV0016,DEPT020,67519,2021-11-20,2026-05-02
H2-ENC000242,HOSP044019,2021-07-03,Telemedicine,H2-PROV0020,DEPT012,54726,2020-08-16,2022-10-12
H2-ENC000243,HOSP034803,2023-09-30,Telemedicine,H2-PROV0015,DEPT019,16270,2023-10-28,2023-05-29
H2-ENC000244,HOSP039577,2025-05-03,Outpatient,H2-PROV0006,DEPT006,42192,2020-08-10,2024-03-08
H2-ENC000245,HOSP008551,2025-06-24,Outpatient,H2-PROV0018,DEPT014,14684,2026-03-30,2020-02-10
H2-ENC000246,HOSP019266,2021-12-20,Routine Checkup,H2-PROV0007,DEPT008,94218,2022-07-26,2024-11-23
H2-ENC000247,HOSP006987,2023-07-16,Outpatient,H2-PROV0001,DEPT016,90489,2021-08-25,2022-07-28
H2-ENC000248,HOSP006436,2026-04-04,Routine Checkup,H2-PROV0027,DEPT011,74624,2020-08-11,2024-05-24
H2-ENC000249,HOSP019917,2022-10-22,Inpatient,H2-PROV0024,DEPT007,46095,2023-10-31,2020-07-12
H2-ENC000250,HOSP004488,2021-07-13,Telemedicine,H2-PROV0006,DEPT003,30076,2022-05-10,2023-09-18
H2-ENC000251,HOSP031127,2022-11-17,Routine Checkup,H2-PROV0022,DEPT020,96827,2024-08-25,2026-02-24
H2-ENC000252,HOSP022980,2024-03-27,Emergency,H2-PROV0023,DEPT020,67239,2023-07-02,2023-07-27
H2-ENC000253,HOSP048730,2021-05-30,Emergency,H2-PROV0025,DEPT017,77235,2023-01-12,2022-01-29
H2-ENC000254,HOSP016668,2026-07-28,Routine Checkup,H2-PROV0027,DEPT012,33654,2021-04-09,2020-10-29
H2-ENC000255,HOSP036587,2024-01-03,Inpatient,H2-PROV0003,DEPT001,22212,2022-01-20,2023-12-29
H2-ENC000256,HOSP040613,2024-05-10,Emergency,H2-PROV0030,DEPT002,56599,2024-04-27,2021-11-01
H2-ENC000257,HOSP000855,2025-07-21,Emergency,H2-PROV0005,DEPT003,37641,2023-05-23,2020-02-27
H2-ENC000258,HOSP005552,2025-05-03,Inpatient,H2-PROV0017,DEPT003,47821,2024-01-10,2023-07-26
H2-ENC000259,HOSP045374,2020-06-08,Telemedicine,H2-PROV0023,DEPT005,63341,2020-03-14,2020-03-24
H2-ENC000260,HOSP021036,2022-09-26,Routine Checkup,H2-PROV0030,DEPT018,19096,2023-01-01,2026-09-26
H2-ENC000261,HOSP018716,2023-04-15,Telemedicine,H2-PROV0005,DEPT009,45549,2025-08-24,2021-09-10
H2-ENC000262,HOSP010467,2026-06-18,Inpatient,H2-PROV0004,DEPT013,47378,2024-01-06,2022-03-03
H2-ENC000263,HOSP038087,2024-11-27,Inpatient,H2-PROV0018,DEPT014,79425,2022-02-17,2020-09-26
H2-ENC000264,HOSP002851,2024-05-19,Emergency,H2-PROV0013,DEPT008,81608,2021-09-11,2023-06-04
H2-ENC000265,HOSP001742,2020-01-31,Emergency,H2-PROV0023,DEPT011,87180,2024-12-15,2020-11-30
H2-ENC000266,HOSP020356,2023-03-01,Telemedicine,H2-PROV0009,DEPT016,58651,2021-11-10,2024-12-03
H2-ENC000267,HOSP017129,2025-10-29,Inpatient,H2-PROV0030,DEPT011,39277,2024-12-31,2023-08-10
H2-ENC000268,HOSP008020,2025-12-21,Outpatient,H2-PROV0023,DEPT009,21397,2024-03-04,2022-06-07
H2-ENC000269,HOSP044846,2023-06-26,Routine Checkup,H2-PROV0007,DEPT013,16189,2020-10-13,2022-06-27
H2-ENC000270,HOSP012515,2022-01-18,Emergency,H2-PROV0009,DEPT009,58375,2024-09-15,2022-01-02
H2-ENC000271,HOSP001375,2025-01-13,Outpatient,H2-PROV0007,DEPT002,38566,2021-06-15,2023-03-12
H2-ENC000272,HOSP027677,2023-09-29,Inpatient,H2-PROV0018,DEPT015,85865,2025-05-08,2025-08-07
H2-ENC000273,HOSP021790,2022-03-02,Outpatient,H2-PROV0009,DEPT010,52359,2020-11-19,2026-06-23
H2-ENC000274,HOSP025033,2020-03-24,Inpatient,H2-PROV0030,DEPT008,23047,2024-05-05,2024-03-08
H2-ENC000275,HOSP012488,2023-07-03,Routine Checkup,H2-PROV0006,DEPT008,42200,2023-03-13,2026-06-14
H2-ENC000276,HOSP023157,2025-03-21,Telemedicine,H2-PROV0001,DEPT005,81015,2026-02-07,2023-08-15
H2-ENC000277,HOSP046230,2025-01-18,Telemedicine,H2-PROV0030,DEPT002,69344,2026-08-17,2022-06-17
H2-ENC000278,HOSP044599,2026-08-04,Outpatient,H2-PROV0023,DEPT018,27385,2023-11-09,2020-05-14
H2-ENC000279,HOSP014132,2026-04-02,Inpatient,H2-PROV0011,DEPT010,11095,2023-12-27,2022-10-27
H2-ENC000280,HOSP026607,2020-03-17,Emergency,H2-PROV0028,DEPT003,54731,2021-06-13,2025-07-28
H2-ENC000281,HOSP046068,2023-01-09,Emergency,H2-PROV0003,DEPT001,89688,2020-03-01,2024-08-17
H2-ENC000282,HOSP006189,2022-07-22,Routine Checkup,H2-PROV0027,DEPT012,12166,2026-09-13,2022-11-27
H2-ENC000283,HOSP010616,2022-02-07,Routine Checkup,H2-PROV0024,DEPT005,51053,2023-11-08,2023-05-20
H2-ENC000284,HOSP045424,2026-04-14,Emergency,H2-PROV0028,DEPT019,23150,2024-02-14,2024-10-05
H2-ENC000285,HOSP044273,2021-03-30,Emergency,H2-PROV0013,DEPT010,79683,2022-07-09,2020-01-14
H2-ENC000286,HOSP032607,2021-05-27,Telemedicine,H2-PROV0022,DEPT020,60573,2026-09-10,2020-08-22
H2-ENC000287,HOSP000568,2025-01-07,Telemedicine,H2-PROV0023,DEPT017,80253,2021-08-13,2023-10-18
H2-ENC000288,HOSP036658,2024-01-15,Inpatient,H2-PROV0011,DEPT006,34434,2023-09-24,2025-10-09
H2-ENC000289,HOSP024546,2022-03-31,Outpatient,H2-PROV0027,DEPT011,90481,2025-06-02,2021-01-09
H2-ENC000290,HOSP024647,2020-08-05,Routine Checkup,H2-PROV0003,DEPT007,44321,2026-06-27,2022-12-03
H2-ENC000291,HOSP046810,2021-08-15,Telemedicine,H2-PROV0015,DEPT014,79298,2021-05-02,2024-06-25
H2-ENC000292,HOSP046950,2023-12-28,Telemedicine,H2-PROV0025,DEPT015,62990,2020-07-15,2026-03-24
H2-ENC000293,HOSP027280,2024-11-08,Emergency,H2-PROV0010,DEPT018,89360,2022-09-21,2020-12-27
H2-ENC000294,HOSP048117,2025-04-18,Telemedicine,H2-PROV0006,DEPT018,37015,2024-11-08,2023-09-04
H2-ENC000295,HOSP035804,2024-08-02,Routine Checkup,H2-PROV0029,DEPT004,74043,2025-03-11,2024-05-20
H2-ENC000296,HOSP040642,2026-03-07,Emergency,H2-PROV0024,DEPT017,91391,2025-11-30,2024-09-26
H2-ENC000297,HOSP011534,2023-03-26,Outpatient,H2-PROV0021,DEPT016,90405,2021-10-07,2024-12-25
H2-ENC000298,HOSP009944,2023-06-04,Outpatient,H2-PROV0008,DEPT007,12273,2020-01-09,2025-03-11
H2-ENC000299,HOSP043426,2023-05-15,Emergency,H2-PROV0009,DEPT011,48917,2023-12-03,2022-07-22
H2-ENC000300,HOSP003483,2023-06-08,Outpatient,H2-PROV0016,DEPT010,30149,2022-07-12,2026-01-27
H2-ENC000301,HOSP025620,2024-02-06,Emergency,H2-PROV0029,DEPT009,35957,2023-03-26,2020-01-14
H2-ENC000302,HOSP005460,2023-02-02,Emergency,H2-PROV0023,DEPT002,24383,2026-08-02,2026-04-02
H2-ENC000303,HOSP038117,2026-04-23,Routine Checkup,H2-PROV0019,DEPT007,92506,2026-08-12,2023-09-12
H2-ENC000304,HOSP028125,2024-06-14,Telemedicine,H2-PROV0013,DEPT006,39256,2024-10-22,2022-03-15
H2-ENC000305,HOSP025978,2023-02-04,Outpatient,H2-PROV0007,DEPT004,93755,2025-04-23,2023-01-14
H2-ENC000306,HOSP010678,2026-03-29,Emergency,H2-PROV0020,DEPT003,68587,2020-04-22,2026-03-29
H2-ENC000307,HOSP024865,2022-06-10,Outpatient,H2-PROV0015,DEPT008,42716,2022-02-16,2021-06-02
H2-ENC000308,HOSP035300,2023-02-18,Emergency,H2-PROV0010,DEPT017,22912,2023-12-09,2021-07-14
H2-ENC000309,HOSP008462,2021-07-18,Outpatient,H2-PROV0011,DEPT005,81495,2026-02-24,2023-01-28
H2-ENC000310,HOSP024744,2024-01-05,Inpatient,H2-PROV0008,DEPT012,56397,2022-04-04,2025-03-24
H2-ENC000311,HOSP014231,2023-03-07,Routine Checkup,H2-PROV0019,DEPT008,61123,2022-10-02,2025-01-10
H2-ENC000312,HOSP027116,2022-06-02,Routine Checkup,H2-PROV0027,DEPT006,72068,2022-05-29,2022-10-24
H2-ENC000313,HOSP019335,2026-05-31,Outpatient,H2-PROV0011,DEPT005,74701,2025-01-19,2025-02-28
H2-ENC000314,HOSP015534,2020-06-01,Inpatient,H2-PROV0028,DEPT007,39277,2022-11-26,2025-06-05
H2-ENC000315,HOSP003354,2020-08-30,Routine Checkup,H2-PROV0016,DEPT014,62815,2022-10-05,2025-11-28
H2-ENC000316,HOSP037080,2024-07-20,Emergency,H2-PROV0023,DEPT001,27385,2025-08-28,2021-06-13
H2-ENC000317,HOSP027109,2025-12-17,Telemedicine,H2-PROV0009,DEPT010,27726,2021-04-12,2025-11-11
H2-ENC000318,HOSP029084,2020-09-21,Telemedicine,H2-PROV0001,DEPT013,72404,2022-08-08,2025-07-30
H2-ENC000319,HOSP030612,2025-05-29,Routine Checkup,H2-PROV0004,DEPT013,28294,2022-03-12,2022-01-01
H2-ENC000320,HOSP037619,2023-12-12,Emergency,H2-PROV0027,DEPT014,95960,2022-01-27,2021-04-21
H2-ENC000321,HOSP048541,2024-07-18,Inpatient,H2-PROV0009,DEPT012,53320,2022-12-30,2021-07-16
H2-ENC000322,HOSP006496,2023-06-23,Telemedicine,H2-PROV0023,DEPT001,70928,2024-08-23,2021-01-05
H2-ENC000323,HOSP035944,2026-04-03,Inpatient,H2-PROV0008,DEPT018,25350,2025-03-08,2021-11-30
H2-ENC000324,HOSP009984,2026-04-16,Routine Checkup,H2-PROV0014,DEPT010,43706,2021-06-25,2024-09-03
H2-ENC000325,HOSP033789,2020-02-22,Telemedicine,H2-PROV0018,DEPT018,79992,2026-07-30,2023-09-21
H2-ENC000326,HOSP005947,2024-11-26,Emergency,H2-PROV0001,DEPT007,45073,2025-12-25,2025-05-11
H2-ENC000327,HOSP009845,2026-07-19,Routine Checkup,H2-PROV0020,DEPT015,81979,2025-09-09,2024-07-26
H2-ENC000328,HOSP027921,2020-05-29,Inpatient,H2-PROV0030,DEPT005,11771,2026-04-27,2022-11-06
H2-ENC000329,HOSP039586,2025-03-27,Outpatient,H2-PROV0006,DEPT008,21397,2020-01-19,2023-07-21
H2-ENC000330,HOSP033719,2023-08-24,Telemedicine,H2-PROV0006,DEPT010,91936,2020-05-22,2022-02-09
H2-ENC000331,HOSP019836,2020-10-25,Outpatient,H2-PROV0006,DEPT011,80121,2026-06-17,2025-08-02
H2-ENC000332,HOSP012008,2025-04-04,Outpatient,H2-PROV0005,DEPT019,85655,2024-01-13,2021-06-21
H2-ENC000333,HOSP036917,2023-10-13,Outpatient,H2-PROV0019,DEPT010,13974,2023-05-08,2024-10-16
H2-ENC000334,HOSP004798,2025-08-17,Inpatient,H2-PROV0028,DEPT016,58086,2026-05-20,2022-05-17
H2-ENC000335,HOSP043878,2022-10-08,Emergency,H2-PROV0014,DEPT009,67844,2021-01-29,2020-06-04
H2-ENC000336,HOSP047760,2024-10-08,Inpatient,H2-PROV0006,DEPT020,24028,2024-01-20,2021-07-23
H2-ENC000337,HOSP007573,2020-01-31,Routine Checkup,H2-PROV0003,DEPT005,96643,2020-10-15,2021-11-26
H2-ENC000338,HOSP004216,2022-12-31,Inpatient,H2-PROV0002,DEPT014,80648,2023-05-16,2020-01-06
H2-ENC000339,HOSP018573,2026-07-22,Routine Checkup,H2-PROV0012,DEPT003,28166,2022-06-09,2021-12-11
H2-ENC000340,HOSP010130,2023-11-04,Emergency,H2-PROV0014,DEPT003,85865,2026-10-04,2020-05-20
H2-ENC000341,HOSP006988,2022-08-31,Emergency,H2-PROV0002,DEPT011,23150,2025-11-27,2023-03-22
H2-ENC000342,HOSP027820,2025-06-03,Inpatient,H2-PROV0020,DEPT012,24279,2024-12-21,2024-12-05
H2-ENC000343,HOSP006958,2023-07-31,Inpatient,H2-PROV0026,DEPT019,71302,2026-01-19,2023-01-29
H2-ENC000344,HOSP035913,2021-02-28,Emergency,H2-PROV0024,DEPT006,80998,2026-09-08,2020-08-12
H2-ENC000345,HOSP017179,2024-03-03,Outpatient,H2-PROV0018,DEPT004,60811,2026-03-18,2021-12-11
H2-ENC000346,HOSP013715,2024-07-06,Routine Checkup,H2-PROV0003,DEPT008,96629,2025-01-27,2024-12-15
H2-ENC000347,HOSP046138,2024-07-20,Routine Checkup,H2-PROV0029,DEPT009,37641,2023-04-01,2023-04-06
H2-ENC000348,HOSP031625,2022-07-29,Emergency,H2-PROV0008,DEPT019,84517,2025-12-17,2025-12-07
H2-ENC000349,HOSP021945,2020-11-24,Emergency,H2-PROV0016,DEPT008,88891,2024-11-01,2023-02-20
H2-ENC000350,HOSP009121,2022-01-24,Routine Checkup,H2-PROV0024,DEPT006,43570,2024-09-29,2021-07-25
H2-ENC000351,HOSP004207,2022-05-18,Inpatient,H2-PROV0009,DEPT017,97202,2025-08-29,2026-09-14
H2-ENC000352,HOSP003602,2020-02-05,Routine Checkup,H2-PROV0013,DEPT019,30265,2023-06-22,2022-04-20
H2-ENC000353,HOSP006812,2024-02-03,Emergency,H2-PROV0005,DEPT016,48203,2026-02-28,2024-03-09
H2-ENC000354,HOSP021578,2021-04-05,Emergency,H2-PROV0024,DEPT013,43222,2025-01-21,2021-05-14
H2-ENC000355,HOSP006723,2024-10-17,Inpatient,H2-PROV0009,DEPT019,49171,2020-02-27,2025-01-31
H2-ENC000356,HOSP004024,2025-02-24,Routine Checkup,H2-PROV0007,DEPT017,93733,2021-11-29,2024-03-29
H2-ENC000357,HOSP041514,2026-03-11,Routine Checkup,H2-PROV0026,DEPT014,64287,2026-04-27,2020-08-15
H2-ENC000358,HOSP000869,2025-06-01,Emergency,H2-PROV0015,DEPT020,46814,2020-10-19,2025-01-21
H2-ENC000359,HOSP025649,2025-05-01,Inpatient,H2-PROV0004,DEPT016,61976,2021-08-15,2020-08-27
H2-ENC000360,HOSP028697,2024-04-16,Outpatient,H2-PROV0026,DEPT016,45115,2022-11-02,2025-02-11
H2-ENC000361,HOSP038137,2023-03-05,Routine Checkup,H2-PROV0026,DEPT018,60196,2021-10-02,2022-05-27
H2-ENC000362,HOSP023128,2023-10-11,Inpatient,H2-PROV0028,DEPT015,29273,2020-01-28,2026-01-19
H2-ENC000363,HOSP039260,2024-07-08,Emergency,H2-PROV0030,DEPT007,37486,2025-04-29,2024-07-09
H2-ENC000364,HOSP035250,2020-11-11,Outpatient,H2-PROV0021,DEPT011,37015,2020-05-24,2023-02-05
H2-ENC000365,HOSP004823,2025-03-12,Outpatient,H2-PROV0010,DEPT015,55369,2023-07-26,2022-07-17
H2-ENC000366,HOSP018466,2022-11-19,Telemedicine,H2-PROV0030,DEPT005,53056,2025-04-24,2021-03-19
H2-ENC000367,HOSP044603,2022-10-13,Inpatient,H2-PROV0022,DEPT009,42405,2025-05-15,2020-09-28
H2-ENC000368,HOSP033701,2026-04-18,Outpatient,H2-PROV0018,DEPT006,40219,2024-01-04,2022-01-25
H2-ENC000369,HOSP032346,2023-12-04,Emergency,H2-PROV0003,DEPT002,15076,2023-10-20,2026-09-05
H2-ENC000370,HOSP044140,2024-07-28,Outpatient,H2-PROV0021,DEPT019,55284,2024-02-28,2024-05-07
H2-ENC000371,HOSP012093,2026-03-19,Outpatient,H2-PROV0018,DEPT017,15620,2025-11-06,2020-10-11
H2-ENC000372,HOSP023184,2022-03-16,Telemedicine,H2-PROV0008,DEPT006,77671,2026-05-03,2021-11-08
H2-ENC000373,HOSP017984,2022-01-03,Emergency,H2-PROV0017,DEPT009,11029,2020-12-16,2021-07-30
H2-ENC000374,HOSP009663,2024-01-24,Outpatient,H2-PROV0003,DEPT014,72220,2020-08-30,2026-08-29
H2-ENC000375,HOSP011854,2025-10-11,Inpatient,H2-PROV0018,DEPT019,15764,2022-10-19,2020-08-01
H2-ENC000376,HOSP011338,2024-03-15,Inpatient,H2-PROV0009,DEPT002,90838,2025-11-17,2026-07-22
H2-ENC000377,HOSP031977,2023-05-07,Outpatient,H2-PROV0024,DEPT016,43756,2026-08-11,2022-09-10
H2-ENC000378,HOSP001572,2026-07-16,Outpatient,H2-PROV0026,DEPT004,72220,2024-05-02,2023-10-24
H2-ENC000379,HOSP042466,2023-10-07,Inpatient,H2-PROV0022,DEPT001,18657,2020-08-27,2024-10-30
H2-ENC000380,HOSP021980,2020-12-28,Emergency,H2-PROV0020,DEPT006,82323,2023-05-13,2026-03-21
H2-ENC000381,HOSP024169,2022-09-17,Telemedicine,H2-PROV0016,DEPT015,20483,2026-06-04,2026-04-08
H2-ENC000382,HOSP024841,2024-11-15,Inpatient,H2-PROV0023,DEPT012,95960,2024-11-11,2025-04-12
H2-ENC000383,HOSP047207,2024-08-01,Telemedicine,H2-PROV0016,DEPT009,27647,2022-11-13,2021-11-03
H2-ENC000384,HOSP042405,2021-02-23,Emergency,H2-PROV0010,DEPT019,38609,2026-01-03,2021-09-29
H2-ENC000385,HOSP038206,2021-04-03,Inpatient,H2-PROV0011,DEPT001,33580,2020-04-15,2026-03-02
H2-ENC000386,HOSP041630,2024-04-22,Telemedicine,H2-PROV0015,DEPT020,22079,2020-05-24,2025-01-16
H2-ENC000387,HOSP036412,2020-06-02,Inpatient,H2-PROV0010,DEPT010,42200,2025-10-22,2023-04-17
H2-ENC000388,HOSP013591,2022-07-19,Telemedicine,H2-PROV0015,DEPT001,95960,2024-02-14,2020-11-16
H2-ENC000389,HOSP003942,2020-12-16,Inpatient,H2-PROV0020,DEPT016,72068,2024-07-25,2024-04-28
H2-ENC000390,HOSP002613,2024-12-11,Telemedicine,H2-PROV0003,DEPT002,70702,2023-05-21,2021-05-19
H2-ENC000391,HOSP038844,2022-09-09,Emergency,H2-PROV0014,DEPT013,71051,2020-12-05,2024-04-11
H2-ENC000392,HOSP040577,2024-07-15,Emergency,H2-PROV0022,DEPT019,11052,2022-10-14,2021-05-09
H2-ENC000393,HOSP019076,2020-09-03,Routine Checkup,H2-PROV0003,DEPT019,46719,2020-12-27,2025-02-13
H2-ENC000394,HOSP029327,2021-04-24,Routine Checkup,H2-PROV0002,DEPT003,89421,2020-10-20,2020-04-23
H2-ENC000395,HOSP034512,2022-04-26,Inpatient,H2-PROV0011,DEPT019,99752,2024-06-05,2025-01-10
H2-ENC000396,HOSP022321,2020-08-27,Inpatient,H2-PROV0004,DEPT016,90771,2024-01-10,2021-07-01
H2-ENC000397,HOSP014276,2021-01-15,Telemedicine,H2-PROV0021,DEPT006,62815,2021-08-06,2024-03-29
H2-ENC000398,HOSP027988,2023-11-07,Telemedicine,H2-PROV0004,DEPT013,47288,2020-01-21,2025-11-16
H2-ENC000399,HOSP036258,2026-07-10,Inpatient,H2-PROV0009,DEPT003,73598,2025-09-19,2020-05-23
H2-ENC000400,HOSP003256,2024-08-07,Routine Checkup,H2-PROV0003,DEPT004,51947,2025-05-03,2021-03-22
H2-ENC000401,HOSP007140,2020-05-08,Outpatient,H2-PROV0019,DEPT014,88972,2020-05-28,2022-05-17
H2-ENC000402,HOSP025862,2022-06-23,Emergency,H2-PROV0028,DEPT019,84051,2021-11-13,2025-09-13
H2-ENC000403,HOSP038509,2024-08-16,Inpatient,H2-PROV0028,DEPT008,27204,2024-07-01,2022-08-27
H2-ENC000404,HOSP039757,2020-05-13,Outpatient,H2-PROV0029,DEPT011,14200,2025-03-21,2024-12-25
H2-ENC000405,HOSP014100,2023-01-20,Inpatient,H2-PROV0021,DEPT019,90481,2023-11-24,2024-12-17
H2-ENC000406,HOSP008087,2020-03-27,Outpatient,H2-PROV0025,DEPT008,22064,2024-02-02,2026-08-22
H2-ENC000407,HOSP021497,2026-03-28,Inpatient,H2-PROV0026,DEPT007,35971,2022-07-23,2025-10-06
H2-ENC000408,HOSP049884,2025-02-08,Outpatient,H2-PROV0019,DEPT006,19290,2024-03-16,2024-09-30
H2-ENC000409,HOSP000380,2023-07-20,Telemedicine,H2-PROV0025,DEPT013,40502,2026-03-10,2020-01-26
H2-ENC000410,HOSP049759,2026-03-12,Inpatient,H2-PROV0023,DEPT007,97506,2021-05-04,2023-10-05
H2-ENC000411,HOSP000036,2024-02-22,Outpatient,H2-PROV0001,DEPT005,97079,2022-12-12,2025-11-09
H2-ENC000412,HOSP039623,2026-03-24,Emergency,H2-PROV0023,DEPT019,20445,2026-06-15,2025-06-19
H2-ENC000413,HOSP020367,2026-01-14,Outpatient,H2-PROV0005,DEPT001,79266,2022-08-15,2021-02-14
H2-ENC000414,HOSP031921,2023-07-22,Routine Checkup,H2-PROV0002,DEPT010,43631,2021-02-18,2026-08-27
H2-ENC000415,HOSP023712,2026-05-02,Outpatient,H2-PROV0012,DEPT017,35094,2020-03-29,2025-05-18
H2-ENC000416,HOSP038728,2022-01-30,Routine Checkup,H2-PROV0017,DEPT016,28115,2022-01-19,2022-01-25
H2-ENC000417,HOSP029382,2020-08-12,Outpatient,H2-PROV0013,DEPT013,92506,2023-01-13,2023-11-20
H2-ENC000418,HOSP028517,2026-03-27,Routine Checkup,H2-PROV0026,DEPT011,16146,2020-11-12,2022-06-02
H2-ENC000419,HOSP000814,2020-04-25,Outpatient,H2-PROV0004,DEPT011,13974,2024-01-12,2024-10-02
H2-ENC000420,HOSP000161,2026-01-18,Routine Checkup,H2-PROV0021,DEPT001,87560,2026-01-07,2023-10-30
H2-ENC000421,HOSP007074,2026-02-19,Outpatient,H2-PROV0022,DEPT017,30619,2022-12-27,2026-07-09
H2-ENC000422,HOSP037521,2025-12-03,Inpatient,H2-PROV0010,DEPT016,57849,2020-05-17,2020-01-25
H2-ENC000423,HOSP031539,2025-03-12,Emergency,H2-PROV0016,DEPT019,52359,2024-07-20,2025-04-24
H2-ENC000424,HOSP013177,2022-09-07,Telemedicine,H2-PROV0003,DEPT008,20445,2026-01-28,2021-07-26
H2-ENC000425,HOSP029825,2021-02-15,Outpatient,H2-PROV0004,DEPT007,63177,2024-10-19,2025-06-11
H2-ENC000426,HOSP009521,2021-05-11,Outpatient,H2-PROV0019,DEPT015,37785,2021-12-19,2026-08-14
H2-ENC000427,HOSP010693,2020-03-12,Inpatient,H2-PROV0027,DEPT020,88891,2026-08-31,2025-02-20
H2-ENC000428,HOSP004892,2023-06-02,Telemedicine,H2-PROV0009,DEPT010,59727,2025-01-14,2025-02-12
H2-ENC000429,HOSP034429,2020-09-06,Telemedicine,H2-PROV0017,DEPT016,56624,2023-12-19,2024-04-25
H2-ENC000430,HOSP019177,2024-09-03,Outpatient,H2-PROV0028,DEPT015,97033,2026-09-17,2021-01-04
H2-ENC000431,HOSP016932,2020-03-23,Inpatient,H2-PROV0029,DEPT016,99841,2025-03-14,2023-09-14
H2-ENC000432,HOSP048820,2020-08-13,Emergency,H2-PROV0029,DEPT017,56071,2022-07-22,2022-12-18
H2-ENC000433,HOSP037447,2025-07-11,Routine Checkup,H2-PROV0022,DEPT005,88824,2021-05-30,2023-08-05
H2-ENC000434,HOSP016997,2022-04-26,Routine Checkup,H2-PROV0011,DEPT007,75794,2026-07-08,2023-01-20
H2-ENC000435,HOSP016878,2022-01-31,Inpatient,H2-PROV0011,DEPT014,92708,2022-07-02,2022-10-30
H2-ENC000436,HOSP035783,2021-01-24,Emergency,H2-PROV0026,DEPT001,21258,2023-12-21,2021-01-21
H2-ENC000437,HOSP017640,2023-02-06,Outpatient,H2-PROV0015,DEPT003,19132,2024-05-15,2025-03-18
H2-ENC000438,HOSP048896,2025-08-13,Outpatient,H2-PROV0004,DEPT018,88969,2022-07-19,2023-02-11
H2-ENC000439,HOSP033335,2024-03-19,Routine Checkup,H2-PROV0029,DEPT012,17639,2024-08-29,2020-05-03
H2-ENC000440,HOSP044747,2024-09-04,Routine Checkup,H2-PROV0030,DEPT018,43287,2023-02-16,2024-01-13
H2-ENC000441,HOSP018478,2022-10-06,Inpatient,H2-PROV0009,DEPT014,47378,2020-05-18,2021-10-28
H2-ENC000442,HOSP024853,2024-07-31,Inpatient,H2-PROV0026,DEPT007,32873,2023-03-02,2020-07-04
H2-ENC000443,HOSP005136,2024-11-25,Routine Checkup,H2-PROV0020,DEPT001,75794,2022-08-13,2024-05-27
H2-ENC000444,HOSP004152,2021-05-19,Emergency,H2-PROV0001,DEPT014,90489,2022-02-22,2025-01-11
H2-ENC000445,HOSP044304,2025-07-14,Routine Checkup,H2-PROV0008,DEPT013,82062,2020-03-07,2026-09-25
H2-ENC000446,HOSP035902,2021-07-21,Outpatient,H2-PROV0018,DEPT015,98646,2025-10-04,2026-08-27
H2-ENC000447,HOSP016805,2023-02-21,Emergency,H2-PROV0017,DEPT020,43287,2025-06-02,2022-12-21
H2-ENC000448,HOSP048180,2022-04-03,Emergency,H2-PROV0016,DEPT004,66028,2026-08-06,2025-10-07
H2-ENC000449,HOSP014062,2024-12-25,Emergency,H2-PROV0009,DEPT002,49978,2022-11-18,2026-07-28
H2-ENC000450,HOSP010638,2022-06-02,Inpatient,H2-PROV0028,DEPT015,17352,2023-12-06,2026-05-05
H2-ENC000451,HOSP035932,2025-10-28,Routine Checkup,H2-PROV0030,DEPT005,89688,2024-05-05,2024-11-15
H2-ENC000452,HOSP033700,2025-10-20,Telemedicine,H2-PROV0011,DEPT012,46677,2025-01-12,2020-03-12
H2-ENC000453,HOSP013969,2024-03-20,Routine Checkup,H2-PROV0013,DEPT020,53879,2023-01-30,2025-09-18
H2-ENC000454,HOSP034451,2026-07-04,Telemedicine,H2-PROV0023,DEPT011,89746,2021-04-24,2021-05-07
H2-ENC000455,HOSP015671,2023-08-05,Emergency,H2-PROV0005,DEPT018,93175,2025-09-20,2026-06-09
H2-ENC000456,HOSP035830,2021-02-14,Routine Checkup,H2-PROV0016,DEPT006,91235,2024-10-24,2022-10-04
H2-ENC000457,HOSP038051,2026-07-08,Inpatient,H2-PROV0030,DEPT019,15820,2023-08-28,2020-08-19
H2-ENC000458,HOSP036492,2026-09-26,Inpatient,H2-PROV0002,DEPT009,11771,2022-08-05,2025-04-12
H2-ENC000459,HOSP042706,2024-08-24,Telemedicine,H2-PROV0009,DEPT014,20132,2022-03-13,2020-10-24
H2-ENC000460,HOSP036752,2020-09-28,Outpatient,H2-PROV0029,DEPT019,60608,2021-03-17,2023-07-04
H2-ENC000461,HOSP028578,2025-10-20,Emergency,H2-PROV0022,DEPT004,20761,2020-03-30,2023-12-25
H2-ENC000462,HOSP005630,2026-04-26,Telemedicine,H2-PROV0008,DEPT017,12415,2020-04-12,2021-10-08
H2-ENC000463,HOSP033102,2020-11-02,Outpatient,H2-PROV0002,DEPT005,83372,2025-03-30,2025-04-07
H2-ENC000464,HOSP049431,2022-09-14,Inpatient,H2-PROV0001,DEPT015,60071,2025-04-23,2021-01-31
H2-ENC000465,HOSP008822,2024-04-07,Telemedicine,H2-PROV0014,DEPT012,93079,2020-12-25,2021-06-13
H2-ENC000466,HOSP032520,2022-11-26,Telemedicine,H2-PROV0019,DEPT006,58651,2023-10-25,2024-08-09
H2-ENC000467,HOSP038027,2021-04-17,Emergency,H2-PROV0018,DEPT005,59003,2024-07-22,2024-11-13
H2-ENC000468,HOSP010746,2022-08-03,Emergency,H2-PROV0026,DEPT020,93323,2023-09-27,2024-12-07
H2-ENC000469,HOSP034827,2021-03-16,Emergency,H2-PROV0026,DEPT006,34151,2021-10-05,2024-12-14
H2-ENC000470,HOSP036419,2025-10-11,Telemedicine,H2-PROV0006,DEPT012,98486,2024-01-01,2024-07-29
H2-ENC000471,HOSP003007,2023-07-15,Telemedicine,H2-PROV0009,DEPT018,76908,2022-06-27,2020-10-25
H2-ENC000472,HOSP042629,2022-06-22,Inpatient,H2-PROV0008,DEPT009,80998,2026-09-21,2022-06-04
H2-ENC000473,HOSP019156,2023-05-28,Routine Checkup,H2-PROV0024,DEPT015,75310,2020-04-28,2020-06-02
H2-ENC000474,HOSP038665,2022-04-09,Emergency,H2-PROV0002,DEPT002,99799,2020-09-09,2022-12-09
H2-ENC000475,HOSP034683,2020-12-07,Routine Checkup,H2-PROV0008,DEPT015,18696,2022-06-07,2021-03-10
H2-ENC000476,HOSP047321,2021-07-02,Emergency,H2-PROV0019,DEPT015,50462,2024-05-01,2024-04-25
H2-ENC000477,HOSP046715,2021-02-24,Inpatient,H2-PROV0026,DEPT015,26599,2025-12-26,2022-08-09
H2-ENC000478,HOSP040929,2026-02-15,Routine Checkup,H2-PROV0005,DEPT010,20203,2024-07-24,2020-08-11
H2-ENC000479,HOSP023139,2023-09-22,Routine Checkup,H2-PROV0027,DEPT002,26754,2022-02-05,2020-06-21
H2-ENC000480,HOSP032064,2026-04-18,Emergency,H2-PROV0008,DEPT018,15787,2025-08-09,2025-02-07
H2-ENC000481,HOSP005088,2024-09-16,Outpatient,H2-PROV0021,DEPT012,19587,2023-03-29,2021-11-23
H2-ENC000482,HOSP048650,2020-05-21,Telemedicine,H2-PROV0007,DEPT010,91726,2020-12-31,2021-10-28
H2-ENC000483,HOSP001386,2023-03-26,Telemedicine,H2-PROV0004,DEPT013,91329,2021-03-08,2026-07-01
H2-ENC000484,HOSP014547,2025-07-23,Inpatient,H2-PROV0003,DEPT020,67522,2022-06-22,2024-02-26
H2-ENC000485,HOSP020201,2025-03-04,Inpatient,H2-PROV0027,DEPT020,25392,2024-04-06,2024-05-17
H2-ENC000486,HOSP042480,2025-08-13,Routine Checkup,H2-PROV0013,DEPT015,13705,2022-05-23,2021-12-03
H2-ENC000487,HOSP034916,2021-10-19,Emergency,H2-PROV0027,DEPT004,75884,2023-12-06,2023-05-15
H2-ENC000488,HOSP034959,2021-03-10,Emergency,H2-PROV0012,DEPT016,62807,2022-01-31,2026-09-07
H2-ENC000489,HOSP008398,2020-01-08,Routine Checkup,H2-PROV0008,DEPT006,40137,2024-05-17,2024-09-17
H2-ENC000490,HOSP029421,2025-11-20,Emergency,H2-PROV0030,DEPT013,62990,2025-06-13,2025-08-30
H2-ENC000491,HOSP042850,2026-06-17,Inpatient,H2-PROV0001,DEPT018,14684,2022-02-19,2022-06-27
H2-ENC000492,HOSP013489,2022-12-07,Routine Checkup,H2-PROV0014,DEPT001,20445,2026-07-19,2024-07-09
H2-ENC000493,HOSP041846,2026-06-08,Routine Checkup,H2-PROV0014,DEPT010,63423,2025-06-05,2023-01-11
H2-ENC000494,HOSP027581,2021-02-09,Emergency,H2-PROV0021,DEPT017,54867,2024-06-16,2026-08-08
H2-ENC000495,HOSP000401,2024-09-22,Inpatient,H2-PROV0028,DEPT011,23815,2021-11-16,2022-09-23
H2-ENC000496,HOSP040418,2021-10-15,Outpatient,H2-PROV0018,DEPT008,32615,2021-01-09,2026-05-26
H2-ENC000497,HOSP027645,2023-12-06,Outpatient,H2-PROV0009,DEPT004,76394,2022-10-16,2026-02-03
H2-ENC000498,HOSP023021,2025-11-24,Routine Checkup,H2-PROV0017,DEPT010,60573,2025-08-22,2021-09-24
H2-ENC000499,HOSP049209,2024-08-22,Emergency,H2-PROV0029,DEPT006,31552,2025-07-12,2021-02-14
H2-ENC000500,HOSP019436,2022-03-22,Telemedicine,H2-PROV0010,DEPT011,42322,2022-05-21,2026-06-12
H2-ENC000501,HOSP009569,2022-08-06,Inpatient,H2-PROV0016,DEPT003,19096,2026-08-29,2025-11-04
H2-ENC000502,HOSP012849,2023-05-19,Emergency,H2-PROV0018,DEPT012,97125,2021-10-01,2023-05-27
H2-ENC000503,HOSP048416,2024-11-08,Telemedicine,H2-PROV0014,DEPT018,50313,2025-11-21,2023-07-23
H2-ENC000504,HOSP016894,2025-03-16,Emergency,H2-PROV0007,DEPT015,92102,2024-01-15,2025-05-14
H2-ENC000505,HOSP009332,2024-06-07,Telemedicine,H2-PROV0011,DEPT010,91329,2024-07-31,2022-10-25
H2-ENC000506,HOSP002642,2023-10-29,Emergency,H2-PROV0022,DEPT009,87365,2025-05-01,2024-05-29
H2-ENC000507,HOSP044183,2025-02-17,Telemedicine,H2-PROV0003,DEPT007,43337,2022-05-05,2021-05-10
H2-ENC000508,HOSP018582,2025-08-27,Telemedicine,H2-PROV0022,DEPT007,89973,2025-01-16,2023-04-01
H2-ENC000509,HOSP008325,2024-05-09,Routine Checkup,H2-PROV0029,DEPT009,75182,2020-03-23,2021-11-15
H2-ENC000510,HOSP047665,2021-10-01,Inpatient,H2-PROV0028,DEPT010,11200,2023-12-25,2026-04-30
H2-ENC000511,HOSP038335,2022-01-19,Telemedicine,H2-PROV0022,DEPT020,76332,2023-08-21,2022-03-15
H2-ENC000512,HOSP007698,2020-10-29,Inpatient,H2-PROV0007,DEPT009,64811,2024-05-14,2024-07-03
H2-ENC000513,HOSP000935,2024-12-01,Outpatient,H2-PROV0028,DEPT014,73476,2021-05-28,2020-06-07
H2-ENC000514,HOSP023576,2021-09-19,Routine Checkup,H2-PROV0003,DEPT019,83674,2022-08-16,2024-06-23
H2-ENC000515,HOSP017380,2022-02-19,Telemedicine,H2-PROV0016,DEPT006,68428,2026-01-29,2020-08-13
H2-ENC000516,HOSP013557,2020-11-22,Emergency,H2-PROV0022,DEPT008,12280,2020-09-04,2024-03-10
H2-ENC000517,HOSP044496,2021-02-06,Outpatient,H2-PROV0024,DEPT020,71259,2021-12-05,2023-06-08
H2-ENC000518,HOSP047800,2024-07-22,Outpatient,H2-PROV0007,DEPT013,23057,2025-10-02,2021-04-24
H2-ENC000519,HOSP038837,2024-01-07,Inpatient,H2-PROV0003,DEPT010,19298,2025-04-28,2022-08-18
H2-ENC000520,HOSP003439,2026-07-27,Telemedicine,H2-PROV0003,DEPT016,57109,2020-05-13,2022-04-21
H2-ENC000521,HOSP025693,2020-06-29,Inpatient,H2-PROV0001,DEPT010,38609,2021-08-14,2021-03-26
H2-ENC000522,HOSP049419,2026-05-24,Emergency,H2-PROV0015,DEPT015,40475,2026-05-19,2023-11-24
H2-ENC000523,HOSP027275,2021-09-07,Telemedicine,H2-PROV0023,DEPT010,88698,2022-01-28,2024-08-04
H2-ENC000524,HOSP005372,2023-01-17,Inpatient,H2-PROV0017,DEPT018,59755,2026-09-07,2024-09-12
H2-ENC000525,HOSP013329,2022-02-26,Inpatient,H2-PROV0025,DEPT017,94034,2023-07-03,2024-04-16
H2-ENC000526,HOSP019900,2022-02-26,Telemedicine,H2-PROV0017,DEPT006,79634,2025-05-02,2020-02-09
H2-ENC000527,HOSP036728,2023-02-28,Telemedicine,H2-PROV0015,DEPT013,65252,2021-07-07,2025-03-29
H2-ENC000528,HOSP003198,2025-03-12,Emergency,H2-PROV0023,DEPT004,22912,2021-05-26,2020-12-17
H2-ENC000529,HOSP043390,2020-07-15,Outpatient,H2-PROV0013,DEPT013,14517,2020-06-08,2025-05-03
H2-ENC000530,HOSP048557,2021-12-28,Telemedicine,H2-PROV0009,DEPT017,31071,2023-08-26,2022-06-26
H2-ENC000531,HOSP029027,2025-03-27,Outpatient,H2-PROV0024,DEPT008,12032,2025-12-17,2025-04-18
H2-ENC000532,HOSP022938,2020-06-21,Outpatient,H2-PROV0022,DEPT011,20113,2021-09-02,2020-06-15
H2-ENC000533,HOSP040806,2021-06-06,Outpatient,H2-PROV0018,DEPT014,88824,2024-11-06,2020-02-11
H2-ENC000534,HOSP047531,2022-06-28,Telemedicine,H2-PROV0027,DEPT008,16749,2026-04-13,2022-01-27
H2-ENC000535,HOSP013898,2022-10-18,Routine Checkup,H2-PROV0010,DEPT015,20782,2021-12-29,2024-04-26
H2-ENC000536,HOSP012136,2024-10-05,Emergency,H2-PROV0007,DEPT018,72092,2020-10-28,2021-06-09
H2-ENC000537,HOSP026666,2020-06-11,Inpatient,H2-PROV0005,DEPT019,10346,2022-09-02,2025-11-07
H2-ENC000538,HOSP022285,2021-05-24,Outpatient,H2-PROV0020,DEPT016,99663,2023-12-31,2020-11-10
H2-ENC000539,HOSP007824,2021-02-08,Outpatient,H2-PROV0008,DEPT005,12472,2023-12-03,2022-05-20
H2-ENC000540,HOSP023037,2024-06-29,Telemedicine,H2-PROV0014,DEPT003,42322,2022-01-19,2021-08-13
H2-ENC000541,HOSP016455,2025-08-10,Telemedicine,H2-PROV0011,DEPT015,14982,2021-01-27,2022-01-28
H2-ENC000542,HOSP039995,2022-06-12,Outpatient,H2-PROV0003,DEPT005,55350,2025-10-05,2025-01-23
H2-ENC000543,HOSP005157,2026-03-22,Routine Checkup,H2-PROV0014,DEPT003,70928,2025-07-13,2026-09-27
H2-ENC000544,HOSP040369,2022-09-09,Emergency,H2-PROV0005,DEPT015,53889,2020-12-29,2023-02-03
H2-ENC000545,HOSP035627,2022-10-14,Inpatient,H2-PROV0024,DEPT008,64270,2023-07-08,2020-05-10
H2-ENC000546,HOSP023687,2024-01-04,Routine Checkup,H2-PROV0003,DEPT019,97079,2020-01-15,2021-04-30
H2-ENC000547,HOSP038063,2026-09-22,Outpatient,H2-PROV0008,DEPT015,75310,2022-01-05,2026-01-31
H2-ENC000548,HOSP013412,2020-01-16,Emergency,H2-PROV0007,DEPT009,45144,2020-01-07,2020-08-14
H2-ENC000549,HOSP042466,2022-09-27,Emergency,H2-PROV0012,DEPT006,79355,2022-05-23,2022-07-29
H2-ENC000550,HOSP037430,2023-12-06,Routine Checkup,H2-PROV0018,DEPT003,68824,2020-03-06,2025-06-16
H2-ENC000551,HOSP001681,2021-06-10,Telemedicine,H2-PROV0027,DEPT017,40533,2026-07-30,2025-11-08
H2-ENC000552,HOSP003048,2021-06-26,Inpatient,H2-PROV0014,DEPT008,76922,2023-09-22,2020-08-11
H2-ENC000553,HOSP023828,2020-02-22,Inpatient,H2-PROV0027,DEPT008,43222,2026-05-28,2022-11-20
H2-ENC000554,HOSP003032,2021-12-08,Telemedicine,H2-PROV0018,DEPT012,84805,2024-01-26,2024-01-31
H2-ENC000555,HOSP002342,2021-03-16,Routine Checkup,H2-PROV0019,DEPT002,49874,2025-02-19,2022-06-18
H2-ENC000556,HOSP028880,2023-02-24,Routine Checkup,H2-PROV0011,DEPT005,12259,2022-09-29,2026-01-16
H2-ENC000557,HOSP039165,2024-11-17,Routine Checkup,H2-PROV0010,DEPT010,27204,2024-09-12,2025-07-12
H2-ENC000558,HOSP032707,2026-08-21,Inpatient,H2-PROV0004,DEPT005,71625,2020-06-21,2024-09-06
H2-ENC000559,HOSP000922,2023-06-12,Inpatient,H2-PROV0027,DEPT011,76332,2023-03-17,2020-11-30
H2-ENC000560,HOSP008971,2023-09-29,Outpatient,H2-PROV0022,DEPT020,74107,2025-10-01,2025-09-22
H2-ENC000561,HOSP005389,2022-03-09,Inpatient,H2-PROV0028,DEPT018,49122,2022-12-21,2020-03-14
H2-ENC000562,HOSP024800,2025-06-23,Emergency,H2-PROV0026,DEPT017,80648,2022-05-20,2026-07-15
H2-ENC000563,HOSP017189,2026-08-03,Emergency,H2-PROV0016,DEPT002,17163,2022-01-20,2022-11-19
H2-ENC000564,HOSP016068,2022-01-30,Telemedicine,H2-PROV0003,DEPT019,70928,2022-09-06,2026-04-04
H2-ENC000565,HOSP039611,2022-06-17,Emergency,H2-PROV0011,DEPT005,94100,2025-08-05,2025-07-30
H2-ENC000566,HOSP011480,2022-09-21,Routine Checkup,H2-PROV0017,DEPT006,20132,2025-11-11,2020-05-18
H2-ENC000567,HOSP014930,2021-07-20,Outpatient,H2-PROV0014,DEPT013,94840,2023-07-30,2022-06-02
H2-ENC000568,HOSP030207,2022-11-06,Inpatient,H2-PROV0016,DEPT013,11421,2023-01-15,2021-02-17
H2-ENC000569,HOSP016501,2023-02-18,Routine Checkup,H2-PROV0021,DEPT019,70414,2024-06-03,2021-12-06
H2-ENC000570,HOSP045947,2026-09-19,Outpatient,H2-PROV0024,DEPT020,30854,2025-07-20,2024-01-14
H2-ENC000571,HOSP010968,2024-04-06,Telemedicine,H2-PROV0007,DEPT006,99710,2026-05-18,2025-05-31
H2-ENC000572,HOSP021005,2025-09-19,Inpatient,H2-PROV0017,DEPT006,42691,2023-04-10,2022-02-08
H2-ENC000573,HOSP014960,2021-09-04,Telemedicine,H2-PROV0001,DEPT012,81768,2020-08-06,2024-01-21
H2-ENC000574,HOSP013927,2023-01-30,Routine Checkup,H2-PROV0015,DEPT009,75745,2021-03-21,2023-08-24
H2-ENC000575,HOSP037284,2023-09-01,Telemedicine,H2-PROV0016,DEPT017,25824,2022-02-12,2025-05-09
H2-ENC000576,HOSP026356,2021-04-01,Telemedicine,H2-PROV0024,DEPT012,40806,2024-10-12,2026-01-14
H2-ENC000577,HOSP013151,2021-05-02,Emergency,H2-PROV0019,DEPT019,54867,2025-12-15,2025-03-15
H2-ENC000578,HOSP029164,2025-12-06,Outpatient,H2-PROV0004,DEPT019,53188,2021-09-25,2024-04-22
H2-ENC000579,HOSP009731,2023-10-30,Telemedicine,H2-PROV0016,DEPT006,25824,2020-11-03,2023-09-05
H2-ENC000580,HOSP002932,2025-09-24,Outpatient,H2-PROV0021,DEPT004,78841,2021-01-14,2024-10-21
H2-ENC000581,HOSP027339,2021-07-15,Emergency,H2-PROV0027,DEPT005,31621,2023-08-07,2023-01-25
H2-ENC000582,HOSP001703,2023-07-15,Outpatient,H2-PROV0027,DEPT003,64881,2024-11-26,2022-07-18
H2-ENC000583,HOSP041086,2024-07-24,Routine Checkup,H2-PROV0016,DEPT006,91329,2026-04-16,2020-12-20
H2-ENC000584,HOSP044950,2022-11-11,Outpatient,H2-PROV0022,DEPT011,88698,2023-11-05,2021-03-29
H2-ENC000585,HOSP022012,2020-10-02,Inpatient,H2-PROV0004,DEPT014,57849,2025-09-19,2026-03-16
H2-ENC000586,HOSP034805,2026-03-19,Emergency,H2-PROV0026,DEPT009,24440,2025-10-21,2023-02-07
H2-ENC000587,HOSP003249,2023-04-25,Inpatient,H2-PROV0020,DEPT018,74624,2024-04-26,2020-12-16
H2-ENC000588,HOSP011147,2022-09-22,Inpatient,H2-PROV0025,DEPT002,18822,2022-07-30,2021-12-04
H2-ENC000589,HOSP028514,2026-06-01,Outpatient,H2-PROV0026,DEPT002,10877,2025-01-14,2024-12-06
H2-ENC000590,HOSP034617,2023-01-31,Emergency,H2-PROV0007,DEPT018,28166,2020-03-11,2024-03-28
H2-ENC000591,HOSP018498,2023-07-10,Inpatient,H2-PROV0003,DEPT007,38735,2025-07-03,2022-09-02
H2-ENC000592,HOSP032698,2026-09-19,Inpatient,H2-PROV0018,DEPT003,48413,2021-09-24,2026-08-31
H2-ENC000593,HOSP031187,2023-01-06,Outpatient,H2-PROV0011,DEPT006,55611,2020-01-05,2024-05-24
H2-ENC000594,HOSP014748,2025-11-05,Telemedicine,H2-PROV0030,DEPT007,91918,2022-05-19,2021-07-27
H2-ENC000595,HOSP004241,2020-03-28,Outpatient,H2-PROV0019,DEPT015,21309,2024-04-01,2021-08-10
H2-ENC000596,HOSP014399,2020-08-07,Inpatient,H2-PROV0006,DEPT002,99557,2024-10-03,2022-07-10
H2-ENC000597,HOSP012456,2021-04-01,Emergency,H2-PROV0016,DEPT007,84421,2022-09-03,2020-08-21
H2-ENC000598,HOSP000176,2025-09-16,Emergency,H2-PROV0013,DEPT011,12273,2025-12-25,2021-07-03
H2-ENC000599,HOSP000711,2020-08-15,Emergency,H2-PROV0026,DEPT004,32615,2026-06-26,2022-02-09
H2-ENC000600,HOSP047267,2023-07-06,Routine Checkup,H2-PROV0008,DEPT019,85865,2023-06-14,2021-12-12
H2-ENC000601,HOSP036911,2025-07-04,Routine Checkup,H2-PROV0023,DEPT013,63341,2025-09-15,2020-02-19
H2-ENC000602,HOSP034852,2026-03-06,Inpatient,H2-PROV0004,DEPT014,80648,2020-10-18,2022-04-26
H2-ENC000603,HOSP025557,2024-01-12,Emergency,H2-PROV0001,DEPT010,93648,2021-11-27,2025-12-24
H2-ENC000604,HOSP017827,2022-08-03,Outpatient,H2-PROV0019,DEPT007,57363,2023-12-15,2021-11-15
H2-ENC000605,HOSP013289,2022-09-03,Outpatient,H2-PROV0001,DEPT020,33961,2023-02-19,2021-11-13
H2-ENC000606,HOSP038645,2026-06-27,Inpatient,H2-PROV0015,DEPT012,43247,2024-01-26,2024-12-12
H2-ENC000607,HOSP042509,2025-08-24,Telemedicine,H2-PROV0018,DEPT016,45549,2024-09-24,2021-05-21
H2-ENC000608,HOSP002321,2021-05-24,Routine Checkup,H2-PROV0019,DEPT006,40842,2024-12-29,2021-04-22
H2-ENC000609,HOSP026509,2026-05-04,Outpatient,H2-PROV0016,DEPT019,87524,2023-04-04,2022-07-07
H2-ENC000610,HOSP000183,2022-03-04,Outpatient,H2-PROV0010,DEPT013,40402,2022-03-27,2022-01-26
H2-ENC000611,HOSP016704,2026-01-29,Routine Checkup,H2-PROV0011,DEPT020,64614,2026-08-21,2025-09-08
H2-ENC000612,HOSP039206,2026-03-18,Inpatient,H2-PROV0014,DEPT016,89973,2020-08-27,2025-09-24
H2-ENC000613,HOSP006197,2024-01-20,Inpatient,H2-PROV0028,DEPT001,13755,2026-03-15,2025-08-31
H2-ENC000614,HOSP047591,2021-11-22,Telemedicine,H2-PROV0023,DEPT016,43222,2024-11-11,2021-02-14
H2-ENC000615,HOSP048241,2022-02-19,Telemedicine,H2-PROV0029,DEPT007,20868,2026-05-28,2022-12-02
H2-ENC000616,HOSP005197,2026-07-19,Inpatient,H2-PROV0020,DEPT018,41490,2020-08-09,2020-06-04
H2-ENC000617,HOSP001536,2026-03-26,Routine Checkup,H2-PROV0001,DEPT015,85919,2025-09-20,2023-03-09
H2-ENC000618,HOSP000928,2026-08-17,Inpatient,H2-PROV0030,DEPT011,35971,2024-10-25,2024-03-05
H2-ENC000619,HOSP033783,2021-02-08,Emergency,H2-PROV0019,DEPT020,82323,2020-11-20,2021-08-13
H2-ENC000620,HOSP034901,2025-02-24,Emergency,H2-PROV0018,DEPT012,24848,2023-06-29,2020-01-04
H2-ENC000621,HOSP022464,2026-02-01,Routine Checkup,H2-PROV0005,DEPT016,45202,2021-11-14,2020-03-13
H2-ENC000622,HOSP048707,2025-04-08,Inpatient,H2-PROV0017,DEPT002,55369,2020-11-14,2025-12-03
H2-ENC000623,HOSP021722,2023-02-24,Routine Checkup,H2-PROV0022,DEPT003,80441,2025-05-07,2025-12-28
H2-ENC000624,HOSP006554,2021-03-06,Inpatient,H2-PROV0021,DEPT020,99921,2021-04-11,2026-01-21
H2-ENC000625,HOSP038362,2023-02-26,Inpatient,H2-PROV0017,DEPT018,86796,2021-08-13,2023-08-28
H2-ENC000626,HOSP044342,2026-01-24,Emergency,H2-PROV0023,DEPT017,28906,2026-04-22,2024-05-23
H2-ENC000627,HOSP018025,2020-07-07,Routine Checkup,H2-PROV0028,DEPT020,33580,2022-10-17,2021-06-20
H2-ENC000628,HOSP019534,2022-07-04,Routine Checkup,H2-PROV0019,DEPT020,60263,2024-08-25,2022-08-01
H2-ENC000629,HOSP016658,2022-03-14,Emergency,H2-PROV0016,DEPT007,55029,2024-09-01,2023-09-04
H2-ENC000630,HOSP049523,2025-04-07,Outpatient,H2-PROV0020,DEPT012,17216,2021-05-21,2022-03-13
H2-ENC000631,HOSP034526,2026-01-01,Inpatient,H2-PROV0007,DEPT017,89421,2022-03-03,2022-06-08
H2-ENC000632,HOSP038250,2026-01-02,Telemedicine,H2-PROV0014,DEPT003,99695,2022-07-02,2023-01-12
H2-ENC000633,HOSP010718,2021-07-21,Routine Checkup,H2-PROV0003,DEPT011,91746,2020-03-31,2021-12-16
H2-ENC000634,HOSP023181,2023-11-19,Telemedicine,H2-PROV0027,DEPT010,20581,2020-12-25,2022-12-04
H2-ENC000635,HOSP031964,2022-02-20,Routine Checkup,H2-PROV0026,DEPT016,66462,2021-02-26,2021-06-06
H2-ENC000636,HOSP029341,2020-03-15,Routine Checkup,H2-PROV0012,DEPT002,69233,2025-12-25,2021-05-30
H2-ENC000637,HOSP020133,2020-09-30,Telemedicine,H2-PROV0017,DEPT001,15696,2025-12-03,2025-11-26
H2-ENC000638,HOSP012405,2020-10-01,Emergency,H2-PROV0013,DEPT008,88891,2022-11-29,2023-09-18
H2-ENC000639,HOSP041496,2020-03-11,Outpatient,H2-PROV0024,DEPT013,93079,2020-11-02,2026-05-30
H2-ENC000640,HOSP042223,2025-03-21,Inpatient,H2-PROV0018,DEPT020,45577,2025-05-13,2021-10-09
H2-ENC000641,HOSP022538,2025-09-15,Outpatient,H2-PROV0002,DEPT008,15572,2023-07-21,2026-07-19
H2-ENC000642,HOSP043913,2020-07-26,Telemedicine,H2-PROV0014,DEPT011,90458,2023-06-25,2025-06-23
H2-ENC000643,HOSP042428,2025-08-09,Emergency,H2-PROV0009,DEPT015,51011,2020-06-23,2024-08-02
H2-ENC000644,HOSP009213,2025-07-16,Telemedicine,H2-PROV0015,DEPT019,88786,2021-06-23,2025-05-28
H2-ENC000645,HOSP029057,2026-06-14,Inpatient,H2-PROV0005,DEPT017,58651,2024-12-31,2022-11-02
H2-ENC000646,HOSP045138,2021-11-12,Inpatient,H2-PROV0022,DEPT007,86407,2024-09-26,2021-05-10
H2-ENC000647,HOSP047689,2024-02-29,Inpatient,H2-PROV0012,DEPT005,98313,2022-01-08,2023-10-28
H2-ENC000648,HOSP032866,2023-06-07,Emergency,H2-PROV0008,DEPT010,11095,2021-04-09,2026-06-18
H2-ENC000649,HOSP031479,2020-11-27,Outpatient,H2-PROV0022,DEPT011,74413,2025-12-14,2024-10-14
H2-ENC000650,HOSP020350,2021-10-17,Inpatient,H2-PROV0010,DEPT009,12273,2021-08-17,2026-02-28
H2-ENC000651,HOSP036797,2025-09-23,Routine Checkup,H2-PROV0009,DEPT004,25738,2021-02-13,2020-02-15
H2-ENC000652,HOSP004710,2025-03-16,Telemedicine,H2-PROV0001,DEPT012,51947,2024-05-26,2022-09-16
H2-ENC000653,HOSP043425,2022-12-02,Inpatient,H2-PROV0026,DEPT014,72365,2023-02-06,2021-06-17
H2-ENC000654,HOSP015608,2023-10-18,Inpatient,H2-PROV0004,DEPT016,32615,2021-04-30,2025-04-10
H2-ENC000655,HOSP022224,2026-06-10,Outpatient,H2-PROV0015,DEPT014,62328,2024-10-28,2021-10-04
H2-ENC000656,HOSP046642,2021-10-22,Telemedicine,H2-PROV0023,DEPT019,22628,2022-01-01,2025-01-09
H2-ENC000657,HOSP029487,2026-05-13,Telemedicine,H2-PROV0019,DEPT011,10877,2022-05-30,2025-11-15
H2-ENC000658,HOSP005082,2024-12-29,Routine Checkup,H2-PROV0006,DEPT008,33654,2024-04-05,2020-06-09
H2-ENC000659,HOSP020165,2025-02-24,Inpatient,H2-PROV0014,DEPT002,94426,2020-12-17,2020-02-06
H2-ENC000660,HOSP000535,2025-04-06,Telemedicine,H2-PROV0016,DEPT009,39840,2025-01-26,2022-07-10
H2-ENC000661,HOSP015990,2026-09-08,Outpatient,H2-PROV0025,DEPT015,32643,2020-10-14,2021-02-28
H2-ENC000662,HOSP033445,2022-12-18,Emergency,H2-PROV0023,DEPT016,99921,2022-10-22,2025-05-22
H2-ENC000663,HOSP029617,2023-05-03,Inpatient,H2-PROV0014,DEPT008,63147,2021-12-30,2025-12-25
H2-ENC000664,HOSP044192,2020-11-16,Inpatient,H2-PROV0006,DEPT004,25738,2023-12-12,2022-05-08
H2-ENC000665,HOSP027273,2025-04-28,Inpatient,H2-PROV0018,DEPT017,18752,2022-05-15,2020-08-14
H2-ENC000666,HOSP039030,2023-04-19,Emergency,H2-PROV0011,DEPT010,25661,2020-02-01,2025-08-09
H2-ENC000667,HOSP011066,2020-07-02,Outpatient,H2-PROV0029,DEPT014,22079,2025-04-22,2020-12-17
H2-ENC000668,HOSP039256,2020-07-02,Telemedicine,H2-PROV0006,DEPT015,51011,2026-10-04,2024-01-28
H2-ENC000669,HOSP005239,2023-01-01,Outpatient,H2-PROV0022,DEPT001,66972,2024-09-02,2024-01-02
H2-ENC000670,HOSP010511,2026-09-23,Telemedicine,H2-PROV0029,DEPT003,40842,2023-04-29,2020-04-25
H2-ENC000671,HOSP005404,2024-05-23,Emergency,H2-PROV0003,DEPT001,63043,2024-02-23,2023-04-06
H2-ENC000672,HOSP035840,2021-05-10,Emergency,H2-PROV0030,DEPT010,66620,2025-07-30,2024-02-05
H2-ENC000673,HOSP048330,2021-08-20,Inpatient,H2-PROV0009,DEPT019,67519,2022-10-08,2020-03-30
H2-ENC000674,HOSP025135,2023-06-05,Inpatient,H2-PROV0020,DEPT005,64840,2025-08-12,2020-08-06
H2-ENC000675,HOSP004295,2025-01-27,Inpatient,H2-PROV0024,DEPT006,43570,2024-02-09,2026-04-05
H2-ENC000676,HOSP047197,2026-01-05,Emergency,H2-PROV0028,DEPT008,62807,2025-02-01,2025-02-07
H2-ENC000677,HOSP049861,2024-10-26,Routine Checkup,H2-PROV0024,DEPT008,55376,2025-05-08,2022-01-03
H2-ENC000678,HOSP003436,2023-04-05,Inpatient,H2-PROV0017,DEPT013,90481,2021-10-17,2023-06-13
H2-ENC000679,HOSP010545,2021-08-17,Inpatient,H2-PROV0023,DEPT002,97715,2020-08-06,2024-09-30
H2-ENC000680,HOSP027671,2023-08-19,Inpatient,H2-PROV0024,DEPT014,21826,2020-07-08,2026-07-09
H2-ENC000681,HOSP040245,2023-11-06,Inpatient,H2-PROV0018,DEPT004,60864,2020-04-06,2025-08-10
H2-ENC000682,HOSP037856,2023-05-12,Outpatient,H2-PROV0005,DEPT013,63147,2020-11-05,2020-02-09
H2-ENC000683,HOSP001994,2024-09-27,Telemedicine,H2-PROV0030,DEPT019,70928,2026-07-28,2021-04-27
H2-ENC000684,HOSP046329,2021-11-17,Outpatient,H2-PROV0022,DEPT016,48413,2026-03-07,2021-07-03
H2-ENC000685,HOSP023854,2020-04-07,Emergency,H2-PROV0021,DEPT012,15764,2020-03-07,2025-08-10
H2-ENC000686,HOSP022370,2024-03-29,Routine Checkup,H2-PROV0017,DEPT003,79298,2025-02-24,2024-12-27
H2-ENC000687,HOSP015205,2025-12-06,Emergency,H2-PROV0023,DEPT014,11200,2020-02-10,2020-10-03
H2-ENC000688,HOSP008637,2026-01-10,Inpatient,H2-PROV0011,DEPT001,94426,2023-10-06,2020-12-17
H2-ENC000689,HOSP041411,2020-12-31,Routine Checkup,H2-PROV0007,DEPT002,28518,2023-01-24,2020-10-14
H2-ENC000690,HOSP048737,2022-08-07,Routine Checkup,H2-PROV0003,DEPT001,46256,2021-01-01,2023-06-06
H2-ENC000691,HOSP013836,2022-01-31,Emergency,H2-PROV0014,DEPT007,17139,2022-07-28,2026-06-10
H2-ENC000692,HOSP030593,2021-10-06,Routine Checkup,H2-PROV0029,DEPT018,51679,2022-08-28,2022-07-07
H2-ENC000693,HOSP042422,2022-08-12,Emergency,H2-PROV0027,DEPT016,71185,2024-12-26,2022-05-20
H2-ENC000694,HOSP042610,2026-07-15,Routine Checkup,H2-PROV0005,DEPT003,34493,2026-04-10,2022-03-03
H2-ENC000695,HOSP041536,2021-11-16,Outpatient,H2-PROV0010,DEPT005,66527,2020-11-02,2023-01-09
H2-ENC000696,HOSP008924,2021-08-03,Inpatient,H2-PROV0030,DEPT010,52713,2026-08-20,2022-10-22
H2-ENC000697,HOSP020760,2025-10-26,Outpatient,H2-PROV0017,DEPT017,38609,2025-08-21,2022-08-22
H2-ENC000698,HOSP046537,2023-07-22,Emergency,H2-PROV0030,DEPT011,85707,2022-02-09,2026-08-17
H2-ENC000699,HOSP007364,2024-01-05,Telemedicine,H2-PROV0026,DEPT008,14200,2022-06-27,2024-09-10
H2-ENC000700,HOSP035500,2022-07-17,Outpatient,H2-PROV0001,DEPT016,11301,2023-07-24,2023-03-09
H2-ENC000701,HOSP033449,2023-04-16,Outpatient,H2-PROV0001,DEPT013,22293,2022-09-11,2021-10-15
H2-ENC000702,HOSP041075,2021-02-07,Outpatient,H2-PROV0025,DEPT018,90541,2020-05-13,2024-10-08
H2-ENC000703,HOSP030878,2023-08-12,Routine Checkup,H2-PROV0015,DEPT006,29563,2026-02-14,2026-06-05
H2-ENC000704,HOSP024098,2024-11-07,Outpatient,H2-PROV0003,DEPT004,60883,2021-08-29,2021-03-31
H2-ENC000705,HOSP013109,2023-12-13,Telemedicine,H2-PROV0030,DEPT008,81608,2023-12-03,2023-12-06
H2-ENC000706,HOSP010487,2025-11-04,Inpatient,H2-PROV0006,DEPT012,37001,2024-06-03,2021-05-24
H2-ENC000707,HOSP027784,2023-02-27,Inpatient,H2-PROV0006,DEPT016,41415,2023-05-02,2020-11-23
H2-ENC000708,HOSP022708,2024-04-06,Emergency,H2-PROV0014,DEPT018,45650,2022-06-28,2020-06-25
H2-ENC000709,HOSP012787,2023-12-24,Emergency,H2-PROV0013,DEPT002,21258,2023-10-09,2022-03-29
H2-ENC000710,HOSP002367,2021-09-28,Routine Checkup,H2-PROV0019,DEPT002,72365,2024-08-14,2025-06-26
H2-ENC000711,HOSP042796,2021-06-23,Routine Checkup,H2-PROV0018,DEPT015,45673,2021-03-07,2023-06-28
H2-ENC000712,HOSP036786,2023-09-03,Inpatient,H2-PROV0015,DEPT013,98428,2026-07-18,2023-02-13
H2-ENC000713,HOSP046056,2020-06-01,Telemedicine,H2-PROV0020,DEPT011,83819,2024-09-25,2023-10-19
H2-ENC000714,HOSP033526,2024-11-21,Routine Checkup,H2-PROV0019,DEPT010,28046,2022-08-20,2020-11-10
H2-ENC000715,HOSP047972,2022-05-02,Outpatient,H2-PROV0010,DEPT005,60071,2023-03-20,2024-08-20
H2-ENC000716,HOSP024393,2025-10-10,Outpatient,H2-PROV0025,DEPT010,17216,2026-05-27,2022-10-17
H2-ENC000717,HOSP022729,2020-03-08,Outpatient,H2-PROV0016,DEPT007,85710,2021-11-19,2025-07-13
H2-ENC000718,HOSP044177,2020-02-04,Routine Checkup,H2-PROV0017,DEPT008,39840,2023-09-26,2021-06-11
H2-ENC000719,HOSP027771,2024-11-03,Outpatient,H2-PROV0023,DEPT011,51588,2024-02-24,2022-01-01
H2-ENC000720,HOSP003085,2021-07-06,Inpatient,H2-PROV0024,DEPT010,75175,2022-05-24,2025-09-19
H2-ENC000721,HOSP026164,2020-04-13,Inpatient,H2-PROV0008,DEPT017,93293,2024-05-20,2024-12-30
H2-ENC000722,HOSP000622,2025-04-04,Inpatient,H2-PROV0003,DEPT015,68143,2023-04-21,2023-07-17
H2-ENC000723,HOSP005747,2020-01-15,Telemedicine,H2-PROV0028,DEPT020,73761,2024-09-28,2025-02-28
H2-ENC000724,HOSP017064,2020-08-21,Routine Checkup,H2-PROV0028,DEPT008,89360,2022-04-25,2024-01-09
H2-ENC000725,HOSP003410,2024-12-23,Outpatient,H2-PROV0003,DEPT019,29563,2025-03-09,2026-01-31
H2-ENC000726,HOSP004964,2025-01-07,Outpatient,H2-PROV0018,DEPT004,55566,2025-04-17,2020-06-30
H2-ENC000727,HOSP005055,2026-09-14,Emergency,H2-PROV0022,DEPT012,93175,2022-07-18,2022-11-05
H2-ENC000728,HOSP025443,2026-06-10,Outpatient,H2-PROV0015,DEPT017,12166,2023-09-13,2020-02-04
H2-ENC000729,HOSP025237,2020-12-06,Emergency,H2-PROV0006,DEPT016,34114,2020-06-29,2021-09-17
H2-ENC000730,HOSP029641,2021-12-22,Emergency,H2-PROV0018,DEPT017,27726,2025-02-26,2024-11-18
H2-ENC000731,HOSP035696,2025-09-15,Emergency,H2-PROV0025,DEPT019,34845,2024-03-21,2024-11-14
H2-ENC000732,HOSP006218,2025-12-04,Emergency,H2-PROV0027,DEPT018,56599,2020-11-20,2025-08-07
H2-ENC000733,HOSP024583,2025-05-10,Inpatient,H2-PROV0008,DEPT015,37785,2022-01-19,2020-05-17
H2-ENC000734,HOSP012661,2021-08-27,Emergency,H2-PROV0002,DEPT019,66972,2021-06-15,2026-09-03
H2-ENC000735,HOSP044593,2020-10-31,Inpatient,H2-PROV0012,DEPT009,62990,2026-06-12,2022-12-28
H2-ENC000736,HOSP027604,2023-05-16,Routine Checkup,H2-PROV0028,DEPT019,39840,2026-08-02,2023-04-29
H2-ENC000737,HOSP046703,2021-04-02,Inpatient,H2-PROV0014,DEPT010,68428,2020-02-26,2022-08-20
H2-ENC000738,HOSP019255,2022-06-08,Telemedicine,H2-PROV0025,DEPT009,79248,2024-12-09,2020-12-16
H2-ENC000739,HOSP046876,2020-08-09,Telemedicine,H2-PROV0022,DEPT011,10745,2021-06-20,2022-09-12
H2-ENC000740,HOSP028056,2022-07-25,Routine Checkup,H2-PROV0009,DEPT018,77833,2021-09-01,2021-08-28
H2-ENC000741,HOSP020510,2020-12-31,Inpatient,H2-PROV0001,DEPT003,22795,2025-10-14,2021-03-12
H2-ENC000742,HOSP022030,2022-01-10,Routine Checkup,H2-PROV0022,DEPT004,82995,2021-05-22,2022-01-29
H2-ENC000743,HOSP006390,2024-04-27,Outpatient,H2-PROV0020,DEPT012,33433,2023-02-06,2022-11-15
H2-ENC000744,HOSP002279,2023-10-16,Telemedicine,H2-PROV0021,DEPT016,39610,2020-03-13,2022-07-30
H2-ENC000745,HOSP025046,2022-11-01,Routine Checkup,H2-PROV0006,DEPT016,24178,2026-08-09,2021-11-13
H2-ENC000746,HOSP000343,2023-10-05,Telemedicine,H2-PROV0010,DEPT018,83452,2024-06-11,2022-04-24
H2-ENC000747,HOSP015777,2026-06-22,Routine Checkup,H2-PROV0016,DEPT009,14517,2026-01-20,2026-03-02
H2-ENC000748,HOSP030378,2025-01-20,Telemedicine,H2-PROV0019,DEPT018,46213,2023-11-20,2024-03-30
H2-ENC000749,HOSP009066,2020-10-27,Routine Checkup,H2-PROV0014,DEPT020,35215,2020-07-23,2020-12-24
H2-ENC000750,HOSP021511,2026-04-11,Outpatient,H2-PROV0007,DEPT006,26828,2023-06-10,2022-08-25
H2-ENC000751,HOSP030688,2026-02-06,Telemedicine,H2-PROV0002,DEPT019,58375,2020-08-25,2023-05-15
H2-ENC000752,HOSP040100,2025-01-26,Emergency,H2-PROV0002,DEPT017,48045,2021-11-13,2026-01-15
H2-ENC000753,HOSP048162,2025-10-03,Inpatient,H2-PROV0012,DEPT014,23047,2020-06-22,2026-01-18
H2-ENC000754,HOSP007771,2026-10-02,Telemedicine,H2-PROV0019,DEPT014,82323,2021-07-08,2022-02-03
H2-ENC000755,HOSP031748,2025-04-12,Telemedicine,H2-PROV0023,DEPT005,11400,2025-05-02,2022-09-14
H2-ENC000756,HOSP043755,2021-03-18,Telemedicine,H2-PROV0024,DEPT018,56071,2020-04-10,2024-02-07
H2-ENC000757,HOSP012134,2026-02-24,Emergency,H2-PROV0023,DEPT006,16973,2024-09-08,2020-08-03
H2-ENC000758,HOSP011925,2021-09-29,Routine Checkup,H2-PROV0016,DEPT003,97033,2024-07-04,2021-04-22
H2-ENC000759,HOSP014984,2021-12-15,Emergency,H2-PROV0030,DEPT020,41435,2025-08-22,2020-12-02
H2-ENC000760,HOSP026629,2020-06-01,Routine Checkup,H2-PROV0016,DEPT006,89421,2021-11-14,2025-01-11
H2-ENC000761,HOSP041783,2026-07-10,Inpatient,H2-PROV0027,DEPT020,97014,2024-04-26,2020-04-19
H2-ENC000762,HOSP030951,2025-02-10,Inpatient,H2-PROV0015,DEPT002,47057,2024-02-27,2024-01-11
H2-ENC000763,HOSP000215,2023-11-27,Outpatient,H2-PROV0009,DEPT019,60864,2021-07-05,2023-02-21
H2-ENC000764,HOSP008681,2021-10-05,Inpatient,H2-PROV0029,DEPT016,68535,2023-03-15,2024-07-15
H2-ENC000765,HOSP012756,2022-07-31,Outpatient,H2-PROV0023,DEPT013,93755,2024-05-06,2025-04-12
H2-ENC000766,HOSP017954,2024-02-16,Routine Checkup,H2-PROV0012,DEPT007,53504,2021-06-29,2025-11-26
H2-ENC000767,HOSP009371,2026-08-08,Outpatient,H2-PROV0022,DEPT006,55611,2025-12-04,2020-11-25
H2-ENC000768,HOSP005441,2023-01-15,Telemedicine,H2-PROV0013,DEPT017,20761,2020-03-13,2021-06-11
H2-ENC000769,HOSP011618,2024-08-25,Inpatient,H2-PROV0020,DEPT001,51053,2023-02-16,2026-09-04
H2-ENC000770,HOSP043799,2020-06-23,Telemedicine,H2-PROV0019,DEPT013,78117,2021-08-13,2023-09-13
H2-ENC000771,HOSP040334,2023-11-14,Routine Checkup,H2-PROV0007,DEPT015,35331,2021-03-10,2022-07-24
H2-ENC000772,HOSP028038,2021-04-11,Outpatient,H2-PROV0021,DEPT007,49397,2020-07-09,2026-05-08
H2-ENC000773,HOSP028978,2024-04-02,Inpatient,H2-PROV0018,DEPT004,47580,2026-06-13,2023-11-16
H2-ENC000774,HOSP012932,2022-05-30,Telemedicine,H2-PROV0009,DEPT017,18148,2025-06-22,2026-05-23
H2-ENC000775,HOSP041600,2025-09-09,Outpatient,H2-PROV0025,DEPT011,88742,2024-01-11,2020-08-24
H2-ENC000776,HOSP032034,2025-07-13,Routine Checkup,H2-PROV0020,DEPT010,79683,2024-10-25,2020-05-07
H2-ENC000777,HOSP046824,2024-10-10,Routine Checkup,H2-PROV0006,DEPT005,60969,2023-08-01,2021-09-08
H2-ENC000778,HOSP035628,2024-11-26,Outpatient,H2-PROV0030,DEPT009,25274,2020-03-18,2023-08-26
H2-ENC000779,HOSP038093,2023-08-25,Telemedicine,H2-PROV0004,DEPT008,10661,2022-07-31,2020-09-05
H2-ENC000780,HOSP042313,2024-10-14,Telemedicine,H2-PROV0015,DEPT009,75794,2024-10-31,2021-05-26
H2-ENC000781,HOSP039399,2025-07-25,Inpatient,H2-PROV0022,DEPT018,59546,2020-11-24,2025-10-19
H2-ENC000782,HOSP028877,2021-08-16,Emergency,H2-PROV0030,DEPT003,46256,2023-02-21,2026-07-25
H2-ENC000783,HOSP012511,2022-05-25,Outpatient,H2-PROV0016,DEPT012,18951,2022-05-08,2021-03-17
H2-ENC000784,HOSP028164,2020-12-09,Outpatient,H2-PROV0005,DEPT008,86041,2023-05-05,2025-03-22
H2-ENC000785,HOSP030983,2021-10-01,Routine Checkup,H2-PROV0027,DEPT011,32227,2022-07-15,2022-03-02
H2-ENC000786,HOSP016863,2023-07-30,Routine Checkup,H2-PROV0017,DEPT019,22212,2023-10-11,2026-08-07
H2-ENC000787,HOSP038945,2025-02-08,Outpatient,H2-PROV0009,DEPT011,93175,2024-03-03,2023-01-16
H2-ENC000788,HOSP041486,2025-09-15,Inpatient,H2-PROV0016,DEPT003,60237,2020-06-12,2021-01-17
H2-ENC000789,HOSP026259,2021-03-01,Inpatient,H2-PROV0014,DEPT020,44467,2021-04-10,2021-06-14
H2-ENC000790,HOSP021806,2026-08-01,Emergency,H2-PROV0013,DEPT019,75745,2021-10-13,2021-08-15
H2-ENC000791,HOSP004895,2023-07-26,Emergency,H2-PROV0026,DEPT016,41291,2022-08-01,2020-10-18
H2-ENC000792,HOSP024365,2021-03-26,Telemedicine,H2-PROV0028,DEPT009,53629,2021-04-01,2023-02-14
H2-ENC000793,HOSP030139,2023-12-28,Outpatient,H2-PROV0008,DEPT003,54599,2020-07-09,2022-07-13
H2-ENC000794,HOSP027473,2020-06-03,Routine Checkup,H2-PROV0011,DEPT008,28569,2025-01-25,2020-03-07
H2-ENC000795,HOSP008277,2024-09-26,Telemedicine,H2-PROV0027,DEPT016,50462,2022-03-10,2025-07-16
H2-ENC000796,HOSP036333,2026-04-25,Routine Checkup,H2-PROV0021,DEPT015,20174,2024-04-11,2026-08-02
H2-ENC000797,HOSP032314,2023-10-17,Routine Checkup,H2-PROV0030,DEPT009,64366,2026-04-12,2020-06-17
H2-ENC000798,HOSP006359,2020-05-08,Emergency,H2-PROV0010,DEPT020,59546,2021-11-30,2021-06-09
H2-ENC000799,HOSP017429,2026-06-27,Routine Checkup,H2-PROV0003,DEPT004,28759,2023-09-14,2024-07-07
H2-ENC000800,HOSP047915,2020-03-01,Emergency,H2-PROV0017,DEPT001,35082,2020-10-23,2021-11-13
H2-ENC000801,HOSP045404,2021-12-07,Emergency,H2-PROV0027,DEPT020,33195,2026-09-07,2025-03-26
H2-ENC000802,HOSP049119,2023-05-02,Routine Checkup,H2-PROV0021,DEPT002,35617,2021-07-13,2022-04-03
H2-ENC000803,HOSP001025,2024-11-28,Routine Checkup,H2-PROV0012,DEPT005,60237,2024-12-09,2023-12-16
H2-ENC000804,HOSP041551,2023-09-17,Inpatient,H2-PROV0010,DEPT008,33651,2020-02-16,2025-03-01
H2-ENC000805,HOSP031277,2024-01-05,Routine Checkup,H2-PROV0013,DEPT012,26725,2021-12-20,2025-05-23
H2-ENC000806,HOSP033268,2026-04-21,Routine Checkup,H2-PROV0030,DEPT012,48413,2024-03-18,2021-08-22
H2-ENC000807,HOSP029831,2025-07-25,Routine Checkup,H2-PROV0003,DEPT015,98428,2025-10-31,2025-02-25
H2-ENC000808,HOSP009342,2026-03-30,Inpatient,H2-PROV0027,DEPT013,62328,2021-03-01,2022-07-18
H2-ENC000809,HOSP026211,2023-01-30,Telemedicine,H2-PROV0024,DEPT012,40842,2024-07-09,2026-09-09
H2-ENC000810,HOSP045426,2021-05-17,Telemedicine,H2-PROV0012,DEPT003,76259,2023-06-18,2026-07-24
H2-ENC000811,HOSP025856,2021-04-27,Outpatient,H2-PROV0020,DEPT003,71258,2020-03-03,2024-03-10
H2-ENC000812,HOSP001735,2021-11-01,Emergency,H2-PROV0007,DEPT016,48096,2023-06-02,2023-08-31
H2-ENC000813,HOSP009260,2020-05-23,Inpatient,H2-PROV0016,DEPT016,96827,2026-01-08,2025-07-27
H2-ENC000814,HOSP020974,2026-09-13,Outpatient,H2-PROV0026,DEPT003,22079,2026-09-07,2020-08-03
H2-ENC000815,HOSP031108,2021-12-06,Outpatient,H2-PROV0008,DEPT015,37404,2020-06-07,2025-07-28
H2-ENC000816,HOSP005061,2021-02-09,Routine Checkup,H2-PROV0015,DEPT017,75745,2022-11-21,2025-10-14
H2-ENC000817,HOSP048277,2026-02-23,Outpatient,H2-PROV0021,DEPT018,77833,2023-05-25,2024-06-30
H2-ENC000818,HOSP028476,2020-01-14,Routine Checkup,H2-PROV0017,DEPT018,19290,2022-06-10,2022-01-18
H2-ENC000819,HOSP039492,2023-08-16,Inpatient,H2-PROV0022,DEPT005,66976,2026-04-17,2023-09-11
H2-ENC000820,HOSP006510,2025-03-10,Inpatient,H2-PROV0030,DEPT002,51278,2023-12-02,2021-04-25
H2-ENC000821,HOSP012566,2026-09-03,Emergency,H2-PROV0005,DEPT001,62815,2022-09-08,2022-04-20
H2-ENC000822,HOSP041243,2024-09-19,Emergency,H2-PROV0001,DEPT002,63147,2020-06-13,2025-07-17
H2-ENC000823,HOSP020289,2023-03-21,Telemedicine,H2-PROV0017,DEPT010,71697,2022-04-23,2026-06-16
H2-ENC000824,HOSP022593,2026-08-17,Routine Checkup,H2-PROV0023,DEPT001,71459,2026-07-15,2023-08-22
H2-ENC000825,HOSP026717,2020-01-03,Inpatient,H2-PROV0011,DEPT018,55566,2021-09-21,2026-03-11
H2-ENC000826,HOSP045252,2024-08-21,Outpatient,H2-PROV0028,DEPT013,12273,2024-09-17,2021-09-30
H2-ENC000827,HOSP049657,2025-03-13,Telemedicine,H2-PROV0008,DEPT009,72710,2020-02-29,2022-04-05
H2-ENC000828,HOSP017595,2021-04-09,Routine Checkup,H2-PROV0009,DEPT002,40842,2026-08-08,2023-04-19
H2-ENC000829,HOSP026749,2023-09-15,Telemedicine,H2-PROV0013,DEPT009,57109,2022-05-25,2022-12-04
H2-ENC000830,HOSP026334,2022-03-15,Telemedicine,H2-PROV0015,DEPT012,40137,2021-10-08,2024-03-03
H2-ENC000831,HOSP027082,2020-08-25,Routine Checkup,H2-PROV0018,DEPT004,90489,2025-11-10,2022-02-23
H2-ENC000832,HOSP038566,2022-05-15,Telemedicine,H2-PROV0021,DEPT015,82717,2023-01-27,2026-10-03
H2-ENC000833,HOSP029757,2023-05-20,Emergency,H2-PROV0009,DEPT005,30248,2023-08-17,2020-06-17
H2-ENC000834,HOSP007450,2022-02-09,Routine Checkup,H2-PROV0012,DEPT002,95392,2025-09-25,2025-04-23
H2-ENC000835,HOSP020303,2023-02-02,Emergency,H2-PROV0011,DEPT001,20356,2022-09-21,2021-05-28
H2-ENC000836,HOSP028732,2026-10-03,Telemedicine,H2-PROV0016,DEPT002,12032,2020-04-30,2022-09-20
H2-ENC000837,HOSP031043,2024-05-13,Outpatient,H2-PROV0002,DEPT002,21487,2020-03-15,2021-06-03
H2-ENC000838,HOSP027525,2022-10-27,Routine Checkup,H2-PROV0014,DEPT015,75175,2022-09-29,2021-07-06
H2-ENC000839,HOSP010621,2022-03-09,Inpatient,H2-PROV0004,DEPT017,33961,2021-06-21,2026-05-25
H2-ENC000840,HOSP029212,2020-02-28,Routine Checkup,H2-PROV0004,DEPT014,76259,2021-01-01,2026-01-10
H2-ENC000841,HOSP044673,2020-03-23,Routine Checkup,H2-PROV0004,DEPT009,47990,2020-09-11,2022-11-28
H2-ENC000842,HOSP001551,2024-05-09,Emergency,H2-PROV0002,DEPT019,99695,2020-10-28,2023-12-01
H2-ENC000843,HOSP035723,2020-03-30,Outpatient,H2-PROV0012,DEPT001,76611,2026-04-29,2026-08-25
H2-ENC000844,HOSP032982,2026-09-22,Emergency,H2-PROV0007,DEPT020,68543,2023-04-16,2020-12-01
H2-ENC000845,HOSP024875,2021-11-20,Telemedicine,H2-PROV0011,DEPT012,44323,2022-01-08,2026-02-15
H2-ENC000846,HOSP006911,2021-05-30,Telemedicine,H2-PROV0026,DEPT015,41123,2025-02-16,2025-12-03
H2-ENC000847,HOSP031129,2025-11-27,Outpatient,H2-PROV0030,DEPT010,72979,2021-05-23,2023-04-02
H2-ENC000848,HOSP013498,2020-06-01,Routine Checkup,H2-PROV0004,DEPT011,75774,2023-05-31,2022-08-24
H2-ENC000849,HOSP005990,2022-02-18,Inpatient,H2-PROV0003,DEPT018,69247,2021-02-19,2022-04-09
H2-ENC000850,HOSP014217,2021-10-14,Emergency,H2-PROV0025,DEPT008,11908,2021-03-03,2022-11-21
H2-ENC000851,HOSP008830,2024-10-04,Outpatient,H2-PROV0013,DEPT017,78005,2021-03-08,2026-07-22
H2-ENC000852,HOSP022589,2020-08-25,Telemedicine,H2-PROV0029,DEPT015,92102,2024-07-06,2021-10-18
H2-ENC000853,HOSP014219,2026-03-09,Telemedicine,H2-PROV0001,DEPT017,24178,2021-11-02,2024-01-28
H2-ENC000854,HOSP005075,2024-12-21,Outpatient,H2-PROV0021,DEPT001,49978,2023-07-24,2020-04-21
H2-ENC000855,HOSP044014,2021-12-14,Outpatient,H2-PROV0030,DEPT005,49171,2020-10-15,2025-03-19
H2-ENC000856,HOSP009306,2024-05-31,Emergency,H2-PROV0017,DEPT018,12273,2023-05-23,2024-05-08
H2-ENC000857,HOSP036417,2025-12-03,Outpatient,H2-PROV0015,DEPT003,82062,2023-06-26,2025-08-10
H2-ENC000858,HOSP033618,2021-12-16,Telemedicine,H2-PROV0019,DEPT004,41708,2025-08-24,2024-02-05
H2-ENC000859,HOSP047743,2021-01-10,Outpatient,H2-PROV0020,DEPT011,92091,2024-10-18,2026-09-26
H2-ENC000860,HOSP019613,2022-10-03,Telemedicine,H2-PROV0002,DEPT020,71459,2020-07-06,2022-04-03
H2-ENC000861,HOSP023296,2025-03-15,Routine Checkup,H2-PROV0027,DEPT018,50025,2025-05-06,2020-10-09
H2-ENC000862,HOSP019712,2022-07-31,Inpatient,H2-PROV0018,DEPT001,26599,2025-07-13,2020-08-23
H2-ENC000863,HOSP011719,2026-03-19,Routine Checkup,H2-PROV0027,DEPT016,67290,2026-02-04,2023-04-07
H2-ENC000864,HOSP035958,2024-05-27,Inpatient,H2-PROV0028,DEPT013,21199,2021-05-25,2021-01-17
H2-ENC000865,HOSP018008,2024-08-20,Routine Checkup,H2-PROV0022,DEPT016,21275,2021-02-12,2020-05-16
H2-ENC000866,HOSP026835,2026-08-31,Outpatient,H2-PROV0017,DEPT010,35971,2025-09-17,2021-05-22
H2-ENC000867,HOSP031980,2024-08-21,Inpatient,H2-PROV0023,DEPT016,10540,2021-05-14,2020-07-21
H2-ENC000868,HOSP002809,2024-12-25,Emergency,H2-PROV0030,DEPT012,76716,2021-06-18,2026-03-05
H2-ENC000869,HOSP010810,2024-03-13,Inpatient,H2-PROV0010,DEPT002,97033,2021-10-30,2025-06-19
H2-ENC000870,HOSP008355,2023-01-03,Routine Checkup,H2-PROV0006,DEPT011,56195,2024-09-01,2023-05-10
H2-ENC000871,HOSP047323,2025-10-03,Outpatient,H2-PROV0016,DEPT013,25546,2026-09-02,2022-06-13
H2-ENC000872,HOSP025589,2021-10-14,Telemedicine,H2-PROV0021,DEPT014,31649,2026-02-04,2024-11-02
H2-ENC000873,HOSP011495,2021-07-24,Telemedicine,H2-PROV0006,DEPT004,16020,2023-08-21,2024-08-04
H2-ENC000874,HOSP046936,2024-05-27,Inpatient,H2-PROV0018,DEPT015,80370,2023-11-29,2024-02-01
H2-ENC000875,HOSP035040,2020-05-11,Emergency,H2-PROV0026,DEPT015,44467,2026-03-08,2023-01-16
H2-ENC000876,HOSP033323,2025-11-23,Emergency,H2-PROV0009,DEPT019,28906,2020-10-29,2026-03-28
H2-ENC000877,HOSP009302,2021-08-29,Routine Checkup,H2-PROV0027,DEPT016,46669,2020-03-04,2020-01-31
H2-ENC000878,HOSP029000,2022-05-21,Routine Checkup,H2-PROV0007,DEPT012,52492,2023-08-25,2023-08-20
H2-ENC000879,HOSP042171,2021-06-05,Outpatient,H2-PROV0021,DEPT006,63177,2026-04-22,2023-10-09
H2-ENC000880,HOSP006511,2025-01-27,Routine Checkup,H2-PROV0027,DEPT004,13814,2024-05-16,2025-02-04
H2-ENC000881,HOSP031011,2025-06-05,Outpatient,H2-PROV0029,DEPT009,76711,2020-08-26,2026-02-21
H2-ENC000882,HOSP024614,2026-04-20,Outpatient,H2-PROV0027,DEPT016,81171,2021-07-29,2021-05-19
H2-ENC000883,HOSP031573,2025-01-23,Inpatient,H2-PROV0017,DEPT005,79355,2025-11-06,2020-12-31
H2-ENC000884,HOSP034372,2020-06-01,Telemedicine,H2-PROV0016,DEPT006,35982,2022-02-05,2026-01-14
H2-ENC000885,HOSP008755,2026-09-30,Telemedicine,H2-PROV0008,DEPT005,34434,2026-03-30,2024-10-01
H2-ENC000886,HOSP003301,2024-05-15,Inpatient,H2-PROV0014,DEPT003,71185,2025-10-14,2023-01-03
H2-ENC000887,HOSP046898,2021-11-12,Inpatient,H2-PROV0023,DEPT004,62879,2020-08-25,2022-01-30
H2-ENC000888,HOSP021516,2020-01-09,Emergency,H2-PROV0010,DEPT004,20581,2020-08-13,2021-08-14
H2-ENC000889,HOSP018053,2022-07-16,Telemedicine,H2-PROV0005,DEPT019,74624,2026-08-09,2026-07-28
H2-ENC000890,HOSP005045,2023-04-29,Inpatient,H2-PROV0010,DEPT016,25039,2025-11-17,2020-09-03
H2-ENC000891,HOSP027809,2026-04-10,Inpatient,H2-PROV0015,DEPT017,85873,2026-08-20,2025-11-01
H2-ENC000892,HOSP017287,2025-11-26,Outpatient,H2-PROV0010,DEPT016,64840,2021-01-01,2024-11-20
H2-ENC000893,HOSP012346,2026-03-10,Telemedicine,H2-PROV0014,DEPT005,13755,2024-10-24,2022-11-19
H2-ENC000894,HOSP009854,2023-08-25,Outpatient,H2-PROV0020,DEPT020,61429,2022-07-11,2022-06-14
H2-ENC000895,HOSP010518,2026-09-21,Telemedicine,H2-PROV0020,DEPT019,84594,2024-05-23,2020-06-07
H2-ENC000896,HOSP017131,2020-07-25,Routine Checkup,H2-PROV0025,DEPT008,75978,2022-10-08,2023-03-18
H2-ENC000897,HOSP016755,2025-06-07,Inpatient,H2-PROV0021,DEPT009,89742,2022-11-12,2024-05-26
H2-ENC000898,HOSP041240,2026-10-04,Routine Checkup,H2-PROV0022,DEPT011,59028,2023-08-19,2024-10-11
H2-ENC000899,HOSP032023,2020-06-29,Emergency,H2-PROV0021,DEPT017,47609,2022-02-23,2020-03-07
H2-ENC000900,HOSP005650,2021-04-15,Outpatient,H2-PROV0012,DEPT002,21656,2020-11-09,2023-04-30
H2-ENC000901,HOSP042442,2023-04-16,Routine Checkup,H2-PROV0002,DEPT017,43294,2025-05-08,2023-04-22
H2-ENC000902,HOSP000436,2020-12-15,Telemedicine,H2-PROV0004,DEPT016,21536,2022-07-16,2022-10-24
H2-ENC000903,HOSP024989,2025-10-08,Outpatient,H2-PROV0002,DEPT004,56624,2021-10-07,2025-05-19
H2-ENC000904,HOSP030550,2025-10-10,Inpatient,H2-PROV0005,DEPT010,75802,2020-05-02,2022-01-26
H2-ENC000905,HOSP049107,2025-09-18,Emergency,H2-PROV0020,DEPT012,47057,2021-12-09,2020-03-26
H2-ENC000906,HOSP001318,2026-02-09,Inpatient,H2-PROV0001,DEPT015,21275,2022-08-01,2026-08-14
H2-ENC000907,HOSP022713,2022-08-15,Emergency,H2-PROV0020,DEPT004,35978,2020-06-17,2023-06-16
H2-ENC000908,HOSP031012,2023-09-29,Emergency,H2-PROV0030,DEPT008,96629,2023-05-02,2020-10-27
H2-ENC000909,HOSP043367,2022-07-12,Telemedicine,H2-PROV0025,DEPT004,31649,2023-10-01,2024-05-09
H2-ENC000910,HOSP019891,2026-03-13,Inpatient,H2-PROV0008,DEPT003,88891,2024-03-22,2020-04-28
H2-ENC000911,HOSP001838,2021-04-09,Telemedicine,H2-PROV0025,DEPT010,37486,2020-02-26,2025-04-11
H2-ENC000912,HOSP000490,2024-11-14,Routine Checkup,H2-PROV0030,DEPT001,96643,2025-10-29,2021-03-09
H2-ENC000913,HOSP034113,2025-02-09,Telemedicine,H2-PROV0025,DEPT016,71625,2023-09-01,2022-03-24
H2-ENC000914,HOSP047200,2026-03-27,Telemedicine,H2-PROV0030,DEPT016,88786,2020-11-27,2022-05-16
H2-ENC000915,HOSP049207,2021-12-18,Routine Checkup,H2-PROV0003,DEPT016,31081,2022-05-21,2026-07-13
H2-ENC000916,HOSP003275,2021-01-22,Emergency,H2-PROV0022,DEPT014,65343,2026-01-21,2021-08-20
H2-ENC000917,HOSP039355,2022-01-17,Outpatient,H2-PROV0012,DEPT007,96898,2026-03-24,2020-08-15
H2-ENC000918,HOSP021332,2025-06-28,Inpatient,H2-PROV0025,DEPT007,28774,2020-11-25,2020-07-21
H2-ENC000919,HOSP040029,2024-09-08,Inpatient,H2-PROV0028,DEPT001,47487,2023-06-22,2024-07-21
H2-ENC000920,HOSP001675,2021-08-27,Routine Checkup,H2-PROV0021,DEPT014,51571,2020-12-06,2023-07-20
H2-ENC000921,HOSP013954,2020-05-03,Outpatient,H2-PROV0011,DEPT010,26995,2024-09-27,2022-12-10
H2-ENC000922,HOSP004574,2021-04-12,Inpatient,H2-PROV0014,DEPT008,64881,2025-01-14,2025-01-06
H2-ENC000923,HOSP040264,2026-01-08,Outpatient,H2-PROV0028,DEPT019,19298,2025-11-21,2020-02-13
H2-ENC000924,HOSP038768,2023-03-15,Telemedicine,H2-PROV0004,DEPT001,64423,2020-05-02,2020-02-27
H2-ENC000925,HOSP024615,2022-03-19,Outpatient,H2-PROV0008,DEPT003,38753,2021-08-09,2024-07-05
H2-ENC000926,HOSP035681,2024-05-10,Inpatient,H2-PROV0019,DEPT008,15254,2025-04-23,2024-03-06
H2-ENC000927,HOSP008276,2021-09-05,Routine Checkup,H2-PROV0012,DEPT018,97125,2022-07-30,2023-02-20
H2-ENC000928,HOSP021237,2024-06-07,Emergency,H2-PROV0026,DEPT015,53889,2023-04-23,2024-01-03
H2-ENC000929,HOSP043963,2020-10-22,Telemedicine,H2-PROV0027,DEPT004,69344,2025-01-27,2025-02-16
H2-ENC000930,HOSP000622,2020-04-04,Emergency,H2-PROV0005,DEPT002,55284,2024-07-28,2024-12-07
H2-ENC000931,HOSP011006,2024-01-23,Outpatient,H2-PROV0008,DEPT001,34439,2021-11-28,2021-08-06
H2-ENC000932,HOSP021317,2022-10-19,Emergency,H2-PROV0010,DEPT005,33195,2023-05-24,2020-07-28
H2-ENC000933,HOSP024517,2020-01-17,Routine Checkup,H2-PROV0016,DEPT001,74624,2021-04-28,2020-02-08
H2-ENC000934,HOSP005570,2026-02-10,Emergency,H2-PROV0021,DEPT003,70531,2025-10-21,2024-03-20
H2-ENC000935,HOSP043976,2020-03-24,Inpatient,H2-PROV0008,DEPT020,10703,2022-09-28,2022-11-07
H2-ENC000936,HOSP030934,2022-06-06,Routine Checkup,H2-PROV0025,DEPT011,20354,2023-06-27,2025-04-21
H2-ENC000937,HOSP028700,2025-10-31,Telemedicine,H2-PROV0030,DEPT001,40842,2024-10-01,2026-07-04
H2-ENC000938,HOSP037215,2025-04-23,Inpatient,H2-PROV0010,DEPT008,90771,2026-02-19,2023-04-22
H2-ENC000939,HOSP004977,2023-06-02,Emergency,H2-PROV0011,DEPT020,10160,2025-07-02,2021-01-18
H2-ENC000940,HOSP008161,2020-05-05,Outpatient,H2-PROV0009,DEPT005,80461,2022-05-26,2021-09-11
H2-ENC000941,HOSP000670,2022-06-05,Outpatient,H2-PROV0008,DEPT002,24026,2026-05-29,2020-05-01
H2-ENC000942,HOSP023195,2020-01-03,Outpatient,H2-PROV0019,DEPT012,85710,2023-12-07,2024-01-27
H2-ENC000943,HOSP005731,2026-01-12,Telemedicine,H2-PROV0004,DEPT008,18688,2024-11-03,2021-07-16
H2-ENC000944,HOSP000028,2020-10-01,Routine Checkup,H2-PROV0026,DEPT004,16614,2021-05-15,2022-05-19
H2-ENC000945,HOSP008364,2020-05-02,Inpatient,H2-PROV0028,DEPT006,57931,2025-09-06,2023-02-21
H2-ENC000946,HOSP013387,2025-03-31,Outpatient,H2-PROV0026,DEPT005,78005,2024-01-01,2026-01-10
H2-ENC000947,HOSP024151,2025-01-14,Inpatient,H2-PROV0019,DEPT017,79936,2020-02-17,2026-02-04
H2-ENC000948,HOSP037099,2022-07-09,Emergency,H2-PROV0009,DEPT008,71459,2024-05-17,2021-10-04
H2-ENC000949,HOSP022037,2020-11-20,Telemedicine,H2-PROV0006,DEPT019,75884,2020-06-21,2021-07-26
H2-ENC000950,HOSP035524,2023-02-13,Outpatient,H2-PROV0010,DEPT011,15136,2021-08-03,2024-02-17
H2-ENC000951,HOSP048354,2020-08-14,Telemedicine,H2-PROV0001,DEPT020,73843,2022-10-22,2026-03-01
H2-ENC000952,HOSP024650,2020-05-11,Inpatient,H2-PROV0027,DEPT019,73598,2022-06-06,2026-08-19
H2-ENC000953,HOSP000373,2022-05-11,Emergency,H2-PROV0019,DEPT010,94775,2020-11-16,2023-10-24
H2-ENC000954,HOSP024805,2023-08-16,Inpatient,H2-PROV0020,DEPT014,53687,2025-10-17,2023-01-09
H2-ENC000955,HOSP026381,2023-07-07,Outpatient,H2-PROV0021,DEPT017,23432,2022-05-19,2021-01-16
H2-ENC000956,HOSP008815,2022-05-03,Telemedicine,H2-PROV0006,DEPT009,11095,2026-01-08,2021-12-26
H2-ENC000957,HOSP037673,2022-10-27,Telemedicine,H2-PROV0029,DEPT007,23826,2023-07-22,2025-10-08
H2-ENC000958,HOSP001268,2020-09-02,Inpatient,H2-PROV0018,DEPT019,49103,2020-07-14,2024-06-29
H2-ENC000959,HOSP007613,2024-06-14,Routine Checkup,H2-PROV0012,DEPT012,25152,2024-09-18,2024-11-12
H2-ENC000960,HOSP011888,2024-09-04,Emergency,H2-PROV0029,DEPT008,83919,2023-07-18,2024-08-18
H2-ENC000961,HOSP011722,2023-04-25,Outpatient,H2-PROV0027,DEPT011,49502,2025-05-17,2024-08-01
H2-ENC000962,HOSP048020,2022-05-22,Telemedicine,H2-PROV0019,DEPT018,53687,2021-11-11,2024-04-07
H2-ENC000963,HOSP046915,2022-10-16,Outpatient,H2-PROV0001,DEPT015,95732,2021-05-26,2024-02-16
H2-ENC000964,HOSP009373,2020-10-25,Emergency,H2-PROV0005,DEPT019,43458,2021-02-23,2021-09-26
H2-ENC000965,HOSP022374,2026-06-08,Inpatient,H2-PROV0029,DEPT005,32072,2021-12-31,2020-12-26
H2-ENC000966,HOSP019718,2021-04-09,Inpatient,H2-PROV0024,DEPT004,80084,2021-06-12,2021-06-14
H2-ENC000967,HOSP046769,2026-08-23,Telemedicine,H2-PROV0025,DEPT015,35982,2025-12-29,2022-06-26
H2-ENC000968,HOSP023297,2022-02-03,Inpatient,H2-PROV0018,DEPT014,98313,2025-03-15,2020-09-24
H2-ENC000969,HOSP028464,2024-08-02,Inpatient,H2-PROV0008,DEPT014,39840,2025-10-31,2026-05-05
H2-ENC000970,HOSP017164,2024-06-21,Inpatient,H2-PROV0006,DEPT014,95525,2020-12-06,2022-12-14
H2-ENC000971,HOSP031704,2023-11-18,Telemedicine,H2-PROV0012,DEPT019,11095,2023-05-15,2025-10-30
H2-ENC000972,HOSP047555,2020-04-19,Inpatient,H2-PROV0024,DEPT002,20868,2024-03-14,2026-05-10
H2-ENC000973,HOSP040283,2023-08-04,Routine Checkup,H2-PROV0018,DEPT012,12718,2022-04-03,2021-04-28
H2-ENC000974,HOSP015412,2020-09-21,Routine Checkup,H2-PROV0012,DEPT001,46095,2023-12-26,2020-05-10
H2-ENC000975,HOSP040957,2023-05-26,Routine Checkup,H2-PROV0015,DEPT019,27647,2022-07-05,2024-05-20
H2-ENC000976,HOSP013793,2025-10-26,Telemedicine,H2-PROV0011,DEPT003,44323,2021-04-28,2023-11-01
H2-ENC000977,HOSP004121,2020-04-13,Routine Checkup,H2-PROV0003,DEPT017,36953,2026-04-23,2021-09-17
H2-ENC000978,HOSP023843,2025-03-24,Routine Checkup,H2-PROV0005,DEPT020,22795,2025-02-14,2026-03-13
H2-ENC000979,HOSP038331,2020-07-31,Telemedicine,H2-PROV0009,DEPT003,29273,2020-09-08,2024-10-02
H2-ENC000980,HOSP019389,2020-11-23,Inpatient,H2-PROV0007,DEPT003,69638,2025-10-23,2023-05-05
H2-ENC000981,HOSP008651,2026-06-03,Emergency,H2-PROV0013,DEPT007,61147,2024-07-04,2023-02-23
H2-ENC000982,HOSP030237,2025-06-06,Emergency,H2-PROV0020,DEPT018,89485,2022-07-01,2023-02-17
H2-ENC000983,HOSP007857,2024-08-14,Telemedicine,H2-PROV0024,DEPT016,88972,2021-11-24,2022-04-27
H2-ENC000984,HOSP042333,2022-06-12,Routine Checkup,H2-PROV0020,DEPT003,64881,2022-05-28,2022-09-17
H2-ENC000985,HOSP031567,2025-10-17,Routine Checkup,H2-PROV0021,DEPT003,36953,2020-12-09,2023-02-10
H2-ENC000986,HOSP048975,2022-11-27,Inpatient,H2-PROV0020,DEPT009,55284,2024-05-30,2025-07-10
H2-ENC000987,HOSP033738,2021-06-11,Telemedicine,H2-PROV0009,DEPT009,76537,2021-12-27,2025-06-08
H2-ENC000988,HOSP005924,2023-11-02,Outpatient,H2-PROV0013,DEPT017,21826,2020-09-10,2020-08-22
H2-ENC000989,HOSP030000,2024-09-10,Emergency,H2-PROV0015,DEPT017,39955,2020-03-12,2026-06-09
H2-ENC000990,HOSP043518,2020-03-03,Outpatient,H2-PROV0004,DEPT006,66033,2026-02-17,2024-06-27
H2-ENC000991,HOSP015916,2022-05-24,Telemedicine,H2-PROV0025,DEPT017,25624,2023-12-18,2026-03-30
H2-ENC000992,HOSP044015,2024-04-03,Outpatient,H2-PROV0006,DEPT016,81608,2021-05-03,2023-08-08
H2-ENC000993,HOSP016740,2022-02-23,Inpatient,H2-PROV0001,DEPT010,38013,2025-04-08,2022-12-14
H2-ENC000994,HOSP012797,2021-12-22,Inpatient,H2-PROV0012,DEPT001,13974,2021-01-08,2024-02-27
H2-ENC000995,HOSP014012,2023-04-20,Emergency,H2-PROV0028,DEPT016,44002,2022-06-04,2025-11-04
H2-ENC000996,HOSP026346,2022-07-28,Emergency,H2-PROV0023,DEPT001,40806,2026-04-18,2022-08-05
H2-ENC000997,HOSP026066,2022-04-05,Emergency,H2-PROV0024,DEPT012,79579,2021-08-16,2023-09-03
H2-ENC000998,HOSP045228,2024-06-21,Telemedicine,H2-PROV0026,DEPT012,93015,2024-11-19,2023-12-26
H2-ENC000999,HOSP029605,2022-07-12,Routine Checkup,H2-PROV0018,DEPT016,41787,2023-09-13,2024-11-06
H2-ENC001000,HOSP047518,2022-08-23,Inpatient,H2-PROV0007,DEPT004,72092,2020-08-19,2024-08-01
H2-ENC001001,HOSP013967,2023-07-13,Inpatient,H2-PROV0007,DEPT014,70928,2023-04-09,2022-04-02
H2-ENC001002,HOSP023910,2023-07-22,Inpatient,H2-PROV0022,DEPT014,67522,2023-11-23,2020-07-08
H2-ENC001003,HOSP026388,2026-02-11,Inpatient,H2-PROV0025,DEPT017,20113,2022-12-18,2021-06-02
H2-ENC001004,HOSP016823,2025-03-30,Telemedicine,H2-PROV0006,DEPT011,24848,2022-01-16,2020-06-03
H2-ENC001005,HOSP012853,2021-02-07,Emergency,H2-PROV0029,DEPT017,55663,2023-04-02,2026-08-17
H2-ENC001006,HOSP035456,2021-08-22,Telemedicine,H2-PROV0027,DEPT016,65668,2025-08-05,2021-03-01
H2-ENC001007,HOSP018871,2022-08-21,Inpatient,H2-PROV0005,DEPT009,20782,2025-07-21,2025-01-21
H2-ENC001008,HOSP038444,2020-05-16,Outpatient,H2-PROV0030,DEPT019,32087,2022-05-08,2026-02-16
H2-ENC001009,HOSP030932,2026-07-01,Outpatient,H2-PROV0001,DEPT007,75302,2023-11-05,2020-10-20
H2-ENC001010,HOSP019010,2026-09-23,Routine Checkup,H2-PROV0003,DEPT015,94909,2025-05-03,2022-09-13
H2-ENC001011,HOSP002828,2023-07-12,Routine Checkup,H2-PROV0009,DEPT007,12718,2020-04-27,2025-03-14
H2-ENC001012,HOSP011389,2020-11-21,Routine Checkup,H2-PROV0004,DEPT008,36115,2024-11-09,2020-05-22
H2-ENC001013,HOSP007634,2025-01-25,Outpatient,H2-PROV0017,DEPT018,45115,2023-05-29,2026-05-04
H2-ENC001014,HOSP041372,2025-11-21,Inpatient,H2-PROV0022,DEPT019,90758,2025-06-05,2020-09-22
H2-ENC001015,HOSP044190,2025-01-25,Telemedicine,H2-PROV0018,DEPT011,40255,2020-08-07,2020-08-04
H2-ENC001016,HOSP006698,2022-08-23,Routine Checkup,H2-PROV0028,DEPT013,96903,2020-07-10,2026-06-14
H2-ENC001017,HOSP040470,2025-02-03,Telemedicine,H2-PROV0011,DEPT011,89360,2021-06-30,2020-06-11
H2-ENC001018,HOSP042036,2025-12-14,Outpatient,H2-PROV0021,DEPT003,37785,2021-09-21,2020-12-15
H2-ENC001019,HOSP042626,2024-12-18,Inpatient,H2-PROV0005,DEPT016,61976,2022-04-14,2024-08-13
H2-ENC001020,HOSP021307,2023-08-06,Routine Checkup,H2-PROV0007,DEPT011,93338,2022-10-30,2025-11-22
H2-ENC001021,HOSP002816,2022-07-06,Inpatient,H2-PROV0012,DEPT001,20203,2021-07-20,2023-03-29
H2-ENC001022,HOSP003457,2024-05-19,Emergency,H2-PROV0001,DEPT002,37404,2025-06-30,2024-08-28
H2-ENC001023,HOSP047093,2025-01-27,Routine Checkup,H2-PROV0014,DEPT015,34672,2020-04-22,2024-02-09
H2-ENC001024,HOSP001941,2023-10-12,Outpatient,H2-PROV0025,DEPT017,84413,2022-05-07,2026-03-22
H2-ENC001025,HOSP021730,2025-05-06,Telemedicine,H2-PROV0028,DEPT012,62815,2026-08-26,2026-04-06
H2-ENC001026,HOSP046758,2023-04-19,Emergency,H2-PROV0028,DEPT008,30619,2024-03-07,2023-10-27
H2-ENC001027,HOSP030867,2025-07-05,Telemedicine,H2-PROV0016,DEPT011,48045,2024-02-27,2023-06-25
H2-ENC001028,HOSP038607,2025-02-07,Telemedicine,H2-PROV0025,DEPT001,64881,2023-04-06,2023-05-22
H2-ENC001029,HOSP037496,2021-02-21,Emergency,H2-PROV0005,DEPT018,56195,2026-01-21,2023-09-29
H2-ENC001030,HOSP023925,2023-12-28,Routine Checkup,H2-PROV0026,DEPT010,21656,2025-08-29,2022-09-24
H2-ENC001031,HOSP035924,2025-09-02,Routine Checkup,H2-PROV0014,DEPT016,48413,2022-01-31,2020-07-25
H2-ENC001032,HOSP049321,2023-03-05,Routine Checkup,H2-PROV0022,DEPT012,82892,2023-03-21,2025-06-30
H2-ENC001033,HOSP018302,2025-08-31,Emergency,H2-PROV0006,DEPT005,48203,2025-11-25,2023-03-26
H2-ENC001034,HOSP039440,2023-11-30,Routine Checkup,H2-PROV0025,DEPT012,40806,2021-06-15,2025-09-02
H2-ENC001035,HOSP025857,2021-12-24,Outpatient,H2-PROV0010,DEPT014,36953,2022-11-24,2023-05-06
H2-ENC001036,HOSP028524,2022-07-31,Emergency,H2-PROV0026,DEPT002,30248,2021-08-22,2021-06-11
H2-ENC001037,HOSP046485,2024-07-10,Telemedicine,H2-PROV0002,DEPT013,63066,2022-07-17,2020-08-24
H2-ENC001038,HOSP026642,2025-01-30,Outpatient,H2-PROV0029,DEPT009,21826,2023-05-22,2022-02-22
H2-ENC001039,HOSP045370,2024-10-10,Routine Checkup,H2-PROV0019,DEPT018,78741,2021-11-13,2026-08-29
H2-ENC001040,HOSP017974,2025-06-04,Emergency,H2-PROV0015,DEPT004,28166,2025-04-27,2026-03-06
H2-ENC001041,HOSP040071,2025-03-26,Emergency,H2-PROV0010,DEPT007,99557,2023-12-20,2025-05-07
H2-ENC001042,HOSP029896,2023-08-07,Routine Checkup,H2-PROV0025,DEPT019,60071,2022-11-19,2023-05-28
H2-ENC001043,HOSP016672,2020-06-15,Emergency,H2-PROV0018,DEPT013,50576,2024-07-04,2024-02-02
H2-ENC001044,HOSP047006,2026-06-05,Routine Checkup,H2-PROV0006,DEPT011,20258,2023-07-26,2022-03-10
H2-ENC001045,HOSP042795,2024-01-23,Routine Checkup,H2-PROV0001,DEPT016,68543,2025-04-14,2024-09-28
H2-ENC001046,HOSP012356,2021-04-19,Routine Checkup,H2-PROV0022,DEPT020,10540,2024-02-22,2020-10-12
H2-ENC001047,HOSP002793,2026-08-27,Outpatient,H2-PROV0030,DEPT011,40502,2026-09-11,2024-07-25
H2-ENC001048,HOSP039307,2022-04-04,Inpatient,H2-PROV0022,DEPT020,21656,2022-11-18,2025-08-17
H2-ENC001049,HOSP033860,2021-07-17,Outpatient,H2-PROV0030,DEPT015,75794,2025-11-22,2021-09-28
H2-ENC001050,HOSP017605,2020-06-24,Inpatient,H2-PROV0007,DEPT002,21133,2022-08-26,2026-08-19
H2-ENC001051,HOSP046250,2021-06-30,Telemedicine,H2-PROV0010,DEPT006,79425,2023-06-23,2023-06-26
H2-ENC001052,HOSP005557,2025-09-22,Emergency,H2-PROV0017,DEPT004,75480,2022-02-27,2021-08-31
H2-ENC001053,HOSP006680,2020-08-10,Emergency,H2-PROV0020,DEPT007,98121,2024-11-02,2023-11-19
H2-ENC001054,HOSP036656,2020-05-28,Inpatient,H2-PROV0015,DEPT001,17352,2025-06-24,2022-05-07
H2-ENC001055,HOSP004286,2022-09-28,Inpatient,H2-PROV0017,DEPT014,37785,2021-05-16,2026-09-05
H2-ENC001056,HOSP031198,2025-12-04,Telemedicine,H2-PROV0014,DEPT004,46677,2023-04-15,2024-11-26
H2-ENC001057,HOSP043472,2024-02-13,Telemedicine,H2-PROV0014,DEPT014,44303,2020-11-22,2022-06-03
H2-ENC001058,HOSP006652,2023-03-21,Routine Checkup,H2-PROV0020,DEPT020,34629,2020-07-14,2024-06-10
H2-ENC001059,HOSP025596,2023-09-24,Outpatient,H2-PROV0027,DEPT003,14177,2026-10-04,2023-05-05
H2-ENC001060,HOSP046078,2021-04-11,Inpatient,H2-PROV0002,DEPT001,45073,2024-08-28,2020-11-14
H2-ENC001061,HOSP015793,2024-01-02,Routine Checkup,H2-PROV0029,DEPT014,11029,2022-12-25,2025-09-24
H2-ENC001062,HOSP032387,2020-10-17,Routine Checkup,H2-PROV0005,DEPT014,38212,2025-02-06,2020-07-05
H2-ENC001063,HOSP039396,2026-02-14,Telemedicine,H2-PROV0008,DEPT017,72710,2024-05-11,2026-06-03
H2-ENC001064,HOSP028071,2023-05-06,Routine Checkup,H2-PROV0020,DEPT014,64423,2025-04-07,2026-10-02
H2-ENC001065,HOSP029441,2024-04-07,Emergency,H2-PROV0004,DEPT002,65668,2025-10-04,2021-10-30
H2-ENC001066,HOSP027082,2020-09-01,Outpatient,H2-PROV0029,DEPT004,55835,2023-01-26,2025-06-24
H2-ENC001067,HOSP023880,2023-01-15,Routine Checkup,H2-PROV0026,DEPT011,64287,2024-08-26,2022-09-12
H2-ENC001068,HOSP000157,2024-05-18,Outpatient,H2-PROV0005,DEPT011,60969,2023-08-22,2020-05-02
H2-ENC001069,HOSP023900,2022-12-28,Routine Checkup,H2-PROV0001,DEPT017,20138,2022-02-20,2023-11-02
H2-ENC001070,HOSP009874,2025-07-22,Routine Checkup,H2-PROV0002,DEPT008,48203,2023-01-30,2025-06-16
H2-ENC001071,HOSP018970,2026-01-01,Telemedicine,H2-PROV0025,DEPT016,66023,2022-04-01,2020-11-14
H2-ENC001072,HOSP016977,2020-09-30,Telemedicine,H2-PROV0006,DEPT016,32565,2025-10-03,2022-09-24
H2-ENC001073,HOSP047502,2026-07-21,Telemedicine,H2-PROV0008,DEPT015,75302,2024-05-13,2023-12-31
H2-ENC001074,HOSP035441,2020-04-17,Routine Checkup,H2-PROV0020,DEPT012,85043,2026-06-18,2020-06-14
H2-ENC001075,HOSP017995,2024-02-05,Inpatient,H2-PROV0022,DEPT018,73034,2023-04-07,2022-06-26
H2-ENC001076,HOSP047246,2025-01-19,Telemedicine,H2-PROV0002,DEPT003,29273,2020-12-29,2020-06-06
H2-ENC001077,HOSP028556,2024-02-09,Emergency,H2-PROV0020,DEPT012,42812,2020-02-01,2020-05-15
H2-ENC001078,HOSP027038,2025-06-14,Outpatient,H2-PROV0011,DEPT011,65795,2026-01-21,2024-01-22
H2-ENC001079,HOSP007469,2020-07-02,Emergency,H2-PROV0001,DEPT018,21656,2022-10-09,2023-01-09
H2-ENC001080,HOSP009088,2024-02-25,Emergency,H2-PROV0012,DEPT011,65420,2022-05-03,2025-12-23
H2-ENC001081,HOSP040373,2020-12-22,Emergency,H2-PROV0014,DEPT008,94566,2022-07-20,2025-01-12
H2-ENC001082,HOSP024766,2025-02-28,Routine Checkup,H2-PROV0021,DEPT004,70414,2022-07-20,2022-10-03
H2-ENC001083,HOSP002184,2025-09-16,Outpatient,H2-PROV0016,DEPT009,19290,2022-12-24,2025-07-05
H2-ENC001084,HOSP025340,2020-04-22,Telemedicine,H2-PROV0002,DEPT001,42200,2021-10-01,2022-12-06
H2-ENC001085,HOSP030883,2020-07-14,Inpatient,H2-PROV0007,DEPT018,76797,2022-06-16,2022-06-08
H2-ENC001086,HOSP013364,2022-02-25,Emergency,H2-PROV0018,DEPT004,18688,2025-10-29,2025-08-20
H2-ENC001087,HOSP021071,2026-01-05,Emergency,H2-PROV0017,DEPT003,83075,2021-07-07,2024-09-24
H2-ENC001088,HOSP005452,2025-03-24,Inpatient,H2-PROV0003,DEPT006,66263,2020-01-11,2021-09-23
H2-ENC001089,HOSP004079,2021-04-20,Emergency,H2-PROV0025,DEPT011,39255,2026-05-24,2025-06-21
H2-ENC001090,HOSP005441,2022-04-09,Telemedicine,H2-PROV0019,DEPT002,97014,2020-12-20,2024-08-15
H2-ENC001091,HOSP005423,2025-01-18,Emergency,H2-PROV0003,DEPT015,38609,2021-11-05,2023-03-30
H2-ENC001092,HOSP034958,2024-12-08,Telemedicine,H2-PROV0025,DEPT008,81495,2022-03-06,2022-07-07
H2-ENC001093,HOSP016503,2022-07-06,Routine Checkup,H2-PROV0028,DEPT013,95960,2023-10-02,2023-12-26
H2-ENC001094,HOSP024893,2026-01-24,Outpatient,H2-PROV0025,DEPT016,60075,2026-02-20,2022-12-20
H2-ENC001095,HOSP010771,2024-05-25,Emergency,H2-PROV0016,DEPT008,93079,2026-03-20,2023-05-26
H2-ENC001096,HOSP043672,2020-10-13,Emergency,H2-PROV0018,DEPT008,76332,2023-08-24,2022-06-20
H2-ENC001097,HOSP004523,2021-06-19,Outpatient,H2-PROV0026,DEPT002,57849,2021-07-06,2022-08-03
H2-ENC001098,HOSP002580,2022-02-02,Outpatient,H2-PROV0017,DEPT018,49103,2021-03-01,2026-02-12
H2-ENC001099,HOSP048910,2026-04-04,Inpatient,H2-PROV0029,DEPT017,96629,2023-02-08,2020-02-21
H2-ENC001100,HOSP037150,2023-12-24,Routine Checkup,H2-PROV0012,DEPT006,75884,2020-11-26,2022-11-20
H2-ENC001101,HOSP011814,2024-11-22,Routine Checkup,H2-PROV0020,DEPT011,10346,2021-04-26,2023-09-07
H2-ENC001102,HOSP010632,2024-04-04,Inpatient,H2-PROV0007,DEPT012,21133,2020-12-15,2022-05-11
H2-ENC001103,HOSP004990,2026-01-25,Routine Checkup,H2-PROV0013,DEPT015,41787,2025-01-28,2023-12-18
H2-ENC001104,HOSP024314,2025-08-02,Emergency,H2-PROV0003,DEPT013,26430,2025-08-16,2020-02-03
H2-ENC001105,HOSP047176,2021-05-17,Routine Checkup,H2-PROV0005,DEPT013,10755,2020-08-22,2024-08-09
H2-ENC001106,HOSP000796,2024-02-13,Inpatient,H2-PROV0027,DEPT015,55029,2024-06-02,2025-07-24
H2-ENC001107,HOSP009074,2021-02-05,Outpatient,H2-PROV0005,DEPT005,30619,2024-06-23,2021-09-30
H2-ENC001108,HOSP047247,2024-08-17,Telemedicine,H2-PROV0017,DEPT006,19096,2026-03-03,2025-10-13
H2-ENC001109,HOSP002742,2020-11-03,Routine Checkup,H2-PROV0013,DEPT019,67423,2021-12-19,2023-09-26
H2-ENC001110,HOSP027143,2023-12-30,Outpatient,H2-PROV0010,DEPT004,94840,2022-11-02,2023-07-30
H2-ENC001111,HOSP047246,2026-09-05,Inpatient,H2-PROV0024,DEPT006,75794,2024-05-17,2021-07-02
H2-ENC001112,HOSP034802,2025-03-30,Inpatient,H2-PROV0025,DEPT007,22064,2025-08-06,2025-10-07
H2-ENC001113,HOSP006594,2024-10-29,Routine Checkup,H2-PROV0026,DEPT002,61742,2026-02-16,2023-04-13
H2-ENC001114,HOSP042108,2020-03-06,Outpatient,H2-PROV0027,DEPT018,97715,2023-01-25,2020-01-05
H2-ENC001115,HOSP036437,2022-04-23,Inpatient,H2-PROV0018,DEPT016,21172,2026-05-29,2023-08-14
H2-ENC001116,HOSP016595,2022-06-04,Emergency,H2-PROV0016,DEPT006,74768,2020-06-10,2025-10-20
H2-ENC001117,HOSP042381,2022-01-31,Emergency,H2-PROV0026,DEPT014,64270,2024-03-05,2022-04-17
H2-ENC001118,HOSP044423,2026-07-04,Outpatient,H2-PROV0008,DEPT011,37641,2023-03-16,2023-08-13
H2-ENC001119,HOSP015600,2024-05-10,Inpatient,H2-PROV0018,DEPT005,51371,2024-06-10,2025-11-18
H2-ENC001120,HOSP039673,2022-11-22,Inpatient,H2-PROV0004,DEPT001,16171,2026-05-31,2021-06-25
H2-ENC001121,HOSP005725,2026-06-17,Routine Checkup,H2-PROV0006,DEPT007,79266,2022-01-25,2023-12-24
H2-ENC001122,HOSP002011,2025-07-27,Routine Checkup,H2-PROV0013,DEPT005,38013,2022-06-22,2021-08-22
H2-ENC001123,HOSP003800,2024-04-23,Emergency,H2-PROV0013,DEPT002,18688,2020-08-18,2020-07-14
H2-ENC001124,HOSP020485,2024-12-07,Outpatient,H2-PROV0015,DEPT001,26725,2024-07-19,2021-08-26
H2-ENC001125,HOSP019576,2022-05-24,Emergency,H2-PROV0027,DEPT013,63485,2022-10-31,2022-07-26
H2-ENC001126,HOSP004171,2023-03-23,Inpatient,H2-PROV0014,DEPT015,48413,2022-10-21,2020-03-24
H2-ENC001127,HOSP014056,2023-12-07,Telemedicine,H2-PROV0004,DEPT015,16146,2024-08-01,2022-02-16
H2-ENC001128,HOSP013424,2026-05-07,Routine Checkup,H2-PROV0029,DEPT006,84089,2020-10-28,2023-12-18
H2-ENC001129,HOSP009272,2024-05-04,Telemedicine,H2-PROV0010,DEPT020,71185,2020-01-22,2020-10-12
H2-ENC001130,HOSP019757,2026-03-02,Routine Checkup,H2-PROV0021,DEPT016,57849,2024-03-18,2020-11-17
H2-ENC001131,HOSP030616,2023-01-12,Inpatient,H2-PROV0020,DEPT019,94909,2020-02-13,2021-08-09
H2-ENC001132,HOSP005655,2025-07-23,Outpatient,H2-PROV0015,DEPT005,19587,2023-04-27,2023-02-10
H2-ENC001133,HOSP035555,2025-02-15,Inpatient,H2-PROV0022,DEPT006,75480,2024-05-14,2025-08-13
H2-ENC001134,HOSP033610,2020-09-05,Inpatient,H2-PROV0021,DEPT008,48045,2020-10-23,2025-10-11
H2-ENC001135,HOSP040810,2026-06-07,Routine Checkup,H2-PROV0022,DEPT009,69288,2023-07-30,2026-07-21
H2-ENC001136,HOSP038420,2022-09-06,Emergency,H2-PROV0022,DEPT013,77671,2022-04-08,2024-05-23
H2-ENC001137,HOSP022779,2026-06-02,Inpatient,H2-PROV0021,DEPT008,64511,2023-08-17,2022-01-13
H2-ENC001138,HOSP035683,2021-10-28,Telemedicine,H2-PROV0018,DEPT008,89742,2024-08-17,2026-03-26
H2-ENC001139,HOSP010333,2025-08-03,Emergency,H2-PROV0030,DEPT012,17225,2022-03-05,2023-10-11
H2-ENC001140,HOSP014069,2024-05-07,Routine Checkup,H2-PROV0010,DEPT015,73598,2022-10-02,2020-04-04
H2-ENC001141,HOSP005164,2021-10-14,Outpatient,H2-PROV0028,DEPT003,32674,2026-09-17,2020-08-28
H2-ENC001142,HOSP034788,2025-03-05,Outpatient,H2-PROV0006,DEPT009,48603,2021-10-18,2024-03-17
H2-ENC001143,HOSP047229,2020-02-14,Routine Checkup,H2-PROV0023,DEPT003,51570,2020-08-14,2021-10-06
H2-ENC001144,HOSP024697,2025-09-15,Emergency,H2-PROV0025,DEPT009,69450,2021-07-02,2021-10-27
H2-ENC001145,HOSP038109,2024-11-20,Inpatient,H2-PROV0005,DEPT009,71110,2020-01-15,2026-04-06
H2-ENC001146,HOSP021837,2023-04-24,Emergency,H2-PROV0011,DEPT005,98428,2021-01-24,2022-02-12
H2-ENC001147,HOSP035065,2021-08-30,Outpatient,H2-PROV0019,DEPT012,56966,2020-03-17,2021-05-26
H2-ENC001148,HOSP033215,2024-06-09,Emergency,H2-PROV0013,DEPT008,76447,2020-10-28,2020-08-22
H2-ENC001149,HOSP039694,2024-12-01,Emergency,H2-PROV0011,DEPT008,38675,2025-12-24,2025-12-02
H2-ENC001150,HOSP001142,2025-10-27,Telemedicine,H2-PROV0022,DEPT013,79722,2026-05-01,2026-06-01
H2-ENC001151,HOSP043803,2026-05-07,Routine Checkup,H2-PROV0012,DEPT005,34956,2020-06-12,2020-12-15
H2-ENC001152,HOSP026509,2024-10-23,Telemedicine,H2-PROV0012,DEPT010,97802,2021-08-20,2022-03-08
H2-ENC001153,HOSP023832,2021-12-21,Telemedicine,H2-PROV0015,DEPT018,19403,2021-03-22,2022-07-10
H2-ENC001154,HOSP048518,2025-06-05,Telemedicine,H2-PROV0030,DEPT001,97506,2024-11-27,2022-04-03
H2-ENC001155,HOSP024842,2020-08-22,Telemedicine,H2-PROV0025,DEPT019,92395,2022-10-26,2020-02-19
H2-ENC001156,HOSP013117,2026-07-22,Inpatient,H2-PROV0024,DEPT007,78005,2025-11-21,2025-09-18
H2-ENC001157,HOSP014226,2021-03-21,Telemedicine,H2-PROV0008,DEPT010,75287,2026-01-04,2022-03-10
H2-ENC001158,HOSP021517,2020-03-30,Inpatient,H2-PROV0009,DEPT020,10034,2026-02-05,2024-01-27
H2-ENC001159,HOSP025815,2024-04-16,Telemedicine,H2-PROV0020,DEPT018,77626,2024-08-25,2020-10-02
H2-ENC001160,HOSP015262,2025-03-14,Inpatient,H2-PROV0024,DEPT020,60015,2026-03-16,2026-05-01
H2-ENC001161,HOSP044651,2026-02-19,Emergency,H2-PROV0009,DEPT010,72710,2023-11-03,2021-07-30
H2-ENC001162,HOSP034691,2021-04-02,Telemedicine,H2-PROV0010,DEPT008,84421,2022-05-18,2022-09-15
H2-ENC001163,HOSP002657,2022-04-11,Emergency,H2-PROV0025,DEPT017,99921,2023-01-23,2026-02-08
H2-ENC001164,HOSP030814,2023-11-05,Outpatient,H2-PROV0018,DEPT018,43706,2025-07-20,2021-09-17
H2-ENC001165,HOSP039737,2025-11-03,Telemedicine,H2-PROV0012,DEPT008,76259,2023-09-04,2020-07-25
H2-ENC001166,HOSP042816,2023-06-24,Outpatient,H2-PROV0008,DEPT018,32615,2025-05-08,2024-05-16
H2-ENC001167,HOSP014982,2023-04-14,Routine Checkup,H2-PROV0017,DEPT015,95451,2020-09-25,2021-08-03
H2-ENC001168,HOSP001810,2022-10-08,Routine Checkup,H2-PROV0024,DEPT006,15796,2024-05-15,2020-06-21
H2-ENC001169,HOSP040021,2021-05-08,Emergency,H2-PROV0010,DEPT018,91746,2022-09-17,2026-04-04
H2-ENC001170,HOSP045568,2020-09-17,Telemedicine,H2-PROV0030,DEPT019,60237,2026-03-12,2021-01-24
H2-ENC001171,HOSP030785,2024-04-30,Outpatient,H2-PROV0002,DEPT008,72068,2025-04-15,2025-11-19
H2-ENC001172,HOSP048472,2024-05-06,Routine Checkup,H2-PROV0008,DEPT017,87180,2025-03-04,2024-01-10
H2-ENC001173,HOSP041815,2021-05-28,Emergency,H2-PROV0001,DEPT010,79425,2026-04-03,2021-03-08
H2-ENC001174,HOSP002021,2024-02-22,Routine Checkup,H2-PROV0021,DEPT008,46669,2022-09-15,2024-10-30
H2-ENC001175,HOSP034896,2024-07-08,Routine Checkup,H2-PROV0008,DEPT011,28826,2024-09-01,2020-04-29
H2-ENC001176,HOSP018109,2020-02-13,Routine Checkup,H2-PROV0005,DEPT005,33258,2021-07-08,2023-05-29
H2-ENC001177,HOSP025158,2025-04-12,Inpatient,H2-PROV0025,DEPT004,20174,2021-01-25,2026-04-20
H2-ENC001178,HOSP033859,2022-09-11,Inpatient,H2-PROV0013,DEPT010,55805,2025-12-15,2020-10-26
H2-ENC001179,HOSP036730,2023-02-01,Telemedicine,H2-PROV0029,DEPT019,25152,2022-11-28,2021-01-27
H2-ENC001180,HOSP007727,2020-11-26,Outpatient,H2-PROV0010,DEPT019,74701,2021-12-24,2024-09-28
H2-ENC001181,HOSP032767,2022-01-03,Telemedicine,H2-PROV0007,DEPT018,11908,2021-11-12,2024-11-07
H2-ENC001182,HOSP005910,2020-09-16,Inpatient,H2-PROV0028,DEPT001,80648,2021-01-22,2025-05-21
H2-ENC001183,HOSP029828,2025-11-30,Emergency,H2-PROV0007,DEPT005,45577,2020-12-28,2025-06-27
H2-ENC001184,HOSP049138,2023-03-03,Telemedicine,H2-PROV0001,DEPT001,30208,2020-12-31,2022-08-22
H2-ENC001185,HOSP038718,2024-06-06,Emergency,H2-PROV0030,DEPT009,34151,2021-10-11,2025-09-16
H2-ENC001186,HOSP041286,2023-01-26,Outpatient,H2-PROV0002,DEPT013,81171,2020-06-21,2023-10-26
H2-ENC001187,HOSP028913,2025-06-19,Emergency,H2-PROV0007,DEPT012,30076,2022-03-29,2022-11-22
H2-ENC001188,HOSP033482,2021-10-21,Routine Checkup,H2-PROV0019,DEPT017,20203,2021-05-11,2020-05-18
H2-ENC001189,HOSP035041,2024-07-22,Telemedicine,H2-PROV0016,DEPT020,28322,2025-02-03,2023-02-26
H2-ENC001190,HOSP015148,2022-08-08,Telemedicine,H2-PROV0007,DEPT015,99799,2022-02-09,2023-04-24
H2-ENC001191,HOSP011742,2024-01-05,Routine Checkup,H2-PROV0029,DEPT015,94034,2025-12-19,2020-01-18
H2-ENC001192,HOSP034314,2024-12-18,Telemedicine,H2-PROV0004,DEPT009,81171,2026-03-28,2020-05-29
H2-ENC001193,HOSP044396,2023-10-15,Routine Checkup,H2-PROV0025,DEPT013,81013,2022-04-22,2022-05-03
H2-ENC001194,HOSP031732,2025-11-01,Emergency,H2-PROV0005,DEPT015,81495,2022-01-06,2025-03-26
H2-ENC001195,HOSP035648,2026-02-17,Telemedicine,H2-PROV0026,DEPT003,96904,2024-08-16,2021-03-31
H2-ENC001196,HOSP042542,2022-07-06,Inpatient,H2-PROV0002,DEPT010,10661,2023-06-02,2025-04-25
H2-ENC001197,HOSP027027,2020-03-16,Outpatient,H2-PROV0018,DEPT004,14982,2022-11-24,2021-12-06
H2-ENC001198,HOSP043763,2025-08-26,Telemedicine,H2-PROV0021,DEPT004,35645,2022-09-26,2021-08-18
H2-ENC001199,HOSP035569,2025-03-26,Outpatient,H2-PROV0005,DEPT006,77235,2025-08-29,2023-09-29
H2-ENC001200,HOSP032798,2021-04-18,Outpatient,H2-PROV0029,DEPT013,35799,2025-01-21,2020-03-28
H2-ENC001201,HOSP009041,2025-11-03,Emergency,H2-PROV0016,DEPT014,34493,2021-01-07,2025-07-02
H2-ENC001202,HOSP045946,2023-02-24,Routine Checkup,H2-PROV0009,DEPT003,18688,2026-05-13,2025-01-01
H2-ENC001203,HOSP000459,2024-03-29,Routine Checkup,H2-PROV0002,DEPT007,96904,2023-11-08,2024-02-24
H2-ENC001204,HOSP022551,2020-03-23,Telemedicine,H2-PROV0010,DEPT020,80648,2021-05-12,2026-10-04
H2-ENC001205,HOSP040685,2020-05-06,Outpatient,H2-PROV0029,DEPT011,79634,2026-05-13,2021-04-06
H2-ENC001206,HOSP009486,2024-12-22,Inpatient,H2-PROV0008,DEPT002,54726,2020-06-08,2020-03-30
H2-ENC001207,HOSP047447,2022-01-28,Routine Checkup,H2-PROV0024,DEPT002,47821,2026-04-10,2024-03-27
H2-ENC001208,HOSP037178,2020-06-25,Outpatient,H2-PROV0018,DEPT014,76908,2025-01-20,2025-08-27
H2-ENC001209,HOSP025994,2021-09-24,Telemedicine,H2-PROV0018,DEPT018,24371,2022-10-09,2021-05-03
H2-ENC001210,HOSP041650,2025-04-16,Routine Checkup,H2-PROV0018,DEPT004,24383,2025-06-21,2023-10-20
H2-ENC001211,HOSP012372,2020-03-26,Telemedicine,H2-PROV0003,DEPT011,53313,2025-08-30,2022-05-13
H2-ENC001212,HOSP045073,2026-07-18,Outpatient,H2-PROV0007,DEPT013,95451,2025-08-26,2024-02-25
H2-ENC001213,HOSP024958,2021-12-13,Emergency,H2-PROV0013,DEPT009,21199,2022-10-31,2022-08-31
H2-ENC001214,HOSP009648,2024-02-22,Inpatient,H2-PROV0016,DEPT005,71812,2023-08-30,2021-05-28
H2-ENC001215,HOSP049656,2025-01-24,Inpatient,H2-PROV0010,DEPT003,43570,2023-12-28,2022-02-05
H2-ENC001216,HOSP022061,2023-08-20,Telemedicine,H2-PROV0009,DEPT018,94597,2026-08-21,2023-11-12
H2-ENC001217,HOSP045321,2024-11-13,Telemedicine,H2-PROV0024,DEPT004,74413,2022-01-11,2025-10-24
H2-ENC001218,HOSP001908,2020-04-06,Emergency,H2-PROV0002,DEPT017,71258,2023-04-12,2025-09-17
H2-ENC001219,HOSP019530,2024-05-03,Inpatient,H2-PROV0009,DEPT001,94872,2025-01-02,2026-07-29
H2-ENC001220,HOSP007222,2026-08-26,Routine Checkup,H2-PROV0002,DEPT018,62815,2021-01-13,2022-07-09
H2-ENC001221,HOSP012835,2025-02-17,Outpatient,H2-PROV0026,DEPT008,37001,2025-11-26,2020-02-02
H2-ENC001222,HOSP003910,2024-03-29,Emergency,H2-PROV0015,DEPT019,53879,2026-01-04,2020-08-30
H2-ENC001223,HOSP045434,2020-01-29,Inpatient,H2-PROV0025,DEPT006,37751,2023-05-11,2020-02-13
H2-ENC001224,HOSP041762,2022-06-22,Emergency,H2-PROV0019,DEPT006,84051,2022-05-04,2025-02-18
H2-ENC001225,HOSP038825,2025-07-07,Emergency,H2-PROV0022,DEPT007,85655,2021-12-09,2025-12-17
H2-ENC001226,HOSP026518,2025-01-18,Outpatient,H2-PROV0006,DEPT013,60015,2023-10-30,2024-02-26
H2-ENC001227,HOSP024397,2023-10-27,Routine Checkup,H2-PROV0017,DEPT009,73030,2022-02-27,2024-12-08
H2-ENC001228,HOSP021341,2020-09-26,Telemedicine,H2-PROV0015,DEPT006,24305,2022-05-28,2021-04-03
H2-ENC001229,HOSP018855,2023-03-15,Inpatient,H2-PROV0011,DEPT020,81013,2021-07-23,2022-06-02
H2-ENC001230,HOSP048748,2020-05-04,Routine Checkup,H2-PROV0027,DEPT012,38389,2020-10-22,2024-05-15
H2-ENC001231,HOSP044623,2023-05-20,Inpatient,H2-PROV0011,DEPT020,27204,2022-03-25,2020-02-24
H2-ENC001232,HOSP024042,2025-11-29,Inpatient,H2-PROV0029,DEPT012,96827,2026-10-02,2024-08-04
H2-ENC001233,HOSP006048,2021-07-05,Inpatient,H2-PROV0010,DEPT017,64881,2025-09-22,2023-10-05
H2-ENC001234,HOSP008811,2023-02-18,Telemedicine,H2-PROV0030,DEPT017,21536,2025-11-24,2021-05-19
H2-ENC001235,HOSP017005,2021-01-24,Routine Checkup,H2-PROV0021,DEPT008,94218,2023-07-16,2026-03-12
H2-ENC001236,HOSP007975,2023-06-08,Routine Checkup,H2-PROV0015,DEPT017,67423,2024-11-18,2022-01-04
H2-ENC001237,HOSP016500,2022-11-07,Outpatient,H2-PROV0027,DEPT013,87524,2020-11-13,2020-08-13
H2-ENC001238,HOSP001734,2024-05-09,Inpatient,H2-PROV0008,DEPT012,13974,2021-07-26,2020-03-20
H2-ENC001239,HOSP032754,2020-07-24,Telemedicine,H2-PROV0020,DEPT012,44424,2025-05-28,2021-02-09
H2-ENC001240,HOSP032245,2023-06-27,Outpatient,H2-PROV0009,DEPT016,21275,2020-01-02,2026-07-09
H2-ENC001241,HOSP010365,2022-04-03,Emergency,H2-PROV0025,DEPT020,71258,2024-10-08,2022-05-23
H2-ENC001242,HOSP023461,2020-11-10,Emergency,H2-PROV0010,DEPT020,33369,2022-01-22,2021-10-05
H2-ENC001243,HOSP015907,2026-05-05,Inpatient,H2-PROV0030,DEPT013,13484,2023-04-11,2024-11-25
H2-ENC001244,HOSP021644,2023-06-30,Inpatient,H2-PROV0009,DEPT010,12888,2026-02-13,2026-04-15
H2-ENC001245,HOSP000013,2021-03-19,Outpatient,H2-PROV0023,DEPT019,39256,2022-05-21,2023-11-11
H2-ENC001246,HOSP019285,2020-07-26,Telemedicine,H2-PROV0028,DEPT012,21397,2025-04-13,2025-09-18
H2-ENC001247,HOSP036811,2026-03-01,Telemedicine,H2-PROV0026,DEPT020,48413,2026-07-06,2025-09-07
H2-ENC001248,HOSP012199,2026-02-16,Telemedicine,H2-PROV0030,DEPT020,43294,2021-12-21,2024-08-04
H2-ENC001249,HOSP003481,2025-02-28,Outpatient,H2-PROV0018,DEPT004,75745,2020-04-09,2021-09-09
H2-ENC001250,HOSP016273,2023-04-13,Outpatient,H2-PROV0023,DEPT016,75599,2023-09-22,2026-04-17
H2-ENC001251,HOSP000400,2024-05-17,Outpatient,H2-PROV0015,DEPT007,11200,2025-02-01,2023-03-13
H2-ENC001252,HOSP023854,2024-07-20,Outpatient,H2-PROV0025,DEPT001,11095,2025-01-20,2022-06-05
H2-ENC001253,HOSP027820,2020-08-04,Telemedicine,H2-PROV0009,DEPT019,15696,2022-09-29,2025-07-06
H2-ENC001254,HOSP006525,2024-01-26,Routine Checkup,H2-PROV0024,DEPT019,91726,2023-09-07,2022-08-27
H2-ENC001255,HOSP046871,2026-08-17,Outpatient,H2-PROV0007,DEPT011,88698,2023-10-21,2023-07-27
H2-ENC001256,HOSP029508,2024-01-31,Routine Checkup,H2-PROV0013,DEPT004,71259,2020-09-29,2022-12-04
H2-ENC001257,HOSP043417,2024-02-09,Telemedicine,H2-PROV0016,DEPT017,52175,2026-09-16,2022-08-25
H2-ENC001258,HOSP027993,2021-09-27,Routine Checkup,H2-PROV0027,DEPT010,23432,2023-07-15,2022-04-22
H2-ENC001259,HOSP019377,2026-06-21,Routine Checkup,H2-PROV0008,DEPT001,77833,2020-01-23,2022-03-28
H2-ENC001260,HOSP015812,2025-02-17,Emergency,H2-PROV0001,DEPT020,49397,2026-07-12,2020-06-23
H2-ENC001261,HOSP018801,2024-08-16,Emergency,H2-PROV0002,DEPT008,33580,2024-02-02,2023-10-05
H2-ENC001262,HOSP000363,2025-05-19,Routine Checkup,H2-PROV0002,DEPT006,67757,2024-02-07,2020-03-25
H2-ENC001263,HOSP039170,2024-11-02,Inpatient,H2-PROV0028,DEPT018,16614,2022-12-15,2022-02-17
H2-ENC001264,HOSP013285,2020-08-24,Routine Checkup,H2-PROV0002,DEPT014,75745,2024-05-01,2026-07-26
H2-ENC001265,HOSP005639,2022-12-30,Routine Checkup,H2-PROV0003,DEPT019,60608,2022-11-08,2025-05-29
H2-ENC001266,HOSP032158,2021-08-28,Inpatient,H2-PROV0006,DEPT011,53233,2022-11-12,2022-03-16
H2-ENC001267,HOSP048223,2025-07-28,Emergency,H2-PROV0016,DEPT017,79355,2020-12-19,2024-01-10
H2-ENC001268,HOSP036496,2026-01-10,Outpatient,H2-PROV0003,DEPT012,40219,2023-07-02,2022-07-24
H2-ENC001269,HOSP039790,2023-08-19,Inpatient,H2-PROV0030,DEPT006,35799,2023-12-27,2023-05-22
H2-ENC001270,HOSP036321,2023-07-27,Inpatient,H2-PROV0007,DEPT016,94566,2024-12-06,2022-05-03
H2-ENC001271,HOSP035431,2025-08-04,Emergency,H2-PROV0024,DEPT012,59966,2022-01-23,2024-05-14
H2-ENC001272,HOSP041285,2021-07-08,Outpatient,H2-PROV0027,DEPT002,51371,2020-10-03,2021-02-09
H2-ENC001273,HOSP046571,2023-04-21,Telemedicine,H2-PROV0025,DEPT008,93338,2022-04-25,2023-03-18
H2-ENC001274,HOSP003392,2023-06-15,Routine Checkup,H2-PROV0002,DEPT020,31282,2021-10-08,2020-07-07
H2-ENC001275,HOSP004116,2020-02-17,Emergency,H2-PROV0003,DEPT001,72365,2021-08-18,2024-11-13
H2-ENC001276,HOSP027741,2026-09-30,Outpatient,H2-PROV0027,DEPT001,17163,2025-05-14,2022-02-16
H2-ENC001277,HOSP012151,2025-08-13,Outpatient,H2-PROV0028,DEPT013,84089,2025-03-25,2023-07-02
H2-ENC001278,HOSP027600,2021-05-08,Emergency,H2-PROV0001,DEPT013,23047,2021-01-13,2025-11-20
H2-ENC001279,HOSP040817,2021-08-09,Routine Checkup,H2-PROV0026,DEPT006,92133,2025-07-02,2023-02-04
H2-ENC001280,HOSP011666,2026-02-04,Telemedicine,H2-PROV0028,DEPT018,31734,2021-04-30,2021-01-17
H2-ENC001281,HOSP010447,2025-02-13,Inpatient,H2-PROV0017,DEPT018,70688,2025-11-01,2024-01-09
H2-ENC001282,HOSP025785,2026-02-17,Outpatient,H2-PROV0016,DEPT016,46814,2024-09-05,2021-11-24
H2-ENC001283,HOSP034526,2022-08-29,Telemedicine,H2-PROV0018,DEPT012,98614,2023-05-09,2022-06-07
H2-ENC001284,HOSP001057,2023-12-14,Telemedicine,H2-PROV0017,DEPT015,84805,2022-01-16,2024-04-05
H2-ENC001285,HOSP002347,2022-05-02,Routine Checkup,H2-PROV0011,DEPT008,74035,2020-08-13,2021-10-20
H2-ENC001286,HOSP001825,2024-01-08,Routine Checkup,H2-PROV0029,DEPT012,22293,2024-06-27,2024-03-26
H2-ENC001287,HOSP008262,2026-08-27,Emergency,H2-PROV0024,DEPT001,11400,2026-06-05,2022-11-28
H2-ENC001288,HOSP033760,2024-11-19,Telemedicine,H2-PROV0004,DEPT011,66840,2021-05-20,2022-02-21
H2-ENC001289,HOSP044640,2022-04-25,Emergency,H2-PROV0019,DEPT020,25335,2025-01-20,2023-09-02
H2-ENC001290,HOSP034039,2025-03-04,Routine Checkup,H2-PROV0006,DEPT018,34096,2020-02-07,2021-11-25
H2-ENC001291,HOSP022898,2024-10-25,Inpatient,H2-PROV0001,DEPT007,99977,2020-02-26,2025-04-29
H2-ENC001292,HOSP035502,2022-04-19,Routine Checkup,H2-PROV0029,DEPT006,40533,2022-08-29,2025-01-30
H2-ENC001293,HOSP025251,2025-09-26,Emergency,H2-PROV0025,DEPT002,80325,2020-09-19,2021-11-24
H2-ENC001294,HOSP009680,2023-05-18,Emergency,H2-PROV0030,DEPT011,93015,2024-07-12,2023-11-04
H2-ENC001295,HOSP035978,2023-09-15,Inpatient,H2-PROV0002,DEPT006,69288,2024-09-21,2020-10-31
H2-ENC001296,HOSP020371,2024-07-01,Emergency,H2-PROV0001,DEPT004,39592,2023-03-13,2022-10-04
H2-ENC001297,HOSP042338,2024-01-16,Telemedicine,H2-PROV0013,DEPT007,17216,2025-09-26,2023-01-14
H2-ENC001298,HOSP033642,2020-12-31,Routine Checkup,H2-PROV0018,DEPT016,79579,2023-11-01,2021-06-03
H2-ENC001299,HOSP041061,2025-01-12,Inpatient,H2-PROV0024,DEPT012,20203,2021-09-14,2022-06-22
H2-ENC001300,HOSP004487,2020-07-05,Routine Checkup,H2-PROV0008,DEPT002,42716,2022-11-19,2023-08-09
H2-ENC001301,HOSP010772,2020-06-28,Inpatient,H2-PROV0025,DEPT020,72068,2020-11-05,2024-12-30
H2-ENC001302,HOSP040515,2022-12-22,Inpatient,H2-PROV0008,DEPT007,30076,2024-07-24,2023-12-11
H2-ENC001303,HOSP017323,2021-12-25,Emergency,H2-PROV0017,DEPT010,54345,2026-05-19,2025-04-02
H2-ENC001304,HOSP006345,2022-05-09,Routine Checkup,H2-PROV0012,DEPT014,30248,2021-11-24,2020-02-24
H2-ENC001305,HOSP021115,2022-09-01,Routine Checkup,H2-PROV0018,DEPT018,30149,2025-10-27,2025-09-14
H2-ENC001306,HOSP014293,2021-11-05,Telemedicine,H2-PROV0014,DEPT010,89421,2026-02-12,2021-05-02
H2-ENC001307,HOSP045984,2021-02-26,Telemedicine,H2-PROV0023,DEPT020,88440,2021-05-29,2022-02-16
H2-ENC001308,HOSP044304,2021-07-21,Inpatient,H2-PROV0023,DEPT017,75774,2020-06-21,2020-12-12
H2-ENC001309,HOSP019643,2020-02-07,Inpatient,H2-PROV0027,DEPT008,79683,2026-08-06,2026-07-12
H2-ENC001310,HOSP034965,2025-06-12,Routine Checkup,H2-PROV0023,DEPT012,76797,2025-06-03,2020-03-01
H2-ENC001311,HOSP016428,2026-06-21,Outpatient,H2-PROV0003,DEPT006,31734,2025-09-18,2022-04-29
H2-ENC001312,HOSP046188,2023-11-29,Inpatient,H2-PROV0015,DEPT014,59028,2020-09-02,2021-10-09
H2-ENC001313,HOSP024685,2023-06-01,Routine Checkup,H2-PROV0017,DEPT007,57174,2020-01-16,2025-10-15
H2-ENC001314,HOSP043465,2024-09-25,Emergency,H2-PROV0019,DEPT016,32995,2021-04-13,2023-10-27
H2-ENC001315,HOSP023711,2023-07-29,Emergency,H2-PROV0002,DEPT008,44303,2026-04-15,2024-01-24
H2-ENC001316,HOSP039287,2022-05-13,Inpatient,H2-PROV0013,DEPT014,10886,2021-05-17,2024-08-08
H2-ENC001317,HOSP046880,2021-08-29,Inpatient,H2-PROV0026,DEPT006,90489,2023-05-14,2023-03-03
H2-ENC001318,HOSP037336,2023-08-27,Routine Checkup,H2-PROV0006,DEPT016,46719,2021-01-12,2020-02-03
H2-ENC001319,HOSP010650,2023-02-28,Inpatient,H2-PROV0030,DEPT019,40533,2024-04-06,2021-10-22
H2-ENC001320,HOSP016742,2025-03-10,Telemedicine,H2-PROV0013,DEPT002,87560,2025-05-19,2025-10-01
H2-ENC001321,HOSP033526,2026-03-30,Outpatient,H2-PROV0001,DEPT017,86865,2025-12-09,2026-07-30
H2-ENC001322,HOSP033291,2025-10-22,Inpatient,H2-PROV0014,DEPT010,65668,2022-09-05,2024-08-17
H2-ENC001323,HOSP008125,2026-08-15,Telemedicine,H2-PROV0024,DEPT015,81402,2020-05-25,2025-10-25
H2-ENC001324,HOSP011719,2020-02-28,Emergency,H2-PROV0004,DEPT007,73686,2023-07-22,2022-02-01
H2-ENC001325,HOSP007298,2021-10-30,Outpatient,H2-PROV0021,DEPT018,99294,2026-06-28,2025-11-24
H2-ENC001326,HOSP016145,2024-05-09,Outpatient,H2-PROV0027,DEPT019,33433,2025-12-03,2023-10-23
H2-ENC001327,HOSP028636,2025-06-30,Telemedicine,H2-PROV0025,DEPT018,72404,2024-03-17,2026-03-12
H2-ENC001328,HOSP028706,2022-04-11,Telemedicine,H2-PROV0022,DEPT016,71625,2026-03-24,2020-01-11
H2-ENC001329,HOSP025814,2020-12-14,Routine Checkup,H2-PROV0028,DEPT012,72979,2020-03-29,2022-07-02
H2-ENC001330,HOSP048164,2023-10-11,Telemedicine,H2-PROV0002,DEPT017,12046,2023-01-07,2023-12-21
H2-ENC001331,HOSP036006,2024-05-09,Routine Checkup,H2-PROV0025,DEPT007,18032,2025-09-20,2024-08-09
H2-ENC001332,HOSP014881,2023-11-17,Routine Checkup,H2-PROV0004,DEPT004,68824,2026-08-31,2021-01-11
H2-ENC001333,HOSP041467,2020-02-21,Emergency,H2-PROV0021,DEPT013,49338,2025-03-02,2025-03-06
H2-ENC001334,HOSP038413,2026-05-20,Outpatient,H2-PROV0015,DEPT006,34096,2024-08-09,2020-04-10
H2-ENC001335,HOSP047629,2023-08-28,Telemedicine,H2-PROV0027,DEPT003,31282,2023-05-07,2020-06-03
H2-ENC001336,HOSP017329,2023-01-06,Telemedicine,H2-PROV0005,DEPT020,65340,2021-12-24,2024-01-19
H2-ENC001337,HOSP039928,2023-02-08,Routine Checkup,H2-PROV0003,DEPT015,66976,2026-06-10,2021-08-04
H2-ENC001338,HOSP001667,2021-10-30,Telemedicine,H2-PROV0028,DEPT015,45009,2023-10-30,2020-05-03
H2-ENC001339,HOSP038809,2026-09-15,Inpatient,H2-PROV0013,DEPT008,15804,2025-06-10,2023-01-30
H2-ENC001340,HOSP039391,2022-04-27,Outpatient,H2-PROV0028,DEPT001,27527,2022-04-19,2020-12-07
H2-ENC001341,HOSP029546,2025-06-20,Outpatient,H2-PROV0005,DEPT005,88363,2020-06-15,2024-09-23
H2-ENC001342,HOSP027143,2025-07-08,Telemedicine,H2-PROV0030,DEPT014,13814,2020-12-10,2021-05-05
H2-ENC001343,HOSP049189,2022-02-12,Telemedicine,H2-PROV0014,DEPT013,52359,2020-06-23,2021-07-16
H2-ENC001344,HOSP023411,2024-01-19,Emergency,H2-PROV0016,DEPT015,51679,2022-02-02,2025-06-24
H2-ENC001345,HOSP008867,2024-03-26,Emergency,H2-PROV0019,DEPT018,70702,2022-08-19,2026-01-29
H2-ENC001346,HOSP001147,2022-12-04,Outpatient,H2-PROV0023,DEPT014,93755,2026-04-02,2024-08-02
H2-ENC001347,HOSP041475,2024-05-26,Emergency,H2-PROV0012,DEPT001,49502,2022-09-03,2024-07-03
H2-ENC001348,HOSP046447,2021-01-16,Telemedicine,H2-PROV0007,DEPT013,18951,2020-09-04,2023-09-04
H2-ENC001349,HOSP040653,2026-01-23,Telemedicine,H2-PROV0029,DEPT004,85043,2021-02-18,2025-02-01
H2-ENC001350,HOSP021423,2020-05-16,Telemedicine,H2-PROV0014,DEPT010,12166,2024-04-03,2024-08-11
H2-ENC001351,HOSP008898,2024-04-05,Emergency,H2-PROV0016,DEPT016,47609,2024-02-10,2022-11-18
H2-ENC001352,HOSP003178,2023-01-07,Routine Checkup,H2-PROV0026,DEPT013,34096,2023-06-29,2023-09-22
H2-ENC001353,HOSP034486,2021-10-06,Routine Checkup,H2-PROV0013,DEPT011,45073,2021-03-15,2023-06-19
H2-ENC001354,HOSP041271,2026-08-28,Inpatient,H2-PROV0006,DEPT018,10160,2024-03-27,2020-04-13
H2-ENC001355,HOSP005886,2025-05-01,Inpatient,H2-PROV0029,DEPT017,87187,2023-04-22,2026-03-21
H2-ENC001356,HOSP042962,2023-02-12,Emergency,H2-PROV0009,DEPT018,76394,2022-11-27,2020-03-27
H2-ENC001357,HOSP019929,2025-03-29,Inpatient,H2-PROV0019,DEPT004,51097,2023-03-19,2025-06-17
H2-ENC001358,HOSP023021,2021-06-18,Inpatient,H2-PROV0010,DEPT015,15136,2020-09-23,2020-06-05
H2-ENC001359,HOSP000608,2023-10-30,Routine Checkup,H2-PROV0022,DEPT010,68044,2026-09-29,2022-01-31
H2-ENC001360,HOSP018461,2023-06-20,Outpatient,H2-PROV0007,DEPT018,15076,2020-10-24,2023-07-22
H2-ENC001361,HOSP001169,2022-04-11,Outpatient,H2-PROV0014,DEPT010,99799,2022-10-16,2026-03-06
H2-ENC001362,HOSP003996,2025-02-11,Inpatient,H2-PROV0023,DEPT017,90481,2025-08-01,2023-11-13
H2-ENC001363,HOSP047777,2021-03-13,Emergency,H2-PROV0014,DEPT014,42632,2023-11-26,2024-06-04
H2-ENC001364,HOSP019349,2025-04-04,Emergency,H2-PROV0001,DEPT013,51053,2022-04-16,2023-06-15
H2-ENC001365,HOSP028898,2025-10-13,Inpatient,H2-PROV0005,DEPT020,31649,2020-07-24,2022-02-22
H2-ENC001366,HOSP001175,2020-04-28,Inpatient,H2-PROV0021,DEPT009,20356,2023-09-06,2024-04-25
H2-ENC001367,HOSP046013,2021-04-21,Telemedicine,H2-PROV0018,DEPT012,88786,2024-02-10,2025-03-03
H2-ENC001368,HOSP031429,2020-06-14,Outpatient,H2-PROV0003,DEPT010,38212,2026-06-18,2021-02-03
H2-ENC001369,HOSP007226,2023-03-21,Telemedicine,H2-PROV0028,DEPT011,51912,2022-06-19,2020-09-20
H2-ENC001370,HOSP005781,2022-01-23,Telemedicine,H2-PROV0023,DEPT002,25350,2025-10-05,2020-12-08
H2-ENC001371,HOSP015789,2024-01-02,Inpatient,H2-PROV0012,DEPT005,14988,2022-10-17,2021-06-04
H2-ENC001372,HOSP001080,2023-10-11,Outpatient,H2-PROV0023,DEPT017,81979,2025-04-22,2020-01-09
H2-ENC001373,HOSP026956,2020-11-29,Telemedicine,H2-PROV0010,DEPT012,55572,2025-12-03,2022-01-18
H2-ENC001374,HOSP029507,2022-08-15,Emergency,H2-PROV0011,DEPT009,53233,2020-12-18,2024-06-23
H2-ENC001375,HOSP001015,2021-11-12,Routine Checkup,H2-PROV0028,DEPT011,42812,2020-11-24,2022-08-19
H2-ENC001376,HOSP017617,2020-02-22,Telemedicine,H2-PROV0023,DEPT020,73034,2022-02-20,2022-12-06
H2-ENC001377,HOSP022333,2025-08-13,Telemedicine,H2-PROV0001,DEPT020,76259,2026-01-16,2023-06-11
H2-ENC001378,HOSP040323,2023-06-07,Routine Checkup,H2-PROV0005,DEPT011,50070,2025-06-06,2024-08-09
H2-ENC001379,HOSP032243,2023-06-23,Outpatient,H2-PROV0025,DEPT008,26599,2024-10-29,2023-06-04
H2-ENC001380,HOSP030672,2024-01-24,Telemedicine,H2-PROV0025,DEPT012,11200,2022-12-14,2023-08-16
H2-ENC001381,HOSP018857,2023-01-14,Emergency,H2-PROV0023,DEPT010,26754,2026-08-22,2024-05-07
H2-ENC001382,HOSP031559,2025-07-25,Routine Checkup,H2-PROV0008,DEPT009,53687,2024-05-10,2021-05-25
H2-ENC001383,HOSP035017,2020-10-19,Emergency,H2-PROV0006,DEPT017,34434,2020-06-19,2022-04-23
H2-ENC001384,HOSP019359,2022-11-17,Emergency,H2-PROV0029,DEPT010,81015,2020-07-14,2023-05-17
H2-ENC001385,HOSP017711,2025-12-31,Routine Checkup,H2-PROV0005,DEPT012,75794,2025-11-14,2026-05-09
H2-ENC001386,HOSP020492,2025-08-12,Emergency,H2-PROV0011,DEPT020,89688,2024-07-17,2020-06-23
H2-ENC001387,HOSP040617,2026-01-27,Telemedicine,H2-PROV0002,DEPT007,74768,2026-04-29,2025-09-13
H2-ENC001388,HOSP004138,2023-02-06,Inpatient,H2-PROV0020,DEPT016,17225,2026-06-30,2024-06-22
H2-ENC001389,HOSP010432,2020-10-30,Outpatient,H2-PROV0004,DEPT010,53896,2024-07-11,2020-05-10
H2-ENC001390,HOSP021877,2024-04-06,Emergency,H2-PROV0026,DEPT002,11052,2024-10-07,2022-07-18
H2-ENC001391,HOSP037969,2023-08-29,Routine Checkup,H2-PROV0019,DEPT010,18346,2021-12-01,2026-09-25
H2-ENC001392,HOSP020407,2024-03-07,Telemedicine,H2-PROV0019,DEPT010,97715,2026-08-25,2024-10-08
H2-ENC001393,HOSP040373,2024-06-26,Telemedicine,H2-PROV0009,DEPT012,20476,2020-04-04,2024-06-18
H2-ENC001394,HOSP042124,2022-01-30,Inpatient,H2-PROV0027,DEPT020,46256,2024-06-20,2026-09-14
H2-ENC001395,HOSP015249,2020-02-26,Routine Checkup,H2-PROV0005,DEPT010,82323,2026-06-08,2024-12-19
H2-ENC001396,HOSP045433,2025-02-22,Emergency,H2-PROV0016,DEPT017,50576,2020-10-02,2023-12-01
H2-ENC001397,HOSP041337,2024-02-18,Routine Checkup,H2-PROV0002,DEPT008,76711,2026-07-01,2022-04-20
H2-ENC001398,HOSP043345,2022-09-01,Routine Checkup,H2-PROV0021,DEPT011,12415,2021-09-06,2023-12-29
H2-ENC001399,HOSP034781,2021-08-01,Inpatient,H2-PROV0003,DEPT001,57047,2022-09-22,2026-06-03
H2-ENC001400,HOSP047964,2024-02-19,Telemedicine,H2-PROV0012,DEPT003,86698,2023-05-01,2024-06-06
H2-ENC001401,HOSP040822,2021-06-09,Routine Checkup,H2-PROV0030,DEPT018,54726,2024-05-28,2022-03-27
H2-ENC001402,HOSP043768,2026-01-17,Outpatient,H2-PROV0014,DEPT020,10160,2022-04-07,2023-03-17
H2-ENC001403,HOSP002084,2025-08-12,Routine Checkup,H2-PROV0006,DEPT018,72220,2020-10-04,2026-09-12
H2-ENC001404,HOSP022597,2026-03-01,Emergency,H2-PROV0023,DEPT009,60877,2022-08-12,2023-08-13
H2-ENC001405,HOSP022276,2025-11-05,Routine Checkup,H2-PROV0030,DEPT017,10540,2024-03-17,2025-05-13
H2-ENC001406,HOSP047590,2020-03-09,Telemedicine,H2-PROV0008,DEPT009,37005,2020-12-15,2023-08-25
H2-ENC001407,HOSP012069,2026-06-10,Telemedicine,H2-PROV0012,DEPT017,16146,2025-08-24,2022-03-05
H2-ENC001408,HOSP045952,2023-02-26,Emergency,H2-PROV0001,DEPT020,21536,2023-01-13,2020-03-12
H2-ENC001409,HOSP044510,2026-01-18,Routine Checkup,H2-PROV0005,DEPT004,14989,2021-11-01,2025-12-29
H2-ENC001410,HOSP031800,2020-10-06,Emergency,H2-PROV0004,DEPT012,58375,2021-03-31,2022-12-05
H2-ENC001411,HOSP027347,2022-07-31,Outpatient,H2-PROV0011,DEPT003,75720,2025-08-28,2021-12-06
H2-ENC001412,HOSP048969,2025-03-25,Outpatient,H2-PROV0003,DEPT004,56599,2025-11-17,2021-05-09
H2-ENC001413,HOSP022230,2024-08-19,Emergency,H2-PROV0005,DEPT020,41258,2025-03-06,2025-10-18
H2-ENC001414,HOSP004830,2025-12-31,Emergency,H2-PROV0020,DEPT011,38566,2025-11-24,2022-03-20
H2-ENC001415,HOSP049406,2022-05-30,Outpatient,H2-PROV0026,DEPT018,82717,2026-06-14,2020-10-02
H2-ENC001416,HOSP036098,2025-03-29,Routine Checkup,H2-PROV0026,DEPT001,31649,2023-11-01,2021-12-19
H2-ENC001417,HOSP020410,2021-08-13,Routine Checkup,H2-PROV0008,DEPT011,22912,2020-07-25,2023-05-22
H2-ENC001418,HOSP046315,2025-05-23,Telemedicine,H2-PROV0020,DEPT018,15136,2025-03-12,2021-05-02
H2-ENC001419,HOSP027545,2020-06-04,Outpatient,H2-PROV0021,DEPT012,60263,2021-04-09,2020-08-08
H2-ENC001420,HOSP011806,2020-11-23,Routine Checkup,H2-PROV0005,DEPT006,27647,2026-04-29,2021-04-02
H2-ENC001421,HOSP016958,2020-02-02,Routine Checkup,H2-PROV0024,DEPT006,91726,2023-04-08,2025-07-28
H2-ENC001422,HOSP001425,2024-03-31,Emergency,H2-PROV0004,DEPT017,53313,2026-03-03,2023-08-19
H2-ENC001423,HOSP034764,2023-06-12,Routine Checkup,H2-PROV0017,DEPT014,99977,2025-10-02,2026-09-29
H2-ENC001424,HOSP049561,2020-02-15,Telemedicine,H2-PROV0003,DEPT008,99710,2025-03-01,2020-06-20
H2-ENC001425,HOSP048982,2025-10-10,Emergency,H2-PROV0025,DEPT001,74107,2020-02-18,2024-03-29
H2-ENC001426,HOSP014181,2022-08-07,Routine Checkup,H2-PROV0030,DEPT013,12888,2022-08-26,2024-03-30
H2-ENC001427,HOSP043558,2021-12-29,Telemedicine,H2-PROV0009,DEPT016,85710,2020-11-22,2023-11-10
H2-ENC001428,HOSP021749,2021-04-04,Outpatient,H2-PROV0023,DEPT006,31322,2024-08-09,2022-03-18
H2-ENC001429,HOSP037054,2022-03-07,Emergency,H2-PROV0011,DEPT009,81402,2026-08-05,2025-01-01
H2-ENC001430,HOSP023968,2021-01-20,Emergency,H2-PROV0026,DEPT005,14200,2020-02-09,2024-02-07
H2-ENC001431,HOSP009062,2021-08-05,Outpatient,H2-PROV0011,DEPT004,74624,2021-12-27,2025-06-05
H2-ENC001432,HOSP007458,2020-08-28,Inpatient,H2-PROV0030,DEPT002,67997,2022-09-05,2024-01-26
H2-ENC001433,HOSP003096,2024-12-18,Telemedicine,H2-PROV0011,DEPT016,16749,2023-12-02,2025-12-15
H2-ENC001434,HOSP010091,2022-04-17,Outpatient,H2-PROV0023,DEPT003,60196,2025-03-07,2020-08-26
H2-ENC001435,HOSP026531,2025-04-13,Routine Checkup,H2-PROV0026,DEPT007,78730,2025-12-01,2021-09-08
H2-ENC001436,HOSP019494,2021-03-17,Telemedicine,H2-PROV0015,DEPT014,17225,2021-09-29,2021-05-18
H2-ENC001437,HOSP031666,2025-05-01,Telemedicine,H2-PROV0007,DEPT020,76611,2025-11-03,2026-03-18
H2-ENC001438,HOSP047841,2022-06-12,Inpatient,H2-PROV0003,DEPT013,26066,2025-12-10,2025-05-09
H2-ENC001439,HOSP045773,2022-04-05,Telemedicine,H2-PROV0011,DEPT020,99557,2020-10-07,2023-04-11
H2-ENC001440,HOSP032030,2024-02-22,Emergency,H2-PROV0024,DEPT011,17639,2025-02-22,2020-09-27
H2-ENC001441,HOSP036154,2025-03-18,Emergency,H2-PROV0029,DEPT014,23513,2023-02-07,2025-07-26
H2-ENC001442,HOSP039905,2024-06-12,Outpatient,H2-PROV0002,DEPT001,13484,2021-02-10,2020-07-24
H2-ENC001443,HOSP037228,2026-08-11,Routine Checkup,H2-PROV0019,DEPT001,98313,2020-06-22,2025-07-18
H2-ENC001444,HOSP016492,2026-05-19,Outpatient,H2-PROV0010,DEPT005,60360,2026-04-02,2024-04-10
H2-ENC001445,HOSP023855,2022-04-28,Outpatient,H2-PROV0006,DEPT006,92708,2025-05-31,2021-08-01
H2-ENC001446,HOSP041940,2025-04-03,Inpatient,H2-PROV0008,DEPT016,60608,2024-06-07,2024-11-22
H2-ENC001447,HOSP012545,2020-02-04,Routine Checkup,H2-PROV0023,DEPT001,41276,2022-12-26,2021-03-08
H2-ENC001448,HOSP045349,2024-07-06,Outpatient,H2-PROV0010,DEPT018,55369,2023-06-03,2020-07-15
H2-ENC001449,HOSP020329,2025-06-08,Emergency,H2-PROV0017,DEPT018,76611,2026-01-30,2026-09-30
H2-ENC001450,HOSP048560,2023-11-01,Routine Checkup,H2-PROV0015,DEPT006,76716,2020-11-17,2024-04-18
H2-ENC001451,HOSP006571,2021-10-25,Emergency,H2-PROV0011,DEPT003,35331,2020-10-06,2025-12-15
H2-ENC001452,HOSP004192,2022-10-07,Emergency,H2-PROV0025,DEPT019,29273,2026-03-25,2020-07-07
H2-ENC001453,HOSP034501,2023-10-28,Inpatient,H2-PROV0023,DEPT008,30764,2025-08-19,2021-10-03
H2-ENC001454,HOSP017507,2022-04-20,Outpatient,H2-PROV0027,DEPT004,25335,2021-10-06,2021-03-07
H2-ENC001455,HOSP001687,2024-10-10,Emergency,H2-PROV0007,DEPT001,97715,2025-10-03,2021-07-13
H2-ENC001456,HOSP029913,2020-10-08,Emergency,H2-PROV0025,DEPT017,65662,2023-08-12,2022-12-25
H2-ENC001457,HOSP017197,2020-11-09,Outpatient,H2-PROV0004,DEPT007,44321,2022-07-04,2026-09-23
H2-ENC001458,HOSP029977,2026-04-29,Outpatient,H2-PROV0027,DEPT012,40000,2026-01-10,2022-04-15
H2-ENC001459,HOSP030494,2024-04-25,Routine Checkup,H2-PROV0020,DEPT014,40948,2023-11-25,2024-02-19
H2-ENC001460,HOSP029241,2022-11-24,Emergency,H2-PROV0029,DEPT007,22064,2026-02-11,2020-11-05
H2-ENC001461,HOSP002303,2022-01-22,Emergency,H2-PROV0010,DEPT005,92521,2025-03-05,2020-01-31
H2-ENC001462,HOSP036026,2023-07-21,Routine Checkup,H2-PROV0027,DEPT013,22795,2022-12-06,2021-07-15
H2-ENC001463,HOSP009667,2023-02-20,Emergency,H2-PROV0027,DEPT016,25350,2024-01-27,2022-11-18
H2-ENC001464,HOSP026927,2024-02-10,Routine Checkup,H2-PROV0013,DEPT015,89421,2022-08-04,2023-11-17
H2-ENC001465,HOSP030518,2020-03-18,Outpatient,H2-PROV0005,DEPT017,40597,2022-02-16,2024-10-08
H2-ENC001466,HOSP049388,2021-03-01,Outpatient,H2-PROV0029,DEPT020,53233,2023-02-25,2020-12-25
H2-ENC001467,HOSP048444,2023-03-14,Telemedicine,H2-PROV0021,DEPT016,48603,2025-02-20,2025-04-16
H2-ENC001468,HOSP044592,2021-08-30,Inpatient,H2-PROV0013,DEPT002,41536,2021-12-05,2024-03-05
H2-ENC001469,HOSP001869,2024-09-08,Outpatient,H2-PROV0002,DEPT005,49410,2022-12-23,2021-10-09
H2-ENC001470,HOSP020624,2026-09-10,Emergency,H2-PROV0030,DEPT006,63043,2026-04-13,2026-04-19
H2-ENC001471,HOSP035582,2020-04-07,Routine Checkup,H2-PROV0001,DEPT006,14989,2021-01-21,2023-10-03
H2-ENC001472,HOSP015516,2020-02-28,Telemedicine,H2-PROV0027,DEPT018,38389,2022-01-31,2026-04-02
H2-ENC001473,HOSP031452,2023-06-25,Outpatient,H2-PROV0026,DEPT020,12013,2022-01-01,2022-09-12
H2-ENC001474,HOSP041000,2021-11-12,Routine Checkup,H2-PROV0008,DEPT017,99921,2024-04-24,2021-02-13
H2-ENC001475,HOSP008994,2023-05-12,Telemedicine,H2-PROV0026,DEPT009,53629,2026-03-25,2023-10-07
H2-ENC001476,HOSP030753,2022-09-28,Emergency,H2-PROV0022,DEPT003,66921,2024-03-24,2022-04-01
H2-ENC001477,HOSP014016,2026-06-29,Emergency,H2-PROV0008,DEPT001,35082,2025-08-29,2020-02-24
H2-ENC001478,HOSP042554,2022-09-08,Routine Checkup,H2-PROV0030,DEPT017,17139,2025-04-26,2026-06-09
H2-ENC001479,HOSP006294,2022-03-17,Emergency,H2-PROV0021,DEPT006,26066,2021-10-02,2023-03-05
H2-ENC001480,HOSP035358,2025-03-03,Emergency,H2-PROV0017,DEPT017,79992,2025-06-30,2020-03-09
H2-ENC001481,HOSP015074,2021-10-15,Telemedicine,H2-PROV0028,DEPT009,99841,2021-03-04,2022-03-17
H2-ENC001482,HOSP026603,2020-10-20,Emergency,H2-PROV0012,DEPT007,83674,2022-12-13,2022-02-13
H2-ENC001483,HOSP042839,2024-12-09,Outpatient,H2-PROV0023,DEPT006,14988,2025-07-18,2022-08-10
H2-ENC001484,HOSP035726,2023-12-22,Routine Checkup,H2-PROV0011,DEPT002,18822,2020-02-05,2025-07-06
H2-ENC001485,HOSP014759,2024-08-29,Inpatient,H2-PROV0004,DEPT007,76259,2025-12-16,2020-06-18
H2-ENC001486,HOSP010064,2021-10-15,Telemedicine,H2-PROV0020,DEPT003,61147,2023-07-25,2025-08-22
H2-ENC001487,HOSP017886,2025-01-28,Emergency,H2-PROV0019,DEPT018,30764,2022-09-18,2023-02-16
H2-ENC001488,HOSP048675,2023-04-13,Inpatient,H2-PROV0004,DEPT011,67997,2020-05-09,2024-01-27
H2-ENC001489,HOSP019104,2021-07-04,Emergency,H2-PROV0009,DEPT009,20203,2025-03-28,2026-07-04
H2-ENC001490,HOSP002271,2022-06-01,Emergency,H2-PROV0011,DEPT009,33258,2022-04-20,2020-03-22
H2-ENC001491,HOSP018559,2023-09-02,Routine Checkup,H2-PROV0021,DEPT008,41811,2025-10-01,2021-03-01
H2-ENC001492,HOSP044308,2021-01-11,Telemedicine,H2-PROV0028,DEPT001,72068,2021-03-28,2022-10-10
H2-ENC001493,HOSP006645,2020-03-28,Emergency,H2-PROV0021,DEPT005,17178,2022-05-05,2024-01-19
H2-ENC001494,HOSP035641,2022-05-01,Outpatient,H2-PROV0020,DEPT004,36115,2020-05-06,2024-05-27
H2-ENC001495,HOSP000936,2021-10-11,Telemedicine,H2-PROV0009,DEPT013,25335,2024-02-02,2026-02-01
H2-ENC001496,HOSP024219,2024-09-09,Outpatient,H2-PROV0017,DEPT001,49292,2024-02-09,2021-11-20
H2-ENC001497,HOSP021632,2023-08-18,Telemedicine,H2-PROV0022,DEPT001,88891,2021-04-13,2021-09-07
H2-ENC001498,HOSP038191,2021-08-21,Telemedicine,H2-PROV0018,DEPT007,76711,2021-05-26,2022-08-27
H2-ENC001499,HOSP049223,2023-08-05,Outpatient,H2-PROV0011,DEPT007,13682,2024-09-13,2020-01-28
H2-ENC001500,HOSP046697,2026-06-24,Telemedicine,H2-PROV0028,DEPT004,78411,2020-08-10,2021-05-19
H2-ENC001501,HOSP020238,2022-07-14,Emergency,H2-PROV0008,DEPT016,90048,2024-11-12,2024-02-05
H2-ENC001502,HOSP008316,2024-01-13,Emergency,H2-PROV0001,DEPT002,88440,2020-09-23,2022-08-15
H2-ENC001503,HOSP002971,2024-03-18,Outpatient,H2-PROV0021,DEPT015,71697,2024-10-30,2022-10-14
H2-ENC001504,HOSP018098,2023-09-09,Telemedicine,H2-PROV0030,DEPT006,63066,2023-10-28,2025-07-03
H2-ENC001505,HOSP010511,2022-04-21,Emergency,H2-PROV0017,DEPT015,48025,2026-02-16,2020-10-25
H2-ENC001506,HOSP028955,2021-09-16,Inpatient,H2-PROV0030,DEPT020,21656,2023-09-24,2025-10-13
H2-ENC001507,HOSP019094,2023-06-20,Routine Checkup,H2-PROV0015,DEPT015,16146,2020-04-08,2023-08-16
H2-ENC001508,HOSP040575,2025-09-03,Telemedicine,H2-PROV0008,DEPT020,20761,2020-05-30,2022-04-16
H2-ENC001509,HOSP010167,2026-02-06,Telemedicine,H2-PROV0012,DEPT012,58567,2023-01-07,2025-05-24
H2-ENC001510,HOSP027231,2022-01-03,Emergency,H2-PROV0009,DEPT013,46719,2024-03-15,2020-07-13
H2-ENC001511,HOSP028626,2026-04-02,Routine Checkup,H2-PROV0029,DEPT012,17352,2025-07-28,2024-05-26
H2-ENC001512,HOSP016755,2025-12-29,Inpatient,H2-PROV0023,DEPT005,34760,2025-02-03,2021-09-06
H2-ENC001513,HOSP024681,2023-11-10,Outpatient,H2-PROV0009,DEPT017,50462,2021-01-06,2020-03-01
H2-ENC001514,HOSP021257,2023-03-05,Inpatient,H2-PROV0030,DEPT004,18148,2022-04-19,2024-09-08
H2-ENC001515,HOSP049650,2023-01-23,Telemedicine,H2-PROV0010,DEPT009,46669,2024-06-06,2024-07-07
H2-ENC001516,HOSP034380,2023-08-19,Inpatient,H2-PROV0024,DEPT001,58265,2026-01-07,2026-01-19
H2-ENC001517,HOSP029711,2022-10-12,Outpatient,H2-PROV0018,DEPT010,59755,2023-10-06,2021-02-03
H2-ENC001518,HOSP011194,2020-02-18,Emergency,H2-PROV0028,DEPT010,71691,2025-01-21,2020-06-12
H2-ENC001519,HOSP005389,2025-06-26,Outpatient,H2-PROV0010,DEPT005,36953,2020-07-06,2024-11-07
H2-ENC001520,HOSP028595,2021-08-20,Emergency,H2-PROV0005,DEPT009,64811,2024-08-15,2021-07-01
H2-ENC001521,HOSP011340,2025-06-24,Emergency,H2-PROV0030,DEPT005,38918,2022-10-29,2023-11-18
H2-ENC001522,HOSP044534,2026-02-16,Telemedicine,H2-PROV0020,DEPT017,97125,2026-09-02,2022-01-09
H2-ENC001523,HOSP029179,2023-01-26,Telemedicine,H2-PROV0016,DEPT020,73761,2023-03-05,2021-04-15
H2-ENC001524,HOSP030020,2024-08-14,Emergency,H2-PROV0029,DEPT016,91677,2023-09-07,2024-01-03
H2-ENC001525,HOSP027823,2023-12-22,Routine Checkup,H2-PROV0001,DEPT014,94100,2023-08-31,2026-07-08
H2-ENC001526,HOSP010408,2024-12-11,Telemedicine,H2-PROV0020,DEPT002,51947,2022-03-30,2024-06-30
H2-ENC001527,HOSP041679,2022-09-14,Emergency,H2-PROV0025,DEPT010,87180,2023-06-11,2025-08-31
H2-ENC001528,HOSP002068,2022-10-30,Routine Checkup,H2-PROV0028,DEPT009,45673,2022-10-06,2022-06-08
H2-ENC001529,HOSP046951,2024-03-20,Routine Checkup,H2-PROV0014,DEPT008,97181,2025-10-12,2020-06-11
H2-ENC001530,HOSP041873,2025-03-22,Routine Checkup,H2-PROV0027,DEPT015,44303,2023-07-30,2023-01-31
H2-ENC001531,HOSP010247,2021-05-06,Outpatient,H2-PROV0027,DEPT008,50750,2021-08-22,2024-02-18
H2-ENC001532,HOSP015683,2020-10-02,Routine Checkup,H2-PROV0016,DEPT005,77671,2025-05-25,2023-11-24
H2-ENC001533,HOSP044935,2020-11-23,Telemedicine,H2-PROV0027,DEPT018,25742,2024-11-20,2020-12-01
H2-ENC001534,HOSP043734,2022-03-30,Outpatient,H2-PROV0022,DEPT011,15804,2020-07-15,2023-08-12
H2-ENC001535,HOSP030633,2023-11-05,Emergency,H2-PROV0026,DEPT011,80998,2023-04-13,2026-05-29
H2-ENC001536,HOSP032149,2025-02-02,Emergency,H2-PROV0016,DEPT015,67246,2020-02-18,2026-06-13
H2-ENC001537,HOSP024030,2022-12-22,Routine Checkup,H2-PROV0016,DEPT014,86796,2023-08-18,2025-07-12
H2-ENC001538,HOSP000160,2021-05-19,Telemedicine,H2-PROV0022,DEPT017,48203,2021-04-03,2021-02-04
H2-ENC001539,HOSP039234,2023-09-10,Routine Checkup,H2-PROV0023,DEPT006,86571,2020-02-04,2021-10-24
H2-ENC001540,HOSP028213,2024-05-01,Routine Checkup,H2-PROV0029,DEPT004,11845,2026-02-03,2025-03-31
H2-ENC001541,HOSP004508,2023-02-07,Outpatient,H2-PROV0019,DEPT010,37785,2025-08-03,2021-06-12
H2-ENC001542,HOSP003001,2022-09-18,Outpatient,H2-PROV0020,DEPT019,79683,2022-05-07,2024-12-06
H2-ENC001543,HOSP037358,2020-12-02,Routine Checkup,H2-PROV0028,DEPT003,31649,2023-11-14,2024-08-02
H2-ENC001544,HOSP042746,2023-04-04,Routine Checkup,H2-PROV0018,DEPT006,74724,2020-03-22,2024-12-21
H2-ENC001545,HOSP006503,2024-06-28,Telemedicine,H2-PROV0005,DEPT009,26754,2021-07-30,2026-06-30
H2-ENC001546,HOSP008633,2025-03-08,Emergency,H2-PROV0029,DEPT010,61147,2021-11-16,2021-04-08
H2-ENC001547,HOSP021103,2023-12-19,Emergency,H2-PROV0002,DEPT017,12166,2025-12-22,2023-01-18
H2-ENC001548,HOSP043039,2020-03-15,Telemedicine,H2-PROV0015,DEPT016,79722,2026-06-21,2023-06-28
H2-ENC001549,HOSP027109,2024-07-29,Telemedicine,H2-PROV0016,DEPT001,86172,2023-10-08,2022-05-25
H2-ENC001550,HOSP013263,2026-03-05,Routine Checkup,H2-PROV0025,DEPT007,60075,2022-04-25,2023-10-15
H2-ENC001551,HOSP006087,2024-09-30,Emergency,H2-PROV0020,DEPT005,72404,2023-07-30,2023-02-02
H2-ENC001552,HOSP008183,2021-05-30,Routine Checkup,H2-PROV0007,DEPT015,64811,2025-05-05,2021-04-17
H2-ENC001553,HOSP044121,2021-03-30,Routine Checkup,H2-PROV0019,DEPT020,76908,2025-12-16,2021-11-15
H2-ENC001554,HOSP009121,2021-05-22,Emergency,H2-PROV0023,DEPT019,69638,2022-07-01,2026-01-03
H2-ENC001555,HOSP022841,2024-12-09,Telemedicine,H2-PROV0009,DEPT003,63721,2022-04-28,2022-08-07
H2-ENC001556,HOSP013816,2022-02-08,Telemedicine,H2-PROV0007,DEPT004,74035,2020-06-25,2025-07-15
H2-ENC001557,HOSP015823,2021-06-25,Routine Checkup,H2-PROV0011,DEPT007,20258,2024-05-08,2021-07-04
H2-ENC001558,HOSP028219,2022-05-12,Emergency,H2-PROV0027,DEPT013,37404,2022-10-06,2025-06-14
H2-ENC001559,HOSP048292,2022-04-29,Telemedicine,H2-PROV0030,DEPT006,84051,2026-09-29,2020-06-13
H2-ENC001560,HOSP044461,2023-01-23,Emergency,H2-PROV0012,DEPT020,64270,2023-04-06,2021-02-01
H2-ENC001561,HOSP005217,2021-04-10,Outpatient,H2-PROV0004,DEPT012,92102,2024-10-13,2020-02-10
H2-ENC001562,HOSP015305,2023-05-13,Outpatient,H2-PROV0002,DEPT013,13705,2021-10-20,2022-02-02
H2-ENC001563,HOSP000998,2025-04-27,Telemedicine,H2-PROV0024,DEPT002,28151,2022-10-17,2024-10-16
H2-ENC001564,HOSP031699,2024-10-30,Telemedicine,H2-PROV0001,DEPT016,71994,2021-10-17,2022-07-11
H2-ENC001565,HOSP014807,2025-06-10,Telemedicine,H2-PROV0001,DEPT012,18688,2024-01-31,2024-10-12
H2-ENC001566,HOSP010691,2025-03-13,Outpatient,H2-PROV0012,DEPT005,37375,2026-08-22,2022-04-29
H2-ENC001567,HOSP026169,2023-07-18,Telemedicine,H2-PROV0030,DEPT003,49171,2020-08-27,2025-08-27
H2-ENC001568,HOSP018053,2023-02-15,Routine Checkup,H2-PROV0014,DEPT015,80524,2023-05-18,2021-04-14
H2-ENC001569,HOSP021945,2024-10-01,Outpatient,H2-PROV0014,DEPT015,18657,2023-04-12,2020-04-16
H2-ENC001570,HOSP045324,2025-01-29,Routine Checkup,H2-PROV0005,DEPT020,51570,2021-01-24,2020-05-26
H2-ENC001571,HOSP021130,2026-05-06,Routine Checkup,H2-PROV0018,DEPT013,33195,2023-06-27,2023-11-30
H2-ENC001572,HOSP036392,2024-03-23,Telemedicine,H2-PROV0018,DEPT007,98486,2022-06-03,2025-09-27
H2-ENC001573,HOSP021191,2021-09-15,Emergency,H2-PROV0023,DEPT011,10346,2022-06-06,2024-04-08
H2-ENC001574,HOSP002604,2024-06-29,Routine Checkup,H2-PROV0028,DEPT004,26599,2026-04-04,2021-04-28
H2-ENC001575,HOSP041650,2026-01-03,Emergency,H2-PROV0027,DEPT007,85707,2024-07-02,2023-06-29
H2-ENC001576,HOSP039973,2024-06-10,Outpatient,H2-PROV0026,DEPT013,23432,2025-12-10,2021-07-11
H2-ENC001577,HOSP037271,2026-09-03,Inpatient,H2-PROV0007,DEPT017,51901,2021-02-26,2021-03-05
H2-ENC001578,HOSP021091,2024-07-25,Emergency,H2-PROV0012,DEPT004,45577,2025-02-07,2021-03-25
H2-ENC001579,HOSP011193,2021-12-02,Emergency,H2-PROV0013,DEPT018,49171,2025-12-25,2025-12-07
H2-ENC001580,HOSP046754,2022-08-30,Routine Checkup,H2-PROV0013,DEPT016,37015,2023-06-24,2025-11-07
H2-ENC001581,HOSP023034,2020-02-12,Inpatient,H2-PROV0015,DEPT004,72220,2025-11-30,2024-10-30
H2-ENC001582,HOSP035656,2026-03-29,Routine Checkup,H2-PROV0029,DEPT016,14982,2023-12-25,2026-08-13
H2-ENC001583,HOSP034015,2024-07-03,Routine Checkup,H2-PROV0006,DEPT015,72092,2025-03-13,2026-04-07
H2-ENC001584,HOSP048640,2024-12-03,Emergency,H2-PROV0004,DEPT013,93733,2020-07-12,2022-08-19
H2-ENC001585,HOSP001182,2020-12-25,Telemedicine,H2-PROV0013,DEPT001,71625,2025-02-16,2024-10-24
H2-ENC001586,HOSP043213,2025-02-19,Telemedicine,H2-PROV0017,DEPT006,88698,2022-04-02,2020-02-02
H2-ENC001587,HOSP021732,2022-06-10,Telemedicine,H2-PROV0001,DEPT004,81825,2022-10-04,2021-10-09
H2-ENC001588,HOSP014334,2023-12-21,Emergency,H2-PROV0030,DEPT013,71459,2020-10-30,2021-12-28
H2-ENC001589,HOSP044935,2021-05-06,Inpatient,H2-PROV0005,DEPT014,20203,2023-01-04,2021-07-11
H2-ENC001590,HOSP016646,2023-02-07,Telemedicine,H2-PROV0006,DEPT008,31552,2021-11-05,2025-04-18
H2-ENC001591,HOSP003828,2021-03-24,Emergency,H2-PROV0013,DEPT017,23826,2020-10-03,2026-03-01
H2-ENC001592,HOSP002410,2025-08-11,Inpatient,H2-PROV0030,DEPT015,60015,2023-04-28,2022-04-18
H2-ENC001593,HOSP029692,2021-08-04,Routine Checkup,H2-PROV0017,DEPT006,60864,2021-12-17,2021-01-27
H2-ENC001594,HOSP044602,2024-04-10,Inpatient,H2-PROV0029,DEPT018,13489,2021-08-12,2020-04-14
H2-ENC001595,HOSP039299,2026-04-13,Routine Checkup,H2-PROV0023,DEPT002,42322,2024-10-26,2022-12-23
H2-ENC001596,HOSP034534,2024-03-21,Telemedicine,H2-PROV0026,DEPT018,75772,2022-11-06,2024-02-27
H2-ENC001597,HOSP006514,2023-12-09,Routine Checkup,H2-PROV0023,DEPT016,72710,2021-04-01,2023-10-30
H2-ENC001598,HOSP033973,2021-02-22,Routine Checkup,H2-PROV0029,DEPT013,87365,2021-09-11,2025-01-18
H2-ENC001599,HOSP024092,2024-02-27,Telemedicine,H2-PROV0010,DEPT008,52713,2023-02-05,2024-10-18
H2-ENC001600,HOSP046084,2020-01-10,Inpatient,H2-PROV0009,DEPT018,45202,2026-02-12,2021-10-14
H2-ENC001601,HOSP025687,2022-12-04,Inpatient,H2-PROV0018,DEPT008,26995,2020-08-07,2021-02-17
H2-ENC001602,HOSP042079,2022-05-29,Routine Checkup,H2-PROV0014,DEPT008,25624,2020-04-03,2023-05-01
H2-ENC001603,HOSP042407,2021-08-11,Emergency,H2-PROV0006,DEPT001,52520,2025-04-11,2020-10-11
H2-ENC001604,HOSP030502,2021-06-28,Outpatient,H2-PROV0017,DEPT005,67757,2022-04-02,2022-08-02
H2-ENC001605,HOSP012899,2021-01-18,Telemedicine,H2-PROV0003,DEPT013,58443,2023-03-08,2021-12-19
H2-ENC001606,HOSP033316,2026-02-22,Routine Checkup,H2-PROV0017,DEPT002,50750,2025-12-02,2026-09-14
H2-ENC001607,HOSP042510,2025-05-13,Telemedicine,H2-PROV0011,DEPT019,97224,2025-07-12,2024-01-01
H2-ENC001608,HOSP029118,2023-07-26,Outpatient,H2-PROV0010,DEPT010,27385,2020-12-25,2025-12-07
H2-ENC001609,HOSP017190,2023-06-20,Emergency,H2-PROV0007,DEPT001,81171,2021-10-23,2023-01-31
H2-ENC001610,HOSP027453,2021-12-02,Emergency,H2-PROV0014,DEPT016,12930,2023-09-11,2020-07-01
H2-ENC001611,HOSP041131,2024-07-08,Outpatient,H2-PROV0028,DEPT003,34551,2025-05-29,2022-09-21
H2-ENC001612,HOSP030853,2025-02-08,Outpatient,H2-PROV0002,DEPT013,48917,2025-11-08,2026-09-07
H2-ENC001613,HOSP016496,2025-07-26,Emergency,H2-PROV0014,DEPT008,40255,2020-07-07,2021-02-25
H2-ENC001614,HOSP013390,2022-10-22,Emergency,H2-PROV0007,DEPT017,56003,2025-09-18,2023-12-07
H2-ENC001615,HOSP039039,2024-02-13,Routine Checkup,H2-PROV0009,DEPT010,44321,2023-08-12,2022-01-18
H2-ENC001616,HOSP011588,2024-10-19,Emergency,H2-PROV0008,DEPT020,75772,2026-03-16,2021-07-05
H2-ENC001617,HOSP029760,2022-03-11,Telemedicine,H2-PROV0010,DEPT001,61147,2020-06-23,2022-06-07
H2-ENC001618,HOSP044580,2026-02-24,Telemedicine,H2-PROV0015,DEPT009,15254,2020-04-10,2022-12-15
H2-ENC001619,HOSP007764,2025-12-31,Telemedicine,H2-PROV0014,DEPT003,72404,2026-08-19,2025-11-15
H2-ENC001620,HOSP009320,2020-11-03,Telemedicine,H2-PROV0027,DEPT019,67423,2022-09-21,2024-10-23
H2-ENC001621,HOSP000381,2020-04-14,Outpatient,H2-PROV0005,DEPT020,55369,2026-07-03,2025-02-24
H2-ENC001622,HOSP005287,2025-04-21,Inpatient,H2-PROV0026,DEPT020,12472,2025-09-16,2021-04-12
H2-ENC001623,HOSP032735,2023-01-31,Inpatient,H2-PROV0022,DEPT007,77860,2023-05-21,2020-07-02
H2-ENC001624,HOSP014668,2022-06-10,Inpatient,H2-PROV0012,DEPT001,48603,2025-11-01,2020-01-15
H2-ENC001625,HOSP018397,2026-01-25,Emergency,H2-PROV0024,DEPT003,15764,2026-07-21,2021-02-05
H2-ENC001626,HOSP017760,2020-11-05,Inpatient,H2-PROV0002,DEPT012,20782,2020-05-09,2022-05-23
H2-ENC001627,HOSP025126,2026-03-17,Telemedicine,H2-PROV0017,DEPT008,19697,2021-09-02,2026-04-06
H2-ENC001628,HOSP021837,2024-02-03,Emergency,H2-PROV0028,DEPT013,39610,2020-05-27,2022-11-27
H2-ENC001629,HOSP002448,2020-07-21,Emergency,H2-PROV0030,DEPT004,45202,2025-09-27,2025-06-01
H2-ENC001630,HOSP041538,2025-09-10,Telemedicine,H2-PROV0023,DEPT011,82062,2023-06-12,2022-07-01
H2-ENC001631,HOSP045585,2020-07-20,Outpatient,H2-PROV0006,DEPT006,45994,2020-02-09,2025-06-25
H2-ENC001632,HOSP028331,2026-01-04,Inpatient,H2-PROV0017,DEPT020,11029,2022-11-30,2021-06-21
H2-ENC001633,HOSP044494,2025-04-08,Routine Checkup,H2-PROV0022,DEPT009,74624,2026-07-15,2023-03-31
H2-ENC001634,HOSP045602,2021-12-05,Emergency,H2-PROV0013,DEPT018,66462,2021-02-24,2022-09-04
H2-ENC001635,HOSP010076,2025-11-17,Outpatient,H2-PROV0012,DEPT015,72092,2021-09-20,2026-08-11
H2-ENC001636,HOSP022549,2024-01-19,Routine Checkup,H2-PROV0025,DEPT011,83452,2025-12-01,2024-01-31
H2-ENC001637,HOSP040202,2022-01-24,Inpatient,H2-PROV0002,DEPT003,57355,2020-03-11,2025-09-12
H2-ENC001638,HOSP021662,2024-06-11,Telemedicine,H2-PROV0026,DEPT018,98614,2023-08-07,2020-09-17
H2-ENC001639,HOSP003790,2022-06-28,Inpatient,H2-PROV0001,DEPT006,61402,2024-10-17,2023-06-10
H2-ENC001640,HOSP018985,2020-10-07,Outpatient,H2-PROV0019,DEPT012,48801,2024-02-11,2023-12-28
H2-ENC001641,HOSP030254,2022-03-23,Routine Checkup,H2-PROV0004,DEPT008,31441,2020-04-19,2023-10-05
H2-ENC001642,HOSP011027,2021-12-14,Routine Checkup,H2-PROV0026,DEPT007,94174,2023-01-14,2020-08-10
H2-ENC001643,HOSP032585,2022-06-17,Emergency,H2-PROV0005,DEPT018,75720,2023-10-31,2023-04-17
H2-ENC001644,HOSP019538,2020-06-27,Routine Checkup,H2-PROV0018,DEPT015,97201,2021-06-22,2022-08-18
H2-ENC001645,HOSP000667,2023-10-23,Inpatient,H2-PROV0029,DEPT002,25392,2021-07-29,2023-05-05
H2-ENC001646,HOSP028143,2024-04-18,Outpatient,H2-PROV0001,DEPT018,59727,2020-09-16,2024-08-12
H2-ENC001647,HOSP023942,2020-12-17,Routine Checkup,H2-PROV0004,DEPT002,31734,2024-06-04,2020-08-13
H2-ENC001648,HOSP029017,2024-06-29,Inpatient,H2-PROV0024,DEPT019,48754,2023-10-11,2021-07-29
H2-ENC001649,HOSP038829,2025-07-09,Outpatient,H2-PROV0030,DEPT002,85873,2022-11-16,2023-06-16
H2-ENC001650,HOSP002347,2021-01-06,Inpatient,H2-PROV0017,DEPT008,52175,2024-02-27,2021-08-15
H2-ENC001651,HOSP033934,2025-01-30,Emergency,H2-PROV0004,DEPT019,67421,2020-08-26,2022-01-19
H2-ENC001652,HOSP038805,2023-03-03,Inpatient,H2-PROV0002,DEPT010,76778,2022-07-17,2020-06-08
H2-ENC001653,HOSP016585,2026-04-15,Routine Checkup,H2-PROV0019,DEPT007,49502,2021-02-07,2022-12-20
H2-ENC001654,HOSP049514,2026-05-30,Outpatient,H2-PROV0022,DEPT001,77626,2023-01-04,2026-06-14
H2-ENC001655,HOSP019694,2021-10-06,Routine Checkup,H2-PROV0013,DEPT005,71110,2026-09-12,2026-04-29
H2-ENC001656,HOSP003258,2024-04-23,Inpatient,H2-PROV0023,DEPT008,52492,2021-12-08,2021-05-23
H2-ENC001657,HOSP015552,2022-03-20,Inpatient,H2-PROV0025,DEPT009,39955,2021-07-15,2024-12-10
H2-ENC001658,HOSP042630,2024-11-01,Telemedicine,H2-PROV0013,DEPT015,40806,2025-02-14,2021-12-27
H2-ENC001659,HOSP041914,2025-04-03,Outpatient,H2-PROV0008,DEPT002,46669,2023-08-14,2024-06-30
H2-ENC001660,HOSP014808,2022-10-28,Telemedicine,H2-PROV0018,DEPT014,88698,2022-10-10,2024-12-17
H2-ENC001661,HOSP016466,2024-07-25,Telemedicine,H2-PROV0023,DEPT008,99846,2021-12-17,2020-04-06
H2-ENC001662,HOSP040001,2024-07-06,Emergency,H2-PROV0030,DEPT015,92506,2026-06-26,2022-07-25
H2-ENC001663,HOSP048629,2022-05-21,Outpatient,H2-PROV0019,DEPT009,59469,2021-04-18,2023-03-14
H2-ENC001664,HOSP001785,2023-01-07,Emergency,H2-PROV0012,DEPT011,13484,2021-04-20,2020-03-11
H2-ENC001665,HOSP041723,2026-07-21,Telemedicine,H2-PROV0002,DEPT010,41787,2026-03-23,2025-10-17
H2-ENC001666,HOSP028856,2025-05-09,Routine Checkup,H2-PROV0011,DEPT011,23057,2026-06-01,2023-12-20
H2-ENC001667,HOSP005590,2022-10-26,Telemedicine,H2-PROV0025,DEPT003,34439,2022-04-02,2024-05-17
H2-ENC001668,HOSP034873,2022-01-19,Outpatient,H2-PROV0002,DEPT015,56599,2025-08-19,2021-11-27
H2-ENC001669,HOSP017608,2020-02-11,Routine Checkup,H2-PROV0030,DEPT005,46814,2022-11-02,2023-05-28
H2-ENC001670,HOSP009214,2023-10-31,Outpatient,H2-PROV0024,DEPT007,49397,2023-12-16,2024-02-06
H2-ENC001671,HOSP025382,2021-08-05,Telemedicine,H2-PROV0001,DEPT020,50576,2023-10-07,2022-01-12
H2-ENC001672,HOSP035391,2025-12-28,Outpatient,H2-PROV0022,DEPT007,16189,2020-06-21,2023-01-23
H2-ENC001673,HOSP044743,2025-07-24,Outpatient,H2-PROV0009,DEPT008,75175,2023-10-16,2025-02-28
H2-ENC001674,HOSP002611,2020-03-04,Emergency,H2-PROV0003,DEPT013,45650,2025-10-16,2022-05-04
H2-ENC001675,HOSP015633,2026-06-11,Outpatient,H2-PROV0005,DEPT012,33195,2022-06-23,2026-08-04
H2-ENC001676,HOSP044858,2021-01-04,Inpatient,H2-PROV0019,DEPT006,81013,2025-04-05,2024-03-03
H2-ENC001677,HOSP048713,2024-12-04,Telemedicine,H2-PROV0026,DEPT002,11301,2021-04-28,2023-12-16
H2-ENC001678,HOSP031677,2022-02-22,Inpatient,H2-PROV0011,DEPT004,17741,2022-08-28,2023-03-02
H2-ENC001679,HOSP047312,2023-10-26,Outpatient,H2-PROV0013,DEPT013,66462,2021-03-04,2023-12-10
H2-ENC001680,HOSP031402,2024-10-29,Routine Checkup,H2-PROV0026,DEPT005,90497,2020-06-17,2023-02-24
H2-ENC001681,HOSP049553,2021-01-31,Outpatient,H2-PROV0027,DEPT005,38013,2026-06-05,2020-12-10
H2-ENC001682,HOSP047140,2022-08-14,Outpatient,H2-PROV0026,DEPT001,41276,2020-04-09,2023-09-11
H2-ENC001683,HOSP048492,2026-09-05,Outpatient,H2-PROV0023,DEPT004,98313,2024-10-14,2022-11-04
H2-ENC001684,HOSP026408,2023-08-20,Telemedicine,H2-PROV0011,DEPT016,73030,2021-04-21,2025-06-19
H2-ENC001685,HOSP027172,2025-04-10,Telemedicine,H2-PROV0024,DEPT013,86041,2022-06-23,2020-08-08
H2-ENC001686,HOSP041623,2023-03-29,Telemedicine,H2-PROV0020,DEPT016,58375,2026-03-17,2023-08-29
H2-ENC001687,HOSP022202,2020-12-04,Routine Checkup,H2-PROV0029,DEPT017,79719,2022-04-06,2020-09-30
H2-ENC001688,HOSP045617,2020-01-04,Inpatient,H2-PROV0015,DEPT003,86571,2020-09-07,2025-01-02
H2-ENC001689,HOSP039066,2024-04-20,Outpatient,H2-PROV0007,DEPT002,22628,2024-08-22,2021-05-22
H2-ENC001690,HOSP010691,2025-11-11,Routine Checkup,H2-PROV0003,DEPT011,20290,2020-10-27,2025-11-09
H2-ENC001691,HOSP044421,2023-03-23,Emergency,H2-PROV0012,DEPT014,43247,2023-01-22,2024-07-25
H2-ENC001692,HOSP030794,2024-03-15,Telemedicine,H2-PROV0010,DEPT009,60075,2023-11-08,2021-02-23
H2-ENC001693,HOSP038735,2023-04-28,Routine Checkup,H2-PROV0017,DEPT010,80998,2021-10-04,2021-06-06
H2-ENC001694,HOSP019501,2021-04-12,Telemedicine,H2-PROV0004,DEPT011,22212,2021-07-14,2023-05-02
H2-ENC001695,HOSP023165,2025-09-02,Outpatient,H2-PROV0005,DEPT015,92102,2025-12-26,2022-05-28
H2-ENC001696,HOSP029471,2023-12-27,Emergency,H2-PROV0016,DEPT015,62328,2023-06-08,2020-12-25
H2-ENC001697,HOSP030337,2026-02-14,Telemedicine,H2-PROV0001,DEPT011,61429,2022-03-26,2024-11-21
H2-ENC001698,HOSP017037,2022-02-25,Outpatient,H2-PROV0020,DEPT016,33056,2020-06-07,2025-10-30
H2-ENC001699,HOSP016878,2020-10-25,Emergency,H2-PROV0024,DEPT020,69344,2022-09-06,2023-02-05
H2-ENC001700,HOSP000921,2022-09-18,Telemedicine,H2-PROV0006,DEPT011,53313,2020-11-15,2023-08-11
H2-ENC001701,HOSP006359,2023-11-12,Emergency,H2-PROV0028,DEPT019,48025,2024-05-06,2024-10-14
H2-ENC001702,HOSP026321,2022-01-03,Inpatient,H2-PROV0014,DEPT015,66383,2024-11-29,2022-11-25
H2-ENC001703,HOSP043070,2020-10-18,Telemedicine,H2-PROV0002,DEPT010,28350,2020-06-18,2020-07-09
H2-ENC001704,HOSP012245,2020-08-24,Outpatient,H2-PROV0025,DEPT020,57322,2023-07-26,2024-06-05
H2-ENC001705,HOSP042679,2020-08-30,Outpatient,H2-PROV0018,DEPT007,31441,2021-07-01,2021-03-15
H2-ENC001706,HOSP043688,2022-08-29,Telemedicine,H2-PROV0028,DEPT002,81768,2025-10-27,2022-01-25
H2-ENC001707,HOSP043674,2022-06-16,Inpatient,H2-PROV0022,DEPT001,76559,2023-08-29,2020-03-11
H2-ENC001708,HOSP007426,2024-05-06,Routine Checkup,H2-PROV0017,DEPT017,66023,2026-01-12,2021-04-22
H2-ENC001709,HOSP015557,2022-12-30,Outpatient,H2-PROV0024,DEPT002,90489,2023-03-14,2021-07-03
H2-ENC001710,HOSP046725,2022-01-19,Outpatient,H2-PROV0004,DEPT015,16171,2023-11-16,2022-11-21
H2-ENC001711,HOSP017287,2023-11-08,Outpatient,H2-PROV0024,DEPT010,80451,2020-07-08,2025-09-03
H2-ENC001712,HOSP043024,2025-01-18,Routine Checkup,H2-PROV0009,DEPT004,39529,2022-05-07,2024-10-20
H2-ENC001713,HOSP021272,2024-04-30,Outpatient,H2-PROV0013,DEPT009,14989,2024-09-13,2022-01-08
H2-ENC001714,HOSP007367,2021-04-05,Outpatient,H2-PROV0025,DEPT005,42691,2025-01-23,2024-08-28
H2-ENC001715,HOSP041369,2023-04-21,Telemedicine,H2-PROV0015,DEPT013,80121,2026-03-10,2026-01-21
H2-ENC001716,HOSP013291,2024-10-29,Outpatient,H2-PROV0024,DEPT004,71994,2024-11-14,2023-09-19
H2-ENC001717,HOSP026635,2021-06-06,Routine Checkup,H2-PROV0014,DEPT006,14988,2026-09-25,2020-11-15
H2-ENC001718,HOSP023402,2025-06-20,Emergency,H2-PROV0012,DEPT013,64366,2026-01-11,2022-09-10
H2-ENC001719,HOSP024958,2025-09-03,Inpatient,H2-PROV0029,DEPT017,63147,2021-09-03,2026-05-23
H2-ENC001720,HOSP043487,2024-03-28,Telemedicine,H2-PROV0025,DEPT010,45009,2021-12-14,2022-08-20
H2-ENC001721,HOSP036594,2023-08-04,Inpatient,H2-PROV0026,DEPT006,97014,2024-06-24,2024-03-04
H2-ENC001722,HOSP010615,2022-08-26,Telemedicine,H2-PROV0021,DEPT005,42200,2021-02-06,2026-03-28
H2-ENC001723,HOSP048151,2021-03-02,Emergency,H2-PROV0006,DEPT011,18346,2023-05-08,2023-02-14
H2-ENC001724,HOSP024760,2023-04-04,Inpatient,H2-PROV0008,DEPT018,62879,2022-12-06,2022-05-15
H2-ENC001725,HOSP036597,2024-03-31,Inpatient,H2-PROV0013,DEPT016,69344,2025-02-13,2024-03-08
H2-ENC001726,HOSP024512,2021-04-06,Telemedicine,H2-PROV0003,DEPT013,43287,2020-11-19,2025-10-15
H2-ENC001727,HOSP040536,2023-11-29,Emergency,H2-PROV0008,DEPT013,14848,2026-05-28,2021-06-16
H2-ENC001728,HOSP019701,2021-06-19,Inpatient,H2-PROV0013,DEPT002,18696,2024-01-31,2026-02-19
H2-ENC001729,HOSP019273,2022-11-08,Emergency,H2-PROV0012,DEPT012,69052,2022-01-23,2025-12-14
H2-ENC001730,HOSP035524,2025-01-07,Routine Checkup,H2-PROV0022,DEPT007,70688,2020-12-13,2022-09-01
H2-ENC001731,HOSP027998,2024-03-16,Telemedicine,H2-PROV0003,DEPT013,45073,2021-11-16,2022-06-06
H2-ENC001732,HOSP009458,2020-09-18,Telemedicine,H2-PROV0002,DEPT020,80370,2021-08-19,2024-10-10
H2-ENC001733,HOSP021347,2022-11-16,Inpatient,H2-PROV0006,DEPT007,85746,2021-12-29,2025-12-20
H2-ENC001734,HOSP034061,2025-06-02,Inpatient,H2-PROV0017,DEPT010,66383,2020-03-25,2023-07-02
H2-ENC001735,HOSP025532,2022-02-24,Outpatient,H2-PROV0023,DEPT003,16171,2023-09-21,2023-05-01
H2-ENC001736,HOSP030746,2023-03-27,Emergency,H2-PROV0021,DEPT017,51278,2025-08-09,2025-07-15
H2-ENC001737,HOSP033732,2021-10-28,Outpatient,H2-PROV0027,DEPT009,83674,2025-02-05,2023-01-28
H2-ENC001738,HOSP049294,2026-05-05,Routine Checkup,H2-PROV0007,DEPT017,49122,2024-02-26,2021-06-26
H2-ENC001739,HOSP040329,2022-11-04,Inpatient,H2-PROV0012,DEPT018,80325,2025-10-27,2020-04-30
H2-ENC001740,HOSP011217,2020-06-14,Telemedicine,H2-PROV0019,DEPT017,75794,2020-07-02,2024-10-19
H2-ENC001741,HOSP034159,2026-09-24,Emergency,H2-PROV0004,DEPT004,33433,2021-04-09,2020-12-08
H2-ENC001742,HOSP047154,2026-08-14,Emergency,H2-PROV0016,DEPT007,51293,2023-07-19,2023-04-15
H2-ENC001743,HOSP022668,2021-02-10,Routine Checkup,H2-PROV0002,DEPT018,19096,2026-04-07,2026-05-23
H2-ENC001744,HOSP038677,2026-04-11,Telemedicine,H2-PROV0018,DEPT013,80461,2022-12-31,2022-09-25
H2-ENC001745,HOSP039140,2020-07-06,Inpatient,H2-PROV0007,DEPT018,32995,2020-06-14,2026-05-26
H2-ENC001746,HOSP026684,2023-11-02,Telemedicine,H2-PROV0027,DEPT012,30764,2020-01-19,2024-12-22
H2-ENC001747,HOSP005938,2025-12-26,Routine Checkup,H2-PROV0023,DEPT017,40845,2020-04-17,2025-10-15
H2-ENC001748,HOSP022711,2021-05-24,Emergency,H2-PROV0025,DEPT012,26725,2021-11-05,2021-06-06
H2-ENC001749,HOSP034670,2022-08-31,Inpatient,H2-PROV0010,DEPT005,82175,2024-06-19,2021-04-06
H2-ENC001750,HOSP016190,2022-01-08,Routine Checkup,H2-PROV0021,DEPT015,17741,2020-10-26,2021-02-25
H2-ENC001751,HOSP015028,2026-07-23,Routine Checkup,H2-PROV0003,DEPT012,83075,2026-05-22,2024-02-24
H2-ENC001752,HOSP038875,2021-05-15,Telemedicine,H2-PROV0027,DEPT016,32615,2020-02-11,2021-10-08
H2-ENC001753,HOSP048618,2020-01-28,Outpatient,H2-PROV0002,DEPT009,48754,2026-07-16,2020-11-17
H2-ENC001754,HOSP038455,2025-06-26,Outpatient,H2-PROV0002,DEPT003,79683,2021-10-14,2022-10-08
H2-ENC001755,HOSP001922,2026-03-12,Routine Checkup,H2-PROV0023,DEPT001,59028,2024-09-07,2025-08-17
H2-ENC001756,HOSP045842,2022-08-14,Telemedicine,H2-PROV0024,DEPT020,41456,2020-12-03,2022-05-30
H2-ENC001757,HOSP000689,2025-05-22,Emergency,H2-PROV0018,DEPT020,34672,2023-01-06,2024-10-18
H2-ENC001758,HOSP024416,2024-10-01,Outpatient,H2-PROV0024,DEPT013,22275,2023-06-05,2025-03-16
H2-ENC001759,HOSP046079,2024-06-16,Telemedicine,H2-PROV0007,DEPT005,48203,2020-06-01,2020-06-19
H2-ENC001760,HOSP001871,2024-05-18,Emergency,H2-PROV0010,DEPT012,56599,2023-04-19,2023-01-31
H2-ENC001761,HOSP032236,2026-04-30,Inpatient,H2-PROV0025,DEPT014,35331,2023-12-29,2021-06-12
H2-ENC001762,HOSP048777,2026-07-29,Outpatient,H2-PROV0024,DEPT019,79936,2020-03-06,2023-06-14
H2-ENC001763,HOSP003297,2022-02-16,Telemedicine,H2-PROV0010,DEPT012,16990,2025-12-20,2020-04-05
H2-ENC001764,HOSP015129,2026-04-29,Inpatient,H2-PROV0017,DEPT010,65340,2026-08-02,2024-10-19
H2-ENC001765,HOSP033539,2021-10-21,Emergency,H2-PROV0018,DEPT005,41415,2024-02-10,2023-10-04
H2-ENC001766,HOSP018764,2023-03-17,Routine Checkup,H2-PROV0026,DEPT010,91329,2024-02-18,2020-03-27
H2-ENC001767,HOSP013979,2021-08-10,Inpatient,H2-PROV0013,DEPT018,34845,2025-10-25,2022-05-23
H2-ENC001768,HOSP009928,2020-02-16,Routine Checkup,H2-PROV0030,DEPT013,22696,2026-05-25,2026-08-05
H2-ENC001769,HOSP034359,2021-04-14,Inpatient,H2-PROV0004,DEPT006,64532,2025-09-05,2020-09-12
H2-ENC001770,HOSP026422,2024-04-14,Emergency,H2-PROV0018,DEPT015,20132,2020-10-08,2025-06-11
H2-ENC001771,HOSP014971,2025-10-15,Inpatient,H2-PROV0005,DEPT002,30149,2022-09-28,2023-09-07
H2-ENC001772,HOSP021418,2025-03-07,Outpatient,H2-PROV0003,DEPT010,53687,2025-03-27,2026-07-24
H2-ENC001773,HOSP026617,2024-09-26,Outpatient,H2-PROV0024,DEPT003,43247,2025-03-03,2021-04-24
H2-ENC001774,HOSP009195,2022-05-08,Telemedicine,H2-PROV0008,DEPT005,80325,2023-12-25,2023-03-31
H2-ENC001775,HOSP044393,2024-02-24,Outpatient,H2-PROV0005,DEPT007,48143,2025-06-27,2025-12-09
H2-ENC001776,HOSP002437,2026-01-16,Inpatient,H2-PROV0016,DEPT010,14200,2021-02-26,2026-05-30
H2-ENC001777,HOSP009664,2022-03-07,Telemedicine,H2-PROV0029,DEPT010,63966,2024-08-13,2023-09-05
H2-ENC001778,HOSP011780,2026-05-20,Telemedicine,H2-PROV0021,DEPT001,99710,2022-12-08,2022-10-19
H2-ENC001779,HOSP048306,2025-11-19,Outpatient,H2-PROV0025,DEPT009,75599,2026-08-13,2023-04-23
H2-ENC001780,HOSP000338,2022-08-04,Outpatient,H2-PROV0022,DEPT003,66309,2020-05-08,2026-05-04
H2-ENC001781,HOSP007064,2020-11-23,Inpatient,H2-PROV0020,DEPT002,74366,2024-10-10,2025-07-04
H2-ENC001782,HOSP046528,2022-03-07,Outpatient,H2-PROV0026,DEPT009,78730,2024-07-12,2025-11-20
H2-ENC001783,HOSP038308,2025-09-22,Emergency,H2-PROV0017,DEPT008,34672,2020-12-14,2023-03-28
H2-ENC001784,HOSP012840,2024-07-08,Emergency,H2-PROV0022,DEPT004,45202,2021-02-10,2026-01-10
H2-ENC001785,HOSP023149,2024-09-26,Outpatient,H2-PROV0026,DEPT012,90497,2022-06-08,2020-11-21
H2-ENC001786,HOSP031385,2024-09-17,Telemedicine,H2-PROV0003,DEPT012,92708,2020-01-17,2020-10-16
H2-ENC001787,HOSP019975,2021-04-27,Inpatient,H2-PROV0030,DEPT020,26697,2024-12-25,2023-04-28
H2-ENC001788,HOSP025778,2023-08-01,Emergency,H2-PROV0014,DEPT016,76332,2021-09-12,2022-01-27
H2-ENC001789,HOSP036911,2022-06-09,Emergency,H2-PROV0022,DEPT003,88698,2022-10-19,2020-05-12
H2-ENC001790,HOSP034515,2025-09-20,Routine Checkup,H2-PROV0022,DEPT015,38090,2024-05-09,2024-03-28
H2-ENC001791,HOSP010108,2026-09-18,Outpatient,H2-PROV0019,DEPT006,43337,2024-05-26,2026-07-13
H2-ENC001792,HOSP043344,2026-08-31,Routine Checkup,H2-PROV0027,DEPT019,52613,2021-11-23,2022-10-02
H2-ENC001793,HOSP035622,2021-06-12,Routine Checkup,H2-PROV0014,DEPT007,78005,2025-06-12,2021-10-28
H2-ENC001794,HOSP040492,2026-08-17,Routine Checkup,H2-PROV0002,DEPT013,54731,2021-09-10,2021-09-25
H2-ENC001795,HOSP007233,2022-01-17,Telemedicine,H2-PROV0011,DEPT005,91391,2023-10-08,2024-05-28
H2-ENC001796,HOSP003867,2021-09-10,Emergency,H2-PROV0011,DEPT020,41787,2020-05-15,2022-07-19
H2-ENC001797,HOSP015022,2022-05-11,Routine Checkup,H2-PROV0022,DEPT005,47609,2020-03-15,2022-08-29
H2-ENC001798,HOSP036013,2023-08-06,Telemedicine,H2-PROV0003,DEPT011,53629,2023-10-17,2026-05-02
H2-ENC001799,HOSP040972,2020-09-10,Inpatient,H2-PROV0007,DEPT014,33195,2022-01-26,2026-10-05
H2-ENC001800,HOSP021112,2025-01-29,Outpatient,H2-PROV0021,DEPT004,31081,2020-12-29,2026-08-05
H2-ENC001801,HOSP016451,2025-03-10,Routine Checkup,H2-PROV0030,DEPT009,53320,2022-08-05,2021-05-20
H2-ENC001802,HOSP007291,2026-10-04,Outpatient,H2-PROV0025,DEPT007,88440,2025-09-17,2026-01-06
H2-ENC001803,HOSP047470,2021-05-24,Telemedicine,H2-PROV0016,DEPT005,32072,2026-05-20,2023-08-05
H2-ENC001804,HOSP016722,2024-06-13,Telemedicine,H2-PROV0024,DEPT013,45994,2020-12-30,2026-03-24
H2-ENC001805,HOSP006982,2020-02-11,Routine Checkup,H2-PROV0010,DEPT012,20354,2022-12-21,2025-12-24
H2-ENC001806,HOSP008387,2024-05-03,Emergency,H2-PROV0021,DEPT011,82533,2026-07-14,2022-07-27
H2-ENC001807,HOSP029626,2025-11-18,Outpatient,H2-PROV0009,DEPT005,38389,2026-07-08,2026-09-28
H2-ENC001808,HOSP009915,2024-01-15,Routine Checkup,H2-PROV0004,DEPT004,40948,2026-06-09,2025-03-18
H2-ENC001809,HOSP048683,2023-01-17,Routine Checkup,H2-PROV0022,DEPT016,60811,2020-11-04,2021-08-23
H2-ENC001810,HOSP011150,2025-12-14,Outpatient,H2-PROV0021,DEPT007,55835,2025-08-24,2025-11-09
H2-ENC001811,HOSP000847,2026-09-14,Telemedicine,H2-PROV0028,DEPT016,61742,2025-08-18,2021-04-11
H2-ENC001812,HOSP024455,2026-07-01,Telemedicine,H2-PROV0024,DEPT011,55284,2021-01-28,2022-08-26
H2-ENC001813,HOSP041650,2021-03-30,Outpatient,H2-PROV0013,DEPT010,50025,2023-09-11,2022-12-08
H2-ENC001814,HOSP011580,2024-05-12,Telemedicine,H2-PROV0016,DEPT004,19587,2020-03-26,2021-08-27
H2-ENC001815,HOSP040467,2022-02-05,Emergency,H2-PROV0023,DEPT020,90392,2020-08-19,2021-03-24
H2-ENC001816,HOSP027770,2020-10-26,Routine Checkup,H2-PROV0010,DEPT015,75103,2020-07-24,2024-10-30
H2-ENC001817,HOSP019280,2025-07-20,Telemedicine,H2-PROV0010,DEPT009,15136,2021-01-01,2025-10-24
H2-ENC001818,HOSP013168,2021-01-05,Outpatient,H2-PROV0025,DEPT015,75772,2024-12-29,2022-04-23
H2-ENC001819,HOSP011991,2022-10-07,Telemedicine,H2-PROV0013,DEPT018,52713,2024-04-03,2023-06-09
H2-ENC001820,HOSP025598,2024-07-04,Inpatient,H2-PROV0019,DEPT004,99885,2025-06-11,2021-10-01
H2-ENC001821,HOSP006478,2023-12-14,Emergency,H2-PROV0026,DEPT008,30265,2025-08-24,2020-07-14
H2-ENC001822,HOSP044622,2020-01-28,Telemedicine,H2-PROV0030,DEPT020,75984,2020-09-12,2023-07-23
H2-ENC001823,HOSP028338,2024-08-06,Telemedicine,H2-PROV0020,DEPT001,20132,2023-03-21,2021-01-16
H2-ENC001824,HOSP049895,2021-01-04,Telemedicine,H2-PROV0013,DEPT008,46814,2026-05-07,2026-02-17
H2-ENC001825,HOSP022605,2025-04-30,Outpatient,H2-PROV0029,DEPT015,33580,2021-12-31,2026-01-10
H2-ENC001826,HOSP003768,2024-04-22,Outpatient,H2-PROV0013,DEPT016,41435,2020-03-15,2025-11-03
H2-ENC001827,HOSP015029,2026-09-04,Routine Checkup,H2-PROV0003,DEPT001,39277,2024-07-15,2021-02-03
H2-ENC001828,HOSP032027,2023-05-08,Inpatient,H2-PROV0022,DEPT009,27647,2023-12-13,2024-04-06
H2-ENC001829,HOSP029847,2020-01-18,Inpatient,H2-PROV0018,DEPT013,86172,2023-07-09,2024-04-23
H2-ENC001830,HOSP028905,2020-08-16,Outpatient,H2-PROV0009,DEPT016,24279,2024-05-06,2020-07-23
H2-ENC001831,HOSP031178,2024-01-04,Outpatient,H2-PROV0019,DEPT002,16060,2026-08-09,2020-07-22
H2-ENC001832,HOSP018703,2025-12-23,Inpatient,H2-PROV0018,DEPT018,11908,2026-09-27,2025-12-15
H2-ENC001833,HOSP018293,2024-09-25,Inpatient,H2-PROV0019,DEPT017,71110,2022-12-26,2024-03-22
H2-ENC001834,HOSP038049,2026-06-19,Routine Checkup,H2-PROV0006,DEPT016,96411,2021-07-13,2022-08-08
H2-ENC001835,HOSP008103,2023-12-03,Routine Checkup,H2-PROV0014,DEPT013,90458,2020-10-24,2021-01-11
H2-ENC001836,HOSP006233,2025-10-23,Inpatient,H2-PROV0003,DEPT007,17969,2023-06-11,2021-04-26
H2-ENC001837,HOSP006381,2025-07-11,Routine Checkup,H2-PROV0021,DEPT018,64881,2026-06-19,2022-02-12
H2-ENC001838,HOSP020287,2021-12-20,Inpatient,H2-PROV0020,DEPT009,55029,2025-05-30,2023-02-09
H2-ENC001839,HOSP016585,2022-09-12,Routine Checkup,H2-PROV0028,DEPT005,71595,2020-08-22,2023-08-14
H2-ENC001840,HOSP026815,2020-01-10,Inpatient,H2-PROV0009,DEPT009,58086,2024-06-01,2020-03-12
H2-ENC001841,HOSP041791,2020-02-26,Routine Checkup,H2-PROV0018,DEPT011,28046,2021-05-15,2020-04-22
H2-ENC001842,HOSP039653,2025-03-10,Routine Checkup,H2-PROV0014,DEPT017,65995,2024-03-10,2023-05-08
H2-ENC001843,HOSP033865,2020-02-20,Routine Checkup,H2-PROV0027,DEPT006,51901,2023-04-19,2020-06-12
H2-ENC001844,HOSP008829,2020-09-03,Outpatient,H2-PROV0024,DEPT020,20761,2021-02-13,2026-08-23
H2-ENC001845,HOSP041415,2021-03-17,Emergency,H2-PROV0008,DEPT003,78323,2025-07-31,2025-09-27
H2-ENC001846,HOSP016903,2022-05-31,Routine Checkup,H2-PROV0018,DEPT009,37552,2026-06-16,2023-12-10
H2-ENC001847,HOSP009615,2026-02-03,Outpatient,H2-PROV0005,DEPT020,91329,2024-04-13,2025-08-01
H2-ENC001848,HOSP005514,2023-09-26,Outpatient,H2-PROV0029,DEPT007,64287,2024-06-16,2026-03-18
H2-ENC001849,HOSP009211,2020-08-12,Telemedicine,H2-PROV0010,DEPT011,34845,2020-11-12,2021-06-04
H2-ENC001850,HOSP012357,2022-03-06,Telemedicine,H2-PROV0024,DEPT007,63341,2025-05-14,2025-10-08
H2-ENC001851,HOSP005944,2025-06-15,Inpatient,H2-PROV0019,DEPT001,28151,2022-07-10,2020-02-21
H2-ENC001852,HOSP022465,2023-05-27,Outpatient,H2-PROV0009,DEPT015,15787,2022-10-25,2024-11-25
H2-ENC001853,HOSP044117,2023-02-13,Outpatient,H2-PROV0006,DEPT013,69052,2026-01-23,2025-08-17
H2-ENC001854,HOSP004849,2020-11-07,Inpatient,H2-PROV0020,DEPT005,80253,2022-05-07,2020-04-02
H2-ENC001855,HOSP045342,2025-05-28,Inpatient,H2-PROV0004,DEPT006,87365,2023-01-27,2026-09-15
H2-ENC001856,HOSP041110,2022-05-03,Routine Checkup,H2-PROV0022,DEPT019,75978,2026-03-28,2025-05-08
H2-ENC001857,HOSP036474,2026-02-21,Emergency,H2-PROV0008,DEPT015,91235,2026-03-27,2020-10-20
H2-ENC001858,HOSP003774,2025-03-19,Routine Checkup,H2-PROV0028,DEPT017,85043,2020-12-28,2024-07-01
H2-ENC001859,HOSP029120,2024-10-23,Emergency,H2-PROV0002,DEPT019,63043,2026-07-02,2026-09-11
H2-ENC001860,HOSP020277,2024-10-31,Outpatient,H2-PROV0025,DEPT004,89742,2022-04-16,2023-09-29
H2-ENC001861,HOSP007207,2024-08-14,Outpatient,H2-PROV0029,DEPT012,19132,2026-06-16,2025-03-24
H2-ENC001862,HOSP016508,2021-02-19,Telemedicine,H2-PROV0008,DEPT003,14848,2023-05-01,2022-02-25
H2-ENC001863,HOSP012653,2023-06-24,Emergency,H2-PROV0029,DEPT015,67423,2020-05-21,2022-02-05
H2-ENC001864,HOSP015290,2020-01-24,Telemedicine,H2-PROV0011,DEPT004,72979,2024-12-21,2022-03-31
H2-ENC001865,HOSP020285,2021-06-02,Outpatient,H2-PROV0006,DEPT020,25392,2025-02-05,2025-01-15
H2-ENC001866,HOSP018620,2020-04-28,Emergency,H2-PROV0024,DEPT016,74107,2020-07-21,2026-01-12
H2-ENC001867,HOSP041912,2023-09-16,Routine Checkup,H2-PROV0008,DEPT003,40905,2024-05-29,2026-08-18
H2-ENC001868,HOSP001311,2021-12-03,Emergency,H2-PROV0009,DEPT010,90405,2025-07-27,2020-06-30
H2-ENC001869,HOSP018151,2025-11-11,Telemedicine,H2-PROV0026,DEPT010,11200,2020-11-03,2023-05-10
H2-ENC001870,HOSP033300,2026-02-09,Emergency,H2-PROV0028,DEPT007,97202,2024-06-24,2022-08-17
H2-ENC001871,HOSP015493,2025-05-30,Emergency,H2-PROV0009,DEPT014,17969,2020-03-14,2025-06-22
H2-ENC001872,HOSP047536,2026-05-29,Routine Checkup,H2-PROV0030,DEPT006,26754,2023-04-06,2023-04-16
H2-ENC001873,HOSP023481,2025-10-18,Outpatient,H2-PROV0020,DEPT010,41708,2023-03-07,2023-04-23
H2-ENC001874,HOSP036827,2020-01-01,Emergency,H2-PROV0021,DEPT010,69450,2026-02-28,2024-04-04
H2-ENC001875,HOSP022802,2023-10-12,Inpatient,H2-PROV0030,DEPT001,46669,2025-09-02,2025-11-06
H2-ENC001876,HOSP043865,2021-04-18,Inpatient,H2-PROV0028,DEPT015,77833,2025-05-03,2026-03-20
H2-ENC001877,HOSP024919,2024-02-28,Emergency,H2-PROV0012,DEPT017,52492,2020-04-03,2025-08-16
H2-ENC001878,HOSP017737,2023-04-13,Routine Checkup,H2-PROV0014,DEPT005,95525,2023-12-02,2023-06-05
H2-ENC001879,HOSP003613,2020-06-16,Inpatient,H2-PROV0020,DEPT003,67421,2025-01-22,2022-11-03
H2-ENC001880,HOSP008080,2022-07-30,Outpatient,H2-PROV0021,DEPT003,77634,2024-06-27,2026-03-13
H2-ENC001881,HOSP018615,2022-07-11,Telemedicine,H2-PROV0010,DEPT005,54363,2020-06-10,2022-01-17
H2-ENC001882,HOSP043905,2022-01-23,Inpatient,H2-PROV0014,DEPT004,42192,2020-07-03,2021-03-23
H2-ENC001883,HOSP003367,2020-10-01,Emergency,H2-PROV0010,DEPT015,51570,2020-03-06,2022-05-08
H2-ENC001884,HOSP035609,2025-03-19,Telemedicine,H2-PROV0020,DEPT019,78904,2020-07-02,2024-04-23
H2-ENC001885,HOSP016232,2026-04-13,Emergency,H2-PROV0021,DEPT007,64881,2024-11-01,2025-12-10
H2-ENC001886,HOSP042133,2024-02-25,Inpatient,H2-PROV0002,DEPT015,51571,2020-03-21,2022-04-02
H2-ENC001887,HOSP023056,2024-12-18,Outpatient,H2-PROV0011,DEPT019,64423,2022-07-31,2023-11-06
H2-ENC001888,HOSP037942,2024-11-13,Outpatient,H2-PROV0002,DEPT012,24476,2026-07-22,2022-03-28
H2-ENC001889,HOSP007812,2025-10-14,Telemedicine,H2-PROV0011,DEPT013,34434,2025-04-16,2026-05-29
H2-ENC001890,HOSP036921,2021-09-28,Inpatient,H2-PROV0025,DEPT018,79266,2020-12-14,2023-10-18
H2-ENC001891,HOSP042342,2023-01-01,Routine Checkup,H2-PROV0021,DEPT020,63485,2021-11-28,2026-07-29
H2-ENC001892,HOSP032717,2023-03-01,Emergency,H2-PROV0007,DEPT002,53463,2020-06-27,2022-03-11
H2-ENC001893,HOSP041697,2024-08-01,Telemedicine,H2-PROV0020,DEPT006,41258,2026-02-07,2021-09-11
H2-ENC001894,HOSP018616,2021-12-09,Routine Checkup,H2-PROV0021,DEPT017,80451,2022-09-30,2020-08-14
H2-ENC001895,HOSP021722,2023-05-10,Emergency,H2-PROV0024,DEPT011,41594,2023-07-13,2022-04-29
H2-ENC001896,HOSP034239,2023-08-22,Emergency,H2-PROV0010,DEPT008,97224,2023-08-28,2025-11-14
H2-ENC001897,HOSP046679,2025-05-28,Routine Checkup,H2-PROV0015,DEPT005,70928,2023-12-14,2022-08-11
H2-ENC001898,HOSP006850,2023-01-18,Outpatient,H2-PROV0008,DEPT002,94034,2020-03-18,2023-08-02
H2-ENC001899,HOSP018861,2023-09-18,Telemedicine,H2-PROV0019,DEPT008,56624,2022-10-19,2020-04-16
H2-ENC001900,HOSP024019,2020-11-26,Emergency,H2-PROV0017,DEPT010,70295,2020-08-04,2022-04-14
H2-ENC001901,HOSP046669,2026-03-28,Inpatient,H2-PROV0001,DEPT013,66527,2023-02-06,2020-07-01
H2-ENC001902,HOSP011804,2024-08-04,Outpatient,H2-PROV0016,DEPT017,55611,2021-12-31,2026-05-03
H2-ENC001903,HOSP026266,2025-02-24,Emergency,H2-PROV0004,DEPT008,91391,2020-04-18,2022-12-28
H2-ENC001904,HOSP043886,2025-02-10,Telemedicine,H2-PROV0016,DEPT020,24440,2022-03-20,2021-04-12
H2-ENC001905,HOSP046067,2020-05-21,Emergency,H2-PROV0022,DEPT009,27107,2021-11-02,2020-05-06
H2-ENC001906,HOSP008288,2022-05-01,Outpatient,H2-PROV0028,DEPT018,40597,2022-06-08,2022-07-21
H2-ENC001907,HOSP022283,2025-05-15,Inpatient,H2-PROV0024,DEPT002,99846,2021-11-06,2024-05-25
H2-ENC001908,HOSP011837,2023-12-19,Outpatient,H2-PROV0009,DEPT001,72365,2021-03-21,2025-11-05
H2-ENC001909,HOSP013503,2025-04-22,Routine Checkup,H2-PROV0025,DEPT005,39955,2020-01-31,2025-09-01
H2-ENC001910,HOSP041294,2026-04-20,Inpatient,H2-PROV0005,DEPT010,60360,2023-11-19,2026-05-04
H2-ENC001911,HOSP026205,2024-03-02,Emergency,H2-PROV0006,DEPT006,76716,2022-02-12,2024-03-08
H2-ENC001912,HOSP013408,2020-02-13,Outpatient,H2-PROV0030,DEPT001,90542,2024-01-30,2022-08-20
H2-ENC001913,HOSP007710,2026-05-30,Inpatient,H2-PROV0023,DEPT001,71595,2023-07-09,2022-03-16
H2-ENC001914,HOSP006146,2023-12-08,Outpatient,H2-PROV0019,DEPT014,75302,2022-09-20,2024-03-12
H2-ENC001915,HOSP033191,2021-07-28,Emergency,H2-PROV0011,DEPT002,45549,2022-10-25,2026-02-04
H2-ENC001916,HOSP004342,2026-03-04,Telemedicine,H2-PROV0018,DEPT010,88742,2020-08-27,2023-12-31
H2-ENC001917,HOSP017831,2024-07-21,Routine Checkup,H2-PROV0015,DEPT011,64484,2024-05-09,2023-07-25
H2-ENC001918,HOSP022678,2023-03-20,Inpatient,H2-PROV0029,DEPT008,28906,2025-05-30,2022-04-25
H2-ENC001919,HOSP046864,2024-10-08,Outpatient,H2-PROV0017,DEPT017,37552,2023-07-24,2020-01-09
H2-ENC001920,HOSP041711,2025-03-23,Telemedicine,H2-PROV0025,DEPT001,94174,2023-02-10,2025-10-13
H2-ENC001921,HOSP034935,2020-06-12,Emergency,H2-PROV0013,DEPT009,81979,2022-11-11,2024-04-13
H2-ENC001922,HOSP006062,2024-03-21,Emergency,H2-PROV0023,DEPT014,59003,2023-04-10,2025-05-04
H2-ENC001923,HOSP036058,2026-08-23,Emergency,H2-PROV0014,DEPT001,11908,2021-11-10,2020-03-13
H2-ENC001924,HOSP045852,2022-01-23,Emergency,H2-PROV0012,DEPT017,43337,2024-09-08,2022-04-01
H2-ENC001925,HOSP018511,2022-12-07,Outpatient,H2-PROV0001,DEPT005,45027,2023-12-14,2026-05-01
H2-ENC001926,HOSP002957,2025-03-21,Emergency,H2-PROV0018,DEPT009,33056,2021-07-18,2020-02-26
H2-ENC001927,HOSP000607,2026-04-23,Telemedicine,H2-PROV0011,DEPT013,71110,2022-05-31,2021-01-18
H2-ENC001928,HOSP000790,2021-04-09,Outpatient,H2-PROV0022,DEPT002,71994,2023-07-18,2020-07-18
H2-ENC001929,HOSP039951,2026-08-25,Emergency,H2-PROV0024,DEPT005,66620,2020-12-06,2022-01-14
H2-ENC001930,HOSP037337,2021-05-20,Inpatient,H2-PROV0027,DEPT001,50462,2020-09-09,2021-03-18
H2-ENC001931,HOSP039639,2023-11-05,Routine Checkup,H2-PROV0016,DEPT019,72710,2023-10-16,2021-05-10
H2-ENC001932,HOSP012733,2020-01-18,Outpatient,H2-PROV0002,DEPT003,92667,2025-10-03,2021-08-23
H2-ENC001933,HOSP043398,2023-06-15,Emergency,H2-PROV0028,DEPT016,32809,2022-04-22,2023-05-21
H2-ENC001934,HOSP048552,2020-10-01,Outpatient,H2-PROV0027,DEPT013,53687,2024-09-18,2022-12-31
H2-ENC001935,HOSP031868,2023-08-18,Routine Checkup,H2-PROV0010,DEPT020,89973,2024-07-02,2020-11-18
H2-ENC001936,HOSP049823,2021-12-31,Telemedicine,H2-PROV0009,DEPT002,75884,2022-04-22,2020-08-04
H2-ENC001937,HOSP038075,2020-05-10,Outpatient,H2-PROV0028,DEPT010,88891,2022-12-04,2022-09-29
H2-ENC001938,HOSP021256,2025-06-12,Telemedicine,H2-PROV0018,DEPT004,41456,2023-04-13,2024-07-12
H2-ENC001939,HOSP020398,2023-01-04,Outpatient,H2-PROV0025,DEPT002,87365,2024-06-28,2020-09-16
H2-ENC001940,HOSP031214,2021-04-26,Inpatient,H2-PROV0001,DEPT007,69288,2024-03-31,2021-02-14
H2-ENC001941,HOSP047103,2024-10-01,Inpatient,H2-PROV0011,DEPT015,20174,2024-03-11,2022-11-20
H2-ENC001942,HOSP009762,2023-02-22,Emergency,H2-PROV0020,DEPT004,84274,2025-06-20,2026-04-23
H2-ENC001943,HOSP017524,2021-12-08,Outpatient,H2-PROV0004,DEPT002,50025,2024-01-12,2026-07-13
H2-ENC001944,HOSP045918,2023-09-24,Emergency,H2-PROV0027,DEPT005,17163,2025-03-29,2023-09-23
H2-ENC001945,HOSP007406,2022-06-13,Inpatient,H2-PROV0019,DEPT004,97506,2026-01-10,2024-11-14
H2-ENC001946,HOSP007468,2023-04-16,Telemedicine,H2-PROV0013,DEPT003,31630,2026-08-09,2021-01-10
H2-ENC001947,HOSP030334,2026-01-25,Inpatient,H2-PROV0021,DEPT010,75884,2023-04-16,2025-09-20
H2-ENC001948,HOSP045072,2023-12-11,Telemedicine,H2-PROV0030,DEPT007,42054,2024-07-14,2026-02-01
H2-ENC001949,HOSP006277,2020-07-25,Inpatient,H2-PROV0005,DEPT008,38675,2023-06-26,2021-11-05
H2-ENC001950,HOSP019413,2025-03-24,Emergency,H2-PROV0001,DEPT017,77488,2026-09-05,2021-04-13
H2-ENC001951,HOSP023394,2022-11-30,Inpatient,H2-PROV0019,DEPT005,60969,2022-04-09,2023-10-01
H2-ENC001952,HOSP024445,2022-01-19,Telemedicine,H2-PROV0006,DEPT009,71302,2025-11-07,2025-01-20
H2-ENC001953,HOSP009498,2023-03-08,Outpatient,H2-PROV0001,DEPT014,47487,2025-03-22,2021-11-19
H2-ENC001954,HOSP034247,2024-12-31,Inpatient,H2-PROV0011,DEPT018,20132,2020-08-24,2026-07-15
H2-ENC001955,HOSP026146,2020-12-26,Outpatient,H2-PROV0003,DEPT011,81402,2020-02-28,2020-01-02
H2-ENC001956,HOSP013603,2022-06-04,Emergency,H2-PROV0026,DEPT006,82294,2026-04-01,2022-01-09
H2-ENC001957,HOSP040269,2024-09-12,Telemedicine,H2-PROV0003,DEPT004,25335,2023-07-11,2023-02-14
H2-ENC001958,HOSP023755,2021-07-12,Inpatient,H2-PROV0012,DEPT002,18108,2023-03-20,2020-03-18
H2-ENC001959,HOSP007008,2021-08-11,Inpatient,H2-PROV0016,DEPT014,14684,2021-11-30,2021-09-06
H2-ENC001960,HOSP030008,2021-01-10,Emergency,H2-PROV0023,DEPT008,96411,2024-10-13,2024-06-13
H2-ENC001961,HOSP039223,2023-09-30,Outpatient,H2-PROV0008,DEPT003,96452,2020-11-19,2026-06-08
H2-ENC001962,HOSP034721,2020-10-20,Outpatient,H2-PROV0012,DEPT017,71051,2023-06-05,2020-01-19
H2-ENC001963,HOSP003539,2026-09-12,Outpatient,H2-PROV0029,DEPT006,51293,2025-07-04,2026-08-09
H2-ENC001964,HOSP010105,2022-07-30,Inpatient,H2-PROV0020,DEPT011,68543,2025-12-25,2024-09-14
H2-ENC001965,HOSP042016,2022-11-10,Inpatient,H2-PROV0020,DEPT001,35799,2024-02-15,2024-11-20
H2-ENC001966,HOSP028777,2020-12-27,Outpatient,H2-PROV0011,DEPT014,71595,2023-01-07,2023-04-07
H2-ENC001967,HOSP005436,2022-08-12,Telemedicine,H2-PROV0027,DEPT004,45994,2022-10-23,2022-11-20
H2-ENC001968,HOSP048461,2023-01-30,Emergency,H2-PROV0030,DEPT002,28138,2022-10-03,2021-04-01
H2-ENC001969,HOSP022485,2024-12-09,Emergency,H2-PROV0002,DEPT019,42054,2026-07-25,2024-10-28
H2-ENC001970,HOSP010254,2023-03-19,Routine Checkup,H2-PROV0021,DEPT011,32072,2023-06-04,2025-07-22
H2-ENC001971,HOSP020455,2022-02-07,Outpatient,H2-PROV0017,DEPT009,20476,2022-07-12,2020-11-08
H2-ENC001972,HOSP010877,2025-02-07,Outpatient,H2-PROV0029,DEPT015,35799,2021-03-12,2024-12-26
H2-ENC001973,HOSP002226,2022-01-16,Outpatient,H2-PROV0019,DEPT007,65668,2020-09-13,2022-05-14
H2-ENC001974,HOSP000802,2025-12-01,Routine Checkup,H2-PROV0010,DEPT002,60864,2020-11-20,2026-05-28
H2-ENC001975,HOSP020096,2026-09-22,Emergency,H2-PROV0006,DEPT017,22795,2022-01-26,2025-04-10
H2-ENC001976,HOSP022024,2020-02-03,Emergency,H2-PROV0020,DEPT019,51901,2022-03-31,2024-02-20
H2-ENC001977,HOSP027219,2023-01-30,Outpatient,H2-PROV0015,DEPT014,16270,2022-03-06,2022-06-16
H2-ENC001978,HOSP039644,2021-10-03,Emergency,H2-PROV0018,DEPT006,38675,2025-03-23,2026-08-18
H2-ENC001979,HOSP033512,2023-03-05,Outpatient,H2-PROV0017,DEPT005,31630,2023-09-27,2023-09-05
H2-ENC001980,HOSP020276,2025-10-21,Emergency,H2-PROV0020,DEPT005,49379,2024-05-25,2021-12-22
H2-ENC001981,HOSP000260,2025-07-11,Outpatient,H2-PROV0004,DEPT011,17666,2023-12-07,2020-08-04
H2-ENC001982,HOSP025758,2024-06-01,Telemedicine,H2-PROV0004,DEPT009,37785,2025-08-02,2024-05-04
H2-ENC001983,HOSP023224,2021-10-16,Outpatient,H2-PROV0016,DEPT010,76908,2025-10-06,2026-05-03
H2-ENC001984,HOSP002503,2021-04-23,Outpatient,H2-PROV0029,DEPT016,15820,2024-12-09,2023-08-10
H2-ENC001985,HOSP018097,2024-04-12,Telemedicine,H2-PROV0028,DEPT005,55376,2023-07-18,2023-05-04
H2-ENC001986,HOSP023569,2022-05-23,Inpatient,H2-PROV0020,DEPT002,62879,2025-04-03,2020-07-28
H2-ENC001987,HOSP035058,2022-12-29,Telemedicine,H2-PROV0022,DEPT017,72979,2024-08-29,2023-02-01
H2-ENC001988,HOSP039704,2022-08-01,Telemedicine,H2-PROV0008,DEPT015,81231,2024-06-15,2023-06-26
H2-ENC001989,HOSP046106,2023-06-20,Emergency,H2-PROV0028,DEPT005,76716,2021-12-03,2024-10-15
H2-ENC001990,HOSP013805,2021-10-01,Routine Checkup,H2-PROV0005,DEPT017,72152,2020-11-27,2021-08-26
H2-ENC001991,HOSP011322,2025-08-09,Inpatient,H2-PROV0016,DEPT008,78005,2020-06-21,2021-03-05
H2-ENC001992,HOSP029441,2022-05-10,Telemedicine,H2-PROV0021,DEPT012,34568,2024-12-22,2024-09-25
H2-ENC001993,HOSP018831,2022-11-18,Inpatient,H2-PROV0012,DEPT008,57322,2023-08-29,2025-01-08
H2-ENC001994,HOSP013748,2023-11-28,Telemedicine,H2-PROV0005,DEPT018,34629,2024-06-12,2026-08-18
H2-ENC001995,HOSP031637,2021-12-08,Telemedicine,H2-PROV0022,DEPT018,73843,2022-08-31,2023-10-16
H2-ENC001996,HOSP046215,2024-01-28,Telemedicine,H2-PROV0026,DEPT009,97014,2022-07-13,2024-08-04
H2-ENC001997,HOSP018347,2023-10-09,Telemedicine,H2-PROV0024,DEPT019,98690,2026-03-18,2023-09-11
H2-ENC001998,HOSP024334,2022-03-17,Emergency,H2-PROV0018,DEPT014,37001,2021-09-30,2024-09-28
H2-ENC001999,HOSP030566,2020-05-26,Emergency,H2-PROV0010,DEPT007,25961,2025-09-22,2020-09-08
H2-ENC002000,HOSP030078,2026-07-22,Emergency,H2-PROV0008,DEPT017,76778,2023-03-12,2020-05-29
H2-ENC002001,HOSP000135,2022-02-03,Telemedicine,H2-PROV0008,DEPT003,55866,2023-03-22,2025-08-13
H2-ENC002002,HOSP026134,2020-02-01,Outpatient,H2-PROV0022,DEPT012,90771,2026-09-30,2025-10-23
H2-ENC002003,HOSP013895,2020-02-19,Emergency,H2-PROV0012,DEPT012,48801,2021-07-30,2025-11-06
H2-ENC002004,HOSP021549,2020-02-16,Emergency,H2-PROV0020,DEPT006,60071,2024-01-05,2024-11-08
H2-ENC002005,HOSP025779,2021-01-06,Telemedicine,H2-PROV0024,DEPT013,80367,2020-10-04,2025-06-06
H2-ENC002006,HOSP034192,2023-10-30,Outpatient,H2-PROV0018,DEPT018,60751,2020-05-27,2022-12-27
H2-ENC002007,HOSP018731,2025-08-02,Routine Checkup,H2-PROV0020,DEPT015,84874,2026-04-05,2024-05-10
H2-ENC002008,HOSP042096,2023-06-23,Inpatient,H2-PROV0012,DEPT005,48025,2022-12-01,2021-02-15
H2-ENC002009,HOSP003161,2025-11-16,Inpatient,H2-PROV0020,DEPT014,64287,2023-01-09,2023-11-22
H2-ENC002010,HOSP041114,2022-07-22,Telemedicine,H2-PROV0017,DEPT008,70561,2025-10-17,2022-03-18
H2-ENC002011,HOSP021531,2023-05-23,Telemedicine,H2-PROV0026,DEPT007,25742,2026-04-24,2022-04-08
H2-ENC002012,HOSP037463,2022-01-14,Inpatient,H2-PROV0011,DEPT002,77235,2025-01-02,2021-07-11
H2-ENC002013,HOSP002540,2021-03-31,Outpatient,H2-PROV0008,DEPT003,99861,2022-04-30,2022-05-04
H2-ENC002014,HOSP006711,2020-06-14,Emergency,H2-PROV0010,DEPT020,96789,2021-11-06,2021-07-19
H2-ENC002015,HOSP041176,2022-03-18,Outpatient,H2-PROV0010,DEPT012,52175,2024-09-22,2021-08-17
H2-ENC002016,HOSP005263,2020-07-03,Emergency,H2-PROV0017,DEPT009,45115,2023-10-20,2021-01-30
H2-ENC002017,HOSP009005,2020-01-19,Routine Checkup,H2-PROV0022,DEPT005,84958,2024-06-27,2023-05-24
H2-ENC002018,HOSP027827,2022-08-18,Emergency,H2-PROV0030,DEPT005,41708,2021-02-17,2026-09-19
H2-ENC002019,HOSP027438,2024-11-05,Telemedicine,H2-PROV0029,DEPT016,23513,2020-11-02,2025-11-28
H2-ENC002020,HOSP046336,2023-08-26,Outpatient,H2-PROV0019,DEPT017,62328,2021-06-13,2020-08-24
H2-ENC002021,HOSP031886,2021-09-07,Emergency,H2-PROV0026,DEPT015,54345,2022-09-05,2024-05-27
H2-ENC002022,HOSP047956,2026-03-29,Telemedicine,H2-PROV0018,DEPT009,78730,2025-07-17,2024-02-18
H2-ENC002023,HOSP035235,2026-04-07,Emergency,H2-PROV0020,DEPT008,75103,2023-09-28,2021-09-02
H2-ENC002024,HOSP007896,2025-09-05,Inpatient,H2-PROV0021,DEPT015,84594,2024-07-05,2025-12-16
H2-ENC002025,HOSP029780,2022-05-06,Outpatient,H2-PROV0015,DEPT008,12888,2025-06-05,2022-04-24
H2-ENC002026,HOSP011554,2024-04-07,Telemedicine,H2-PROV0016,DEPT012,84333,2026-04-03,2026-03-31
H2-ENC002027,HOSP027239,2023-05-11,Inpatient,H2-PROV0021,DEPT007,66309,2020-11-15,2024-03-04
H2-ENC002028,HOSP040486,2025-10-14,Emergency,H2-PROV0023,DEPT010,21199,2020-06-24,2023-12-23
H2-ENC002029,HOSP020704,2026-08-29,Routine Checkup,H2-PROV0018,DEPT012,19697,2026-02-13,2021-03-09
H2-ENC002030,HOSP020584,2022-06-21,Inpatient,H2-PROV0012,DEPT003,68044,2022-05-20,2026-05-09
H2-ENC002031,HOSP047990,2023-01-13,Emergency,H2-PROV0027,DEPT001,32873,2023-02-01,2024-11-29
H2-ENC002032,HOSP010314,2024-02-07,Routine Checkup,H2-PROV0012,DEPT009,44484,2022-03-25,2024-02-17
H2-ENC002033,HOSP037361,2025-08-28,Telemedicine,H2-PROV0002,DEPT008,96257,2024-07-01,2023-03-24
H2-ENC002034,HOSP005385,2026-04-15,Routine Checkup,H2-PROV0018,DEPT002,92521,2026-10-01,2021-03-22
H2-ENC002035,HOSP027514,2023-03-21,Inpatient,H2-PROV0010,DEPT014,19298,2020-02-11,2024-02-23
H2-ENC002036,HOSP033114,2025-12-16,Telemedicine,H2-PROV0004,DEPT008,20113,2023-09-24,2025-04-17
H2-ENC002037,HOSP009246,2026-03-31,Routine Checkup,H2-PROV0030,DEPT014,15804,2020-05-13,2020-04-09
H2-ENC002038,HOSP045035,2024-04-19,Emergency,H2-PROV0018,DEPT008,90838,2024-07-16,2023-09-28
H2-ENC002039,HOSP026115,2021-01-27,Emergency,H2-PROV0025,DEPT010,73852,2021-12-08,2026-04-21
H2-ENC002040,HOSP004302,2024-11-18,Emergency,H2-PROV0012,DEPT005,20174,2024-05-09,2023-05-11
H2-ENC002041,HOSP045785,2020-03-02,Telemedicine,H2-PROV0018,DEPT008,57174,2020-02-16,2024-02-27
H2-ENC002042,HOSP034915,2024-05-13,Inpatient,H2-PROV0009,DEPT020,16461,2026-10-05,2020-03-29
H2-ENC002043,HOSP003539,2023-02-16,Routine Checkup,H2-PROV0027,DEPT003,29563,2020-04-30,2021-05-08
H2-ENC002044,HOSP045433,2020-05-30,Inpatient,H2-PROV0005,DEPT016,42192,2020-01-26,2021-10-14
H2-ENC002045,HOSP007487,2023-08-31,Inpatient,H2-PROV0024,DEPT017,56393,2021-05-25,2025-09-17
H2-ENC002046,HOSP026911,2020-09-28,Telemedicine,H2-PROV0021,DEPT010,51570,2024-08-15,2024-04-02
H2-ENC002047,HOSP015164,2025-04-18,Telemedicine,H2-PROV0021,DEPT010,12259,2020-12-10,2024-12-10
H2-ENC002048,HOSP014924,2024-05-28,Outpatient,H2-PROV0025,DEPT003,18614,2026-06-06,2023-08-12
H2-ENC002049,HOSP000664,2022-06-19,Routine Checkup,H2-PROV0014,DEPT017,23815,2025-04-30,2021-05-30
H2-ENC002050,HOSP026475,2022-02-26,Outpatient,H2-PROV0009,DEPT001,75774,2026-02-04,2023-09-27
H2-ENC002051,HOSP012338,2025-04-02,Outpatient,H2-PROV0008,DEPT008,93755,2025-08-31,2023-10-14
H2-ENC002052,HOSP021393,2024-09-05,Routine Checkup,H2-PROV0025,DEPT009,61742,2025-01-14,2024-11-25
H2-ENC002053,HOSP039151,2022-01-10,Routine Checkup,H2-PROV0010,DEPT014,73761,2023-06-07,2026-06-17
H2-ENC002054,HOSP041728,2021-09-13,Outpatient,H2-PROV0018,DEPT001,68428,2024-09-11,2024-08-31
H2-ENC002055,HOSP021770,2024-09-30,Routine Checkup,H2-PROV0025,DEPT008,20868,2025-09-08,2026-01-18
H2-ENC002056,HOSP003677,2026-04-05,Telemedicine,H2-PROV0003,DEPT012,79355,2023-12-28,2023-08-30
H2-ENC002057,HOSP012656,2020-02-26,Outpatient,H2-PROV0027,DEPT014,90885,2023-02-17,2025-07-28
H2-ENC002058,HOSP028095,2021-12-25,Inpatient,H2-PROV0003,DEPT007,67423,2021-04-12,2022-01-20
H2-ENC002059,HOSP014325,2021-03-01,Outpatient,H2-PROV0030,DEPT018,12280,2020-05-01,2023-12-04
H2-ENC002060,HOSP034777,2020-02-07,Inpatient,H2-PROV0018,DEPT019,67239,2025-08-26,2023-12-07
H2-ENC002061,HOSP012225,2021-08-31,Telemedicine,H2-PROV0023,DEPT013,52559,2023-11-16,2022-03-27
H2-ENC002062,HOSP036075,2023-09-16,Inpatient,H2-PROV0025,DEPT016,37015,2024-09-29,2021-08-22
H2-ENC002063,HOSP041690,2026-07-10,Routine Checkup,H2-PROV0006,DEPT007,88891,2023-04-07,2023-08-05
H2-ENC002064,HOSP018217,2020-04-14,Inpatient,H2-PROV0023,DEPT008,41291,2021-10-03,2023-06-01
H2-ENC002065,HOSP014588,2020-11-17,Outpatient,H2-PROV0029,DEPT006,55350,2024-04-21,2020-10-24
H2-ENC002066,HOSP046069,2026-05-10,Emergency,H2-PROV0002,DEPT017,34439,2025-06-29,2024-05-11
H2-ENC002067,HOSP019365,2020-06-16,Emergency,H2-PROV0014,DEPT014,48143,2025-04-01,2026-05-08
H2-ENC002068,HOSP012005,2023-05-10,Routine Checkup,H2-PROV0027,DEPT002,86698,2026-07-24,2023-12-21
H2-ENC002069,HOSP046033,2022-08-19,Routine Checkup,H2-PROV0020,DEPT019,11400,2020-07-28,2023-05-10
H2-ENC002070,HOSP020630,2022-12-09,Emergency,H2-PROV0027,DEPT020,29273,2020-05-14,2024-01-03
H2-ENC002071,HOSP033808,2020-01-09,Outpatient,H2-PROV0003,DEPT016,51278,2020-10-28,2022-02-19
H2-ENC002072,HOSP010089,2025-06-21,Telemedicine,H2-PROV0021,DEPT011,97181,2022-04-06,2025-09-06
H2-ENC002073,HOSP030366,2024-10-28,Telemedicine,H2-PROV0013,DEPT016,34151,2023-10-05,2023-06-13
H2-ENC002074,HOSP048737,2025-10-31,Emergency,H2-PROV0015,DEPT019,54363,2020-01-16,2024-03-05
H2-ENC002075,HOSP007226,2025-07-27,Outpatient,H2-PROV0006,DEPT008,98614,2026-03-23,2020-06-22
H2-ENC002076,HOSP002067,2025-10-31,Emergency,H2-PROV0013,DEPT020,13755,2020-08-05,2026-08-18
H2-ENC002077,HOSP030727,2022-03-18,Inpatient,H2-PROV0006,DEPT001,40533,2023-10-20,2023-10-21
H2-ENC002078,HOSP043595,2020-10-07,Routine Checkup,H2-PROV0021,DEPT005,66462,2022-11-18,2025-04-16
H2-ENC002079,HOSP004328,2026-04-29,Routine Checkup,H2-PROV0023,DEPT019,51901,2025-04-19,2024-12-03
H2-ENC002080,HOSP008278,2024-02-23,Inpatient,H2-PROV0026,DEPT016,71625,2023-05-12,2021-09-01
H2-ENC002081,HOSP024769,2023-11-03,Emergency,H2-PROV0014,DEPT019,24440,2021-08-11,2026-08-08
H2-ENC002082,HOSP008337,2022-05-25,Emergency,H2-PROV0011,DEPT012,65662,2021-08-18,2024-07-20
H2-ENC002083,HOSP044027,2020-04-28,Inpatient,H2-PROV0007,DEPT013,82995,2022-11-20,2026-08-28
H2-ENC002084,HOSP021602,2020-06-13,Emergency,H2-PROV0021,DEPT017,72241,2020-11-17,2023-10-13
H2-ENC002085,HOSP049981,2026-08-27,Routine Checkup,H2-PROV0006,DEPT002,19697,2020-04-07,2021-02-06
H2-ENC002086,HOSP049787,2023-08-07,Outpatient,H2-PROV0013,DEPT002,92652,2022-06-26,2020-06-24
H2-ENC002087,HOSP014371,2022-09-29,Outpatient,H2-PROV0003,DEPT011,45144,2026-01-01,2020-03-17
H2-ENC002088,HOSP027464,2023-09-28,Emergency,H2-PROV0019,DEPT004,28166,2025-07-24,2021-11-05
H2-ENC002089,HOSP003322,2025-11-14,Outpatient,H2-PROV0019,DEPT001,29302,2025-04-07,2020-03-08
H2-ENC002090,HOSP019451,2025-09-28,Telemedicine,H2-PROV0021,DEPT005,12388,2021-02-16,2024-11-22
H2-ENC002091,HOSP030777,2021-10-08,Inpatient,H2-PROV0019,DEPT002,44424,2025-12-12,2026-04-06
H2-ENC002092,HOSP042959,2021-07-28,Emergency,H2-PROV0015,DEPT008,86407,2025-12-12,2024-06-01
H2-ENC002093,HOSP025481,2020-07-12,Inpatient,H2-PROV0003,DEPT018,66309,2021-01-27,2021-10-06
H2-ENC002094,HOSP022026,2024-08-12,Routine Checkup,H2-PROV0003,DEPT010,97491,2023-03-14,2023-06-01
H2-ENC002095,HOSP017529,2026-06-28,Inpatient,H2-PROV0005,DEPT010,40219,2022-03-26,2026-05-20
H2-ENC002096,HOSP008313,2023-01-23,Telemedicine,H2-PROV0020,DEPT009,95525,2020-11-27,2020-03-09
H2-ENC002097,HOSP017477,2022-11-10,Outpatient,H2-PROV0020,DEPT014,66921,2024-04-13,2021-08-08
H2-ENC002098,HOSP006336,2020-06-16,Telemedicine,H2-PROV0023,DEPT007,69934,2025-08-28,2022-03-13
H2-ENC002099,HOSP044102,2022-03-01,Inpatient,H2-PROV0005,DEPT002,66921,2022-07-17,2026-09-01
H2-ENC002100,HOSP044069,2026-02-11,Telemedicine,H2-PROV0021,DEPT020,53629,2021-03-16,2024-02-23
H2-ENC002101,HOSP021764,2023-10-15,Routine Checkup,H2-PROV0001,DEPT007,18032,2021-06-05,2021-06-19
H2-ENC002102,HOSP038794,2024-06-08,Inpatient,H2-PROV0021,DEPT019,61123,2024-11-24,2021-03-26
H2-ENC002103,HOSP027603,2022-01-16,Outpatient,H2-PROV0012,DEPT019,25624,2022-11-03,2025-09-01
H2-ENC002104,HOSP023531,2026-03-27,Outpatient,H2-PROV0018,DEPT005,37015,2025-12-26,2022-01-05
H2-ENC002105,HOSP036284,2020-09-30,Inpatient,H2-PROV0007,DEPT013,77833,2026-02-04,2021-12-13
H2-ENC002106,HOSP001471,2021-11-16,Routine Checkup,H2-PROV0001,DEPT003,69344,2026-09-20,2021-09-15
H2-ENC002107,HOSP038363,2025-09-22,Routine Checkup,H2-PROV0008,DEPT020,61429,2020-07-23,2022-09-30
H2-ENC002108,HOSP030827,2025-12-22,Inpatient,H2-PROV0003,DEPT013,32809,2025-04-16,2023-06-03
H2-ENC002109,HOSP042523,2026-06-12,Inpatient,H2-PROV0016,DEPT006,92395,2020-07-27,2026-06-10
H2-ENC002110,HOSP027528,2021-12-29,Telemedicine,H2-PROV0003,DEPT005,97472,2024-11-24,2025-11-15
H2-ENC002111,HOSP045221,2021-08-02,Inpatient,H2-PROV0023,DEPT017,20445,2020-04-08,2023-09-11
H2-ENC002112,HOSP043487,2025-11-20,Emergency,H2-PROV0019,DEPT006,12888,2022-04-01,2022-02-17
H2-ENC002113,HOSP040762,2023-12-10,Telemedicine,H2-PROV0021,DEPT010,97201,2026-06-24,2023-07-06
H2-ENC002114,HOSP017236,2025-11-11,Routine Checkup,H2-PROV0009,DEPT002,78841,2023-06-24,2025-10-13
H2-ENC002115,HOSP042848,2023-10-22,Routine Checkup,H2-PROV0004,DEPT016,17163,2023-12-30,2024-03-09
H2-ENC002116,HOSP021907,2024-01-06,Inpatient,H2-PROV0016,DEPT004,60071,2020-02-14,2023-05-15
H2-ENC002117,HOSP025394,2024-05-20,Inpatient,H2-PROV0010,DEPT009,34956,2021-11-04,2022-07-15
H2-ENC002118,HOSP008794,2020-09-29,Outpatient,H2-PROV0023,DEPT019,23826,2023-10-24,2020-09-03
H2-ENC002119,HOSP044894,2020-03-13,Telemedicine,H2-PROV0022,DEPT001,26599,2022-11-10,2022-10-28
H2-ENC002120,HOSP026009,2021-10-04,Routine Checkup,H2-PROV0011,DEPT014,70295,2023-11-02,2022-08-10
H2-ENC002121,HOSP033846,2024-01-27,Outpatient,H2-PROV0021,DEPT020,41054,2020-05-27,2020-12-20
H2-ENC002122,HOSP006900,2021-11-15,Telemedicine,H2-PROV0009,DEPT019,85710,2020-07-20,2020-03-09
H2-ENC002123,HOSP006332,2020-05-04,Inpatient,H2-PROV0018,DEPT013,96411,2021-10-28,2022-04-15
H2-ENC002124,HOSP031147,2021-10-18,Emergency,H2-PROV0030,DEPT019,50401,2023-06-20,2024-11-21
H2-ENC002125,HOSP044244,2024-02-11,Routine Checkup,H2-PROV0008,DEPT019,10877,2020-09-25,2026-09-09
H2-ENC002126,HOSP004426,2022-10-05,Routine Checkup,H2-PROV0007,DEPT011,27385,2023-07-11,2020-10-31
H2-ENC002127,HOSP013458,2023-11-28,Inpatient,H2-PROV0015,DEPT001,53687,2022-08-25,2021-06-01
H2-ENC002128,HOSP008484,2024-09-07,Inpatient,H2-PROV0028,DEPT012,95392,2024-10-13,2022-05-17
H2-ENC002129,HOSP010798,2022-05-16,Inpatient,H2-PROV0030,DEPT014,55871,2025-01-10,2021-02-08
H2-ENC002130,HOSP010626,2021-02-28,Telemedicine,H2-PROV0004,DEPT004,78411,2021-08-03,2021-08-05
H2-ENC002131,HOSP044757,2023-05-04,Routine Checkup,H2-PROV0006,DEPT014,74768,2025-04-17,2025-10-23
H2-ENC002132,HOSP036205,2023-10-18,Telemedicine,H2-PROV0023,DEPT011,93755,2025-04-15,2020-07-26
H2-ENC002133,HOSP025646,2026-03-08,Inpatient,H2-PROV0023,DEPT018,47057,2021-08-14,2023-03-05
H2-ENC002134,HOSP002891,2025-05-14,Outpatient,H2-PROV0022,DEPT014,48096,2020-10-23,2021-11-20
H2-ENC002135,HOSP035884,2025-04-29,Telemedicine,H2-PROV0022,DEPT015,58375,2024-12-25,2022-07-17
H2-ENC002136,HOSP021267,2023-04-05,Inpatient,H2-PROV0006,DEPT018,42322,2022-06-19,2020-10-04
H2-ENC002137,HOSP010650,2024-01-27,Routine Checkup,H2-PROV0013,DEPT015,76559,2021-04-22,2026-06-17
H2-ENC002138,HOSP034644,2026-03-11,Inpatient,H2-PROV0009,DEPT012,94775,2026-01-03,2023-09-01
H2-ENC002139,HOSP026702,2024-06-24,Inpatient,H2-PROV0014,DEPT019,90497,2020-01-14,2022-08-18
H2-ENC002140,HOSP023991,2024-06-27,Routine Checkup,H2-PROV0015,DEPT009,10877,2022-05-29,2024-05-30
H2-ENC002141,HOSP025893,2026-03-16,Emergency,H2-PROV0009,DEPT002,64287,2021-11-10,2023-09-04
H2-ENC002142,HOSP025298,2025-12-15,Inpatient,H2-PROV0006,DEPT016,79458,2024-04-10,2020-07-09
H2-ENC002143,HOSP040455,2025-12-13,Telemedicine,H2-PROV0021,DEPT004,66620,2025-07-18,2026-09-03
H2-ENC002144,HOSP025158,2020-06-10,Telemedicine,H2-PROV0002,DEPT020,12607,2025-03-29,2026-04-23
H2-ENC002145,HOSP042911,2025-05-11,Emergency,H2-PROV0023,DEPT019,34434,2026-04-26,2025-12-18
H2-ENC002146,HOSP036761,2025-06-25,Routine Checkup,H2-PROV0001,DEPT013,84874,2022-09-12,2026-01-10
H2-ENC002147,HOSP039817,2026-07-25,Inpatient,H2-PROV0013,DEPT006,26599,2026-07-16,2026-01-25
H2-ENC002148,HOSP018516,2025-10-12,Routine Checkup,H2-PROV0020,DEPT019,86041,2022-09-10,2024-12-31
H2-ENC002149,HOSP003352,2023-04-30,Inpatient,H2-PROV0001,DEPT006,41708,2026-10-04,2020-11-12
H2-ENC002150,HOSP025695,2025-01-08,Routine Checkup,H2-PROV0008,DEPT002,79355,2026-08-09,2022-09-25
H2-ENC002151,HOSP020200,2020-10-05,Outpatient,H2-PROV0017,DEPT001,73843,2025-08-01,2023-06-28
H2-ENC002152,HOSP038686,2020-12-10,Outpatient,H2-PROV0010,DEPT007,41276,2021-05-03,2020-07-13
H2-ENC002153,HOSP038183,2020-04-22,Routine Checkup,H2-PROV0015,DEPT018,51097,2023-02-02,2023-04-15
H2-ENC002154,HOSP018998,2023-07-04,Inpatient,H2-PROV0003,DEPT003,75294,2026-03-03,2020-08-30
H2-ENC002155,HOSP018103,2023-01-04,Inpatient,H2-PROV0011,DEPT003,21172,2021-04-05,2021-04-22
H2-ENC002156,HOSP004542,2025-02-06,Telemedicine,H2-PROV0010,DEPT019,17139,2020-09-04,2021-08-27
H2-ENC002157,HOSP046530,2023-12-27,Telemedicine,H2-PROV0014,DEPT011,11908,2026-08-01,2024-07-19
H2-ENC002158,HOSP031407,2021-12-27,Routine Checkup,H2-PROV0021,DEPT011,36115,2023-09-01,2026-03-15
H2-ENC002159,HOSP030138,2020-07-18,Inpatient,H2-PROV0025,DEPT015,78999,2021-03-18,2026-09-27
H2-ENC002160,HOSP026607,2025-08-07,Inpatient,H2-PROV0011,DEPT005,55029,2025-01-23,2021-09-24
H2-ENC002161,HOSP029669,2021-09-04,Telemedicine,H2-PROV0023,DEPT020,60015,2021-01-08,2023-06-24
H2-ENC002162,HOSP011292,2023-08-06,Outpatient,H2-PROV0018,DEPT014,41054,2026-01-24,2020-10-10
H2-ENC002163,HOSP010227,2022-10-10,Emergency,H2-PROV0007,DEPT019,98614,2020-12-13,2023-07-24
H2-ENC002164,HOSP000729,2022-09-09,Outpatient,H2-PROV0022,DEPT002,84413,2024-08-01,2024-07-18
H2-ENC002165,HOSP012722,2021-08-31,Inpatient,H2-PROV0013,DEPT010,76259,2023-01-02,2023-07-26
H2-ENC002166,HOSP021921,2025-06-15,Inpatient,H2-PROV0003,DEPT007,78904,2023-05-13,2022-11-04
H2-ENC002167,HOSP025473,2026-03-15,Outpatient,H2-PROV0019,DEPT005,19587,2021-10-24,2020-12-02
H2-ENC002168,HOSP041625,2023-08-14,Emergency,H2-PROV0015,DEPT015,17178,2021-06-11,2025-06-02
H2-ENC002169,HOSP031292,2025-09-12,Routine Checkup,H2-PROV0017,DEPT002,41435,2024-07-03,2021-02-12
H2-ENC002170,HOSP042552,2024-11-16,Telemedicine,H2-PROV0002,DEPT006,73760,2025-06-29,2020-07-26
H2-ENC002171,HOSP023155,2025-08-16,Outpatient,H2-PROV0014,DEPT004,16749,2024-10-18,2024-10-19
H2-ENC002172,HOSP025031,2023-10-25,Emergency,H2-PROV0013,DEPT013,24161,2021-09-28,2025-06-14
H2-ENC002173,HOSP043852,2025-11-08,Emergency,H2-PROV0023,DEPT018,14988,2024-07-01,2022-06-22
H2-ENC002174,HOSP016045,2025-05-28,Outpatient,H2-PROV0011,DEPT001,64532,2022-04-16,2020-12-08
H2-ENC002175,HOSP016747,2024-11-19,Routine Checkup,H2-PROV0010,DEPT014,55350,2021-11-01,2026-05-23
H2-ENC002176,HOSP012407,2021-09-28,Telemedicine,H2-PROV0030,DEPT008,98121,2022-07-04,2022-08-02
H2-ENC002177,HOSP045348,2023-05-20,Telemedicine,H2-PROV0014,DEPT008,84089,2022-08-02,2025-12-07
H2-ENC002178,HOSP015174,2020-08-26,Emergency,H2-PROV0013,DEPT014,87171,2020-06-08,2021-03-08
H2-ENC002179,HOSP033425,2021-10-31,Inpatient,H2-PROV0027,DEPT002,22628,2026-08-03,2025-09-09
H2-ENC002180,HOSP042422,2021-04-20,Inpatient,H2-PROV0002,DEPT004,37641,2021-11-29,2025-10-24
H2-ENC002181,HOSP033902,2021-08-02,Inpatient,H2-PROV0011,DEPT010,86172,2021-03-11,2023-03-01
H2-ENC002182,HOSP001899,2025-06-01,Outpatient,H2-PROV0003,DEPT007,66383,2022-05-17,2021-03-21
H2-ENC002183,HOSP025715,2024-07-07,Telemedicine,H2-PROV0013,DEPT010,67519,2021-05-27,2020-10-25
H2-ENC002184,HOSP041591,2025-12-06,Routine Checkup,H2-PROV0019,DEPT012,99885,2026-08-30,2022-09-24
H2-ENC002185,HOSP010731,2021-05-08,Routine Checkup,H2-PROV0008,DEPT003,14848,2023-03-12,2025-02-18
H2-ENC002186,HOSP005377,2024-07-28,Routine Checkup,H2-PROV0009,DEPT012,18688,2020-02-27,2024-03-26
H2-ENC002187,HOSP012692,2024-03-18,Routine Checkup,H2-PROV0008,DEPT008,68824,2024-03-04,2025-02-07
H2-ENC002188,HOSP013769,2022-07-16,Outpatient,H2-PROV0026,DEPT016,70100,2022-11-24,2023-04-15
H2-ENC002189,HOSP039974,2020-11-16,Outpatient,H2-PROV0013,DEPT010,43222,2021-08-13,2026-07-30
H2-ENC002190,HOSP025829,2020-03-30,Inpatient,H2-PROV0016,DEPT012,20476,2020-12-24,2020-12-06
H2-ENC002191,HOSP043956,2026-04-08,Emergency,H2-PROV0026,DEPT017,32674,2022-07-16,2023-09-18
H2-ENC002192,HOSP032904,2021-12-06,Outpatient,H2-PROV0026,DEPT017,59469,2023-06-06,2025-02-15
H2-ENC002193,HOSP021459,2020-01-13,Emergency,H2-PROV0024,DEPT005,12280,2025-02-20,2026-07-21
H2-ENC002194,HOSP038085,2026-02-24,Telemedicine,H2-PROV0012,DEPT018,71259,2023-08-31,2025-12-10
H2-ENC002195,HOSP044359,2023-07-28,Telemedicine,H2-PROV0007,DEPT007,47487,2024-01-09,2023-12-08
H2-ENC002196,HOSP037102,2022-08-16,Inpatient,H2-PROV0007,DEPT005,73752,2021-11-23,2023-06-03
H2-ENC002197,HOSP031286,2021-07-14,Routine Checkup,H2-PROV0023,DEPT003,50025,2024-01-23,2026-04-13
H2-ENC002198,HOSP012459,2025-08-17,Outpatient,H2-PROV0004,DEPT009,17139,2025-03-12,2021-01-12
H2-ENC002199,HOSP044387,2025-09-20,Emergency,H2-PROV0030,DEPT004,94999,2022-01-26,2022-08-22
H2-ENC002200,HOSP033230,2022-09-20,Emergency,H2-PROV0018,DEPT016,75310,2025-07-03,2023-06-24
H2-ENC002201,HOSP047328,2024-10-18,Inpatient,H2-PROV0023,DEPT012,12718,2021-01-06,2025-05-09
H2-ENC002202,HOSP028387,2023-01-29,Emergency,H2-PROV0020,DEPT012,36115,2023-05-12,2024-03-18
H2-ENC002203,HOSP037477,2022-04-28,Emergency,H2-PROV0020,DEPT015,58086,2021-04-22,2024-10-27
H2-ENC002204,HOSP033735,2020-04-30,Inpatient,H2-PROV0017,DEPT003,46095,2025-03-14,2022-10-24
H2-ENC002205,HOSP035483,2026-09-07,Outpatient,H2-PROV0022,DEPT010,43706,2020-08-01,2022-06-19
H2-ENC002206,HOSP007289,2026-08-29,Inpatient,H2-PROV0021,DEPT016,94034,2026-07-04,2024-11-15
H2-ENC002207,HOSP047349,2025-02-28,Routine Checkup,H2-PROV0020,DEPT012,28569,2024-08-06,2026-08-13
H2-ENC002208,HOSP006595,2024-02-27,Emergency,H2-PROV0014,DEPT004,18951,2021-03-19,2024-09-05
H2-ENC002209,HOSP039670,2022-05-26,Inpatient,H2-PROV0016,DEPT014,13755,2026-09-13,2020-02-14
H2-ENC002210,HOSP036356,2026-05-19,Inpatient,H2-PROV0002,DEPT014,40597,2023-11-27,2020-08-10
H2-ENC002211,HOSP040887,2022-12-19,Inpatient,H2-PROV0008,DEPT005,75496,2026-01-28,2023-02-24
H2-ENC002212,HOSP025873,2022-07-26,Telemedicine,H2-PROV0003,DEPT020,14200,2023-12-26,2025-07-14
H2-ENC002213,HOSP032969,2020-01-27,Inpatient,H2-PROV0013,DEPT015,60237,2024-10-01,2020-10-16
H2-ENC002214,HOSP028082,2020-03-05,Outpatient,H2-PROV0008,DEPT010,71258,2024-06-12,2020-09-10
H2-ENC002215,HOSP025509,2026-07-13,Outpatient,H2-PROV0006,DEPT003,39256,2021-03-11,2023-12-13
H2-ENC002216,HOSP022417,2025-02-23,Outpatient,H2-PROV0008,DEPT019,90885,2023-01-01,2020-01-19
H2-ENC002217,HOSP014835,2020-11-13,Telemedicine,H2-PROV0007,DEPT013,82294,2023-08-13,2020-06-06
H2-ENC002218,HOSP049039,2024-11-22,Telemedicine,H2-PROV0003,DEPT009,24161,2025-01-16,2025-03-08
H2-ENC002219,HOSP016464,2025-04-20,Inpatient,H2-PROV0015,DEPT010,82294,2025-10-17,2020-09-18
H2-ENC002220,HOSP034525,2020-09-15,Emergency,H2-PROV0029,DEPT007,99695,2020-07-29,2024-06-29
H2-ENC002221,HOSP030544,2020-03-28,Emergency,H2-PROV0002,DEPT018,17225,2021-06-01,2022-01-13
H2-ENC002222,HOSP000889,2022-07-16,Telemedicine,H2-PROV0002,DEPT007,60263,2024-04-26,2023-05-02
H2-ENC002223,HOSP023091,2024-04-09,Emergency,H2-PROV0021,DEPT002,69288,2022-06-03,2022-02-13
H2-ENC002224,HOSP021550,2023-12-02,Emergency,H2-PROV0013,DEPT018,18108,2021-10-27,2023-07-19
H2-ENC002225,HOSP003449,2024-09-04,Inpatient,H2-PROV0019,DEPT006,28906,2026-07-09,2022-10-05
H2-ENC002226,HOSP039441,2020-07-01,Routine Checkup,H2-PROV0012,DEPT009,97802,2022-03-19,2020-08-11
H2-ENC002227,HOSP043723,2026-08-26,Emergency,H2-PROV0002,DEPT016,39529,2024-07-08,2020-01-22
H2-ENC002228,HOSP033812,2022-09-20,Emergency,H2-PROV0007,DEPT006,59028,2023-06-08,2025-02-05
H2-ENC002229,HOSP046566,2026-05-13,Emergency,H2-PROV0007,DEPT018,37425,2022-06-26,2024-08-08
H2-ENC002230,HOSP014479,2021-05-14,Outpatient,H2-PROV0021,DEPT018,42192,2020-05-09,2024-04-26
H2-ENC002231,HOSP012406,2025-03-29,Inpatient,H2-PROV0025,DEPT012,75182,2022-04-12,2022-01-11
H2-ENC002232,HOSP011737,2022-01-29,Emergency,H2-PROV0025,DEPT004,43337,2023-03-24,2025-01-04
H2-ENC002233,HOSP044551,2020-06-25,Emergency,H2-PROV0010,DEPT014,78904,2021-08-23,2025-02-21
H2-ENC002234,HOSP001140,2021-07-09,Telemedicine,H2-PROV0025,DEPT003,97491,2022-10-07,2025-08-12
H2-ENC002235,HOSP003724,2024-12-02,Telemedicine,H2-PROV0014,DEPT011,88786,2025-11-04,2024-01-09
H2-ENC002236,HOSP036348,2020-03-15,Inpatient,H2-PROV0024,DEPT018,21826,2021-04-12,2022-02-27
H2-ENC002237,HOSP009595,2023-06-13,Inpatient,H2-PROV0007,DEPT009,12046,2020-12-28,2023-07-05
H2-ENC002238,HOSP009272,2021-02-15,Outpatient,H2-PROV0021,DEPT005,98690,2025-09-26,2024-02-28
H2-ENC002239,HOSP035674,2026-01-04,Routine Checkup,H2-PROV0025,DEPT007,51857,2024-05-06,2025-07-23
H2-ENC002240,HOSP028522,2022-09-19,Emergency,H2-PROV0011,DEPT020,68143,2022-12-31,2020-07-05
H2-ENC002241,HOSP012894,2023-11-28,Routine Checkup,H2-PROV0024,DEPT010,41435,2023-10-17,2023-04-30
H2-ENC002242,HOSP031130,2023-03-11,Inpatient,H2-PROV0029,DEPT008,79266,2021-06-24,2020-06-27
H2-ENC002243,HOSP015203,2023-08-23,Outpatient,H2-PROV0024,DEPT015,46668,2022-04-20,2023-04-09
H2-ENC002244,HOSP028276,2026-08-04,Outpatient,H2-PROV0006,DEPT013,20818,2023-09-09,2023-11-01
H2-ENC002245,HOSP024374,2024-10-22,Emergency,H2-PROV0010,DEPT015,25335,2025-07-06,2026-05-02
H2-ENC002246,HOSP008255,2021-07-05,Inpatient,H2-PROV0021,DEPT002,47821,2025-06-29,2024-07-22
H2-ENC002247,HOSP035057,2026-09-03,Telemedicine,H2-PROV0030,DEPT014,49874,2025-08-04,2025-08-30
H2-ENC002248,HOSP045561,2021-04-09,Inpatient,H2-PROV0017,DEPT005,56071,2023-01-01,2020-06-26
H2-ENC002249,HOSP038939,2022-07-01,Emergency,H2-PROV0014,DEPT017,11200,2021-08-03,2022-08-28
H2-ENC002250,HOSP040075,2021-06-14,Telemedicine,H2-PROV0010,DEPT012,72545,2025-12-04,2024-12-27
H2-ENC002251,HOSP028941,2024-10-04,Telemedicine,H2-PROV0026,DEPT013,21487,2022-10-13,2025-02-26
H2-ENC002252,HOSP041588,2024-08-08,Outpatient,H2-PROV0020,DEPT004,42192,2026-02-23,2020-03-31
H2-ENC002253,HOSP047823,2025-05-08,Emergency,H2-PROV0003,DEPT013,31649,2020-07-27,2025-04-02
H2-ENC002254,HOSP009184,2020-07-27,Outpatient,H2-PROV0020,DEPT011,63423,2024-06-26,2022-05-30
H2-ENC002255,HOSP003437,2021-02-28,Telemedicine,H2-PROV0006,DEPT005,32674,2023-01-23,2026-02-13
H2-ENC002256,HOSP009109,2024-12-31,Emergency,H2-PROV0004,DEPT003,65420,2022-12-11,2021-06-02
H2-ENC002257,HOSP005888,2026-06-10,Emergency,H2-PROV0008,DEPT014,42812,2025-02-09,2022-12-30
H2-ENC002258,HOSP017497,2020-06-19,Telemedicine,H2-PROV0016,DEPT007,96629,2026-01-31,2022-05-13
H2-ENC002259,HOSP015516,2023-06-13,Emergency,H2-PROV0027,DEPT004,48917,2021-11-27,2022-09-04
H2-ENC002260,HOSP012453,2022-07-18,Telemedicine,H2-PROV0001,DEPT016,96643,2021-02-16,2023-08-22
H2-ENC002261,HOSP012234,2026-08-17,Outpatient,H2-PROV0011,DEPT006,80998,2025-09-19,2023-06-17
H2-ENC002262,HOSP016463,2026-04-26,Telemedicine,H2-PROV0011,DEPT013,35802,2025-12-03,2020-08-11
H2-ENC002263,HOSP009467,2026-09-30,Routine Checkup,H2-PROV0015,DEPT012,80461,2024-06-26,2026-09-07
H2-ENC002264,HOSP003877,2022-07-10,Emergency,H2-PROV0026,DEPT009,17741,2021-11-11,2020-06-04
H2-ENC002265,HOSP043338,2021-01-17,Routine Checkup,H2-PROV0024,DEPT017,80451,2021-02-09,2022-03-16
H2-ENC002266,HOSP011826,2020-03-16,Inpatient,H2-PROV0024,DEPT019,25961,2024-08-24,2024-06-02
H2-ENC002267,HOSP005403,2021-11-06,Inpatient,H2-PROV0025,DEPT018,75720,2026-02-17,2025-07-14
H2-ENC002268,HOSP036119,2023-05-31,Emergency,H2-PROV0007,DEPT003,96257,2020-11-04,2025-12-14
H2-ENC002269,HOSP032176,2022-11-30,Outpatient,H2-PROV0030,DEPT020,10034,2026-04-26,2020-06-14
H2-ENC002270,HOSP022479,2024-11-03,Emergency,H2-PROV0024,DEPT001,40533,2022-08-24,2025-04-08
H2-ENC002271,HOSP012302,2024-04-16,Emergency,H2-PROV0012,DEPT011,96643,2020-11-10,2021-11-05
H2-ENC002272,HOSP005526,2021-02-07,Outpatient,H2-PROV0014,DEPT020,41276,2025-10-06,2020-01-29
H2-ENC002273,HOSP005739,2022-03-13,Outpatient,H2-PROV0007,DEPT002,65966,2020-02-04,2026-05-01
H2-ENC002274,HOSP024373,2021-08-18,Emergency,H2-PROV0012,DEPT013,81503,2021-08-12,2022-06-24
H2-ENC002275,HOSP044433,2024-02-29,Telemedicine,H2-PROV0025,DEPT019,60075,2023-04-29,2024-08-16
H2-ENC002276,HOSP039340,2026-02-24,Routine Checkup,H2-PROV0028,DEPT011,20483,2022-12-22,2020-05-30
H2-ENC002277,HOSP017042,2023-04-05,Outpatient,H2-PROV0022,DEPT002,22795,2020-08-05,2021-07-24
H2-ENC002278,HOSP029115,2020-01-31,Telemedicine,H2-PROV0023,DEPT012,94426,2023-03-16,2023-03-11
H2-ENC002279,HOSP005696,2023-09-07,Inpatient,H2-PROV0023,DEPT007,43570,2021-06-25,2021-02-13
H2-ENC002280,HOSP001288,2025-04-16,Emergency,H2-PROV0017,DEPT008,60360,2023-11-09,2022-01-06
H2-ENC002281,HOSP026431,2022-08-29,Routine Checkup,H2-PROV0025,DEPT006,85655,2020-09-13,2020-01-24
H2-ENC002282,HOSP014657,2022-06-30,Inpatient,H2-PROV0018,DEPT004,31734,2021-03-29,2025-08-20
H2-ENC002283,HOSP021361,2020-06-01,Telemedicine,H2-PROV0028,DEPT017,30208,2020-01-24,2020-11-12
H2-ENC002284,HOSP029607,2024-05-26,Outpatient,H2-PROV0024,DEPT004,76778,2022-09-19,2024-05-24
H2-ENC002285,HOSP029317,2025-05-04,Inpatient,H2-PROV0014,DEPT017,93650,2024-12-07,2026-02-11
H2-ENC002286,HOSP037138,2025-05-22,Routine Checkup,H2-PROV0003,DEPT006,18148,2020-03-06,2025-11-02
H2-ENC002287,HOSP002535,2021-09-17,Emergency,H2-PROV0029,DEPT009,15438,2022-06-09,2020-09-14
H2-ENC002288,HOSP036589,2025-05-26,Emergency,H2-PROV0023,DEPT002,16982,2023-03-05,2023-09-29
H2-ENC002289,HOSP037094,2025-07-20,Outpatient,H2-PROV0005,DEPT004,38212,2026-06-14,2022-11-23
H2-ENC002290,HOSP002302,2025-05-23,Inpatient,H2-PROV0028,DEPT014,73598,2024-03-13,2022-09-09
H2-ENC002291,HOSP031981,2020-02-27,Emergency,H2-PROV0010,DEPT001,59003,2023-09-08,2021-10-01
H2-ENC002292,HOSP008022,2023-02-26,Outpatient,H2-PROV0011,DEPT006,84051,2024-01-03,2023-04-16
H2-ENC002293,HOSP023617,2024-09-28,Inpatient,H2-PROV0011,DEPT007,16171,2021-09-14,2022-03-25
H2-ENC002294,HOSP020526,2024-05-22,Inpatient,H2-PROV0012,DEPT008,78741,2022-08-29,2022-04-07
H2-ENC002295,HOSP011553,2021-07-21,Emergency,H2-PROV0013,DEPT001,60071,2025-03-19,2024-09-22
H2-ENC002296,HOSP005525,2021-01-23,Outpatient,H2-PROV0006,DEPT017,63966,2020-11-29,2024-06-08
H2-ENC002297,HOSP033251,2025-03-12,Outpatient,H2-PROV0022,DEPT007,73761,2020-10-09,2025-07-03
H2-ENC002298,HOSP013145,2022-08-16,Outpatient,H2-PROV0021,DEPT006,27107,2023-03-24,2026-04-25
H2-ENC002299,HOSP030490,2020-05-23,Emergency,H2-PROV0017,DEPT012,30265,2025-10-29,2022-04-04
H2-ENC002300,HOSP032144,2023-05-03,Outpatient,H2-PROV0012,DEPT019,81742,2023-11-14,2023-04-28
H2-ENC002301,HOSP027327,2020-10-25,Routine Checkup,H2-PROV0011,DEPT012,72365,2026-03-09,2022-05-03
H2-ENC002302,HOSP004823,2022-03-10,Telemedicine,H2-PROV0013,DEPT004,22142,2020-11-14,2020-10-20
H2-ENC002303,HOSP014186,2021-07-05,Telemedicine,H2-PROV0027,DEPT010,41415,2025-07-18,2022-07-02
H2-ENC002304,HOSP010414,2022-04-12,Inpatient,H2-PROV0018,DEPT010,59662,2026-03-07,2020-11-07
H2-ENC002305,HOSP019718,2024-05-06,Telemedicine,H2-PROV0025,DEPT002,30764,2020-12-02,2021-12-08
H2-ENC002306,HOSP048218,2025-02-23,Telemedicine,H2-PROV0013,DEPT020,54938,2022-06-12,2023-08-26
H2-ENC002307,HOSP029451,2026-05-08,Inpatient,H2-PROV0020,DEPT013,98121,2026-05-12,2021-03-15
H2-ENC002308,HOSP013917,2023-03-09,Outpatient,H2-PROV0025,DEPT018,39840,2023-02-11,2026-02-10
H2-ENC002309,HOSP017193,2025-05-02,Emergency,H2-PROV0020,DEPT017,55566,2020-09-10,2021-09-27
H2-ENC002310,HOSP006001,2023-09-07,Outpatient,H2-PROV0010,DEPT001,38212,2022-04-07,2022-12-11
H2-ENC002311,HOSP007172,2020-12-26,Telemedicine,H2-PROV0022,DEPT012,90838,2025-09-19,2022-05-13
H2-ENC002312,HOSP024304,2023-09-16,Telemedicine,H2-PROV0006,DEPT017,93733,2024-01-15,2024-05-31
H2-ENC002313,HOSP019640,2021-01-04,Routine Checkup,H2-PROV0030,DEPT008,48096,2024-12-04,2026-04-08
H2-ENC002314,HOSP047415,2020-12-12,Outpatient,H2-PROV0013,DEPT012,76778,2024-11-05,2024-04-17
H2-ENC002315,HOSP038727,2025-11-17,Emergency,H2-PROV0021,DEPT011,64840,2024-07-25,2022-02-12
H2-ENC002316,HOSP042172,2026-02-04,Outpatient,H2-PROV0005,DEPT020,49502,2024-12-30,2024-11-13
H2-ENC002317,HOSP016874,2021-04-08,Inpatient,H2-PROV0018,DEPT015,35957,2021-10-28,2021-04-16
H2-ENC002318,HOSP017383,2025-05-15,Inpatient,H2-PROV0026,DEPT010,27850,2026-09-23,2023-05-08
H2-ENC002319,HOSP014218,2024-09-10,Emergency,H2-PROV0028,DEPT002,21133,2021-07-28,2021-12-08
H2-ENC002320,HOSP038291,2025-05-24,Inpatient,H2-PROV0028,DEPT008,10034,2021-10-16,2022-02-20
H2-ENC002321,HOSP000638,2025-06-21,Routine Checkup,H2-PROV0025,DEPT018,63043,2023-09-29,2022-07-22
H2-ENC002322,HOSP047287,2023-06-25,Inpatient,H2-PROV0022,DEPT005,26725,2026-06-16,2020-05-10
H2-ENC002323,HOSP008503,2026-05-07,Outpatient,H2-PROV0026,DEPT006,96903,2026-05-15,2024-07-05
H2-ENC002324,HOSP019652,2023-07-14,Telemedicine,H2-PROV0010,DEPT010,75287,2020-06-15,2024-04-01
H2-ENC002325,HOSP033087,2025-06-05,Emergency,H2-PROV0004,DEPT013,20445,2024-11-26,2025-02-01
H2-ENC002326,HOSP046601,2022-11-24,Routine Checkup,H2-PROV0001,DEPT012,47609,2020-05-19,2021-04-11
H2-ENC002327,HOSP049632,2020-08-31,Outpatient,H2-PROV0027,DEPT010,66976,2021-06-18,2023-09-14
H2-ENC002328,HOSP016705,2020-09-24,Routine Checkup,H2-PROV0016,DEPT005,82717,2023-07-23,2020-06-03
H2-ENC002329,HOSP004681,2022-04-19,Telemedicine,H2-PROV0026,DEPT003,81608,2022-11-07,2024-09-06
H2-ENC002330,HOSP046901,2021-10-24,Routine Checkup,H2-PROV0028,DEPT015,29466,2022-06-20,2024-12-02
H2-ENC002331,HOSP017312,2022-07-25,Inpatient,H2-PROV0029,DEPT015,88891,2021-10-01,2022-09-20
H2-ENC002332,HOSP014122,2022-09-26,Emergency,H2-PROV0005,DEPT017,47609,2020-12-10,2023-10-18
H2-ENC002333,HOSP036441,2025-01-05,Inpatient,H2-PROV0013,DEPT001,31621,2023-01-27,2020-09-08
H2-ENC002334,HOSP017148,2020-01-24,Emergency,H2-PROV0014,DEPT002,80441,2021-10-09,2024-05-05
H2-ENC002335,HOSP021095,2025-07-27,Emergency,H2-PROV0014,DEPT001,12355,2024-01-03,2023-10-18
H2-ENC002336,HOSP021965,2025-07-12,Outpatient,H2-PROV0018,DEPT001,76922,2025-06-26,2023-12-17
H2-ENC002337,HOSP043646,2023-07-02,Routine Checkup,H2-PROV0006,DEPT017,43247,2021-05-21,2024-05-29
H2-ENC002338,HOSP040297,2021-06-13,Emergency,H2-PROV0016,DEPT003,51570,2022-09-12,2020-08-24
H2-ENC002339,HOSP007009,2026-06-14,Outpatient,H2-PROV0023,DEPT001,89746,2024-08-31,2021-10-06
H2-ENC002340,HOSP024583,2025-09-01,Inpatient,H2-PROV0029,DEPT004,75794,2021-02-27,2022-10-29
H2-ENC002341,HOSP027888,2020-03-16,Routine Checkup,H2-PROV0016,DEPT016,55214,2026-03-17,2022-05-16
H2-ENC002342,HOSP029310,2025-12-27,Outpatient,H2-PROV0014,DEPT018,21656,2021-05-24,2025-12-09
H2-ENC002343,HOSP023353,2024-08-18,Routine Checkup,H2-PROV0027,DEPT013,32809,2020-12-07,2020-10-17
H2-ENC002344,HOSP023273,2026-09-25,Emergency,H2-PROV0004,DEPT015,30208,2022-12-01,2023-05-31
H2-ENC002345,HOSP045581,2025-01-13,Outpatient,H2-PROV0029,DEPT012,76447,2024-01-01,2023-04-18
H2-ENC002346,HOSP047681,2026-09-09,Telemedicine,H2-PROV0027,DEPT005,99846,2026-07-18,2021-06-09
H2-ENC002347,HOSP010785,2021-11-19,Inpatient,H2-PROV0008,DEPT005,42054,2026-01-30,2024-11-23
H2-ENC002348,HOSP010772,2023-06-25,Inpatient,H2-PROV0028,DEPT016,94167,2025-10-24,2024-02-19
H2-ENC002349,HOSP006635,2020-11-06,Outpatient,H2-PROV0012,DEPT012,65857,2020-05-31,2026-08-08
H2-ENC002350,HOSP007885,2025-06-06,Emergency,H2-PROV0009,DEPT008,79266,2024-10-20,2024-02-03
H2-ENC002351,HOSP020473,2026-02-21,Inpatient,H2-PROV0003,DEPT004,53889,2024-01-04,2021-11-08
H2-ENC002352,HOSP031122,2024-10-05,Telemedicine,H2-PROV0005,DEPT005,18752,2025-07-02,2020-11-14
H2-ENC002353,HOSP043104,2023-04-07,Routine Checkup,H2-PROV0017,DEPT017,56624,2020-01-14,2026-06-09
H2-ENC002354,HOSP009710,2026-06-26,Routine Checkup,H2-PROV0012,DEPT010,35971,2024-11-18,2021-11-16
H2-ENC002355,HOSP006052,2025-05-01,Routine Checkup,H2-PROV0025,DEPT013,56003,2024-11-12,2023-11-25
H2-ENC002356,HOSP018788,2023-08-17,Routine Checkup,H2-PROV0001,DEPT003,82995,2021-09-02,2023-09-18
H2-ENC002357,HOSP032094,2023-07-17,Outpatient,H2-PROV0029,DEPT020,64614,2024-12-10,2025-06-11
H2-ENC002358,HOSP019099,2025-07-21,Telemedicine,H2-PROV0007,DEPT019,83075,2026-06-27,2020-09-19
H2-ENC002359,HOSP041839,2022-04-13,Outpatient,H2-PROV0006,DEPT002,94100,2025-11-13,2024-12-23
H2-ENC002360,HOSP034251,2021-04-20,Inpatient,H2-PROV0029,DEPT001,93323,2022-09-02,2026-04-29
H2-ENC002361,HOSP027135,2025-05-14,Routine Checkup,H2-PROV0022,DEPT014,88824,2023-09-23,2021-04-30
H2-ENC002362,HOSP015747,2020-05-11,Telemedicine,H2-PROV0017,DEPT009,84874,2020-07-20,2024-06-12
H2-ENC002363,HOSP021569,2020-10-24,Inpatient,H2-PROV0007,DEPT011,27726,2024-09-26,2024-07-29
H2-ENC002364,HOSP026675,2023-12-27,Inpatient,H2-PROV0012,DEPT005,33651,2025-10-22,2025-12-27
H2-ENC002365,HOSP005516,2023-08-26,Telemedicine,H2-PROV0023,DEPT010,82062,2020-03-30,2026-02-15
H2-ENC002366,HOSP000562,2026-02-04,Emergency,H2-PROV0029,DEPT006,94840,2022-12-27,2021-07-24
H2-ENC002367,HOSP032412,2022-08-26,Inpatient,H2-PROV0011,DEPT003,85707,2026-07-14,2020-01-03
H2-ENC002368,HOSP029247,2025-06-02,Emergency,H2-PROV0005,DEPT001,97472,2023-09-12,2024-03-28
H2-ENC002369,HOSP044626,2025-03-04,Emergency,H2-PROV0013,DEPT011,45994,2023-03-19,2020-02-03
H2-ENC002370,HOSP008282,2023-08-11,Routine Checkup,H2-PROV0003,DEPT002,80998,2021-04-18,2020-03-10
H2-ENC002371,HOSP012402,2021-11-04,Inpatient,H2-PROV0029,DEPT014,15796,2025-01-11,2025-08-30
H2-ENC002372,HOSP048852,2026-07-14,Telemedicine,H2-PROV0027,DEPT005,90885,2025-11-21,2024-01-24
H2-ENC002373,HOSP039261,2022-12-02,Routine Checkup,H2-PROV0008,DEPT010,56599,2022-07-10,2025-10-25
H2-ENC002374,HOSP017681,2024-09-30,Telemedicine,H2-PROV0003,DEPT007,52492,2026-03-22,2021-04-27
H2-ENC002375,HOSP046932,2026-01-19,Emergency,H2-PROV0008,DEPT003,66620,2021-09-17,2020-09-08
H2-ENC002376,HOSP048528,2026-01-29,Inpatient,H2-PROV0017,DEPT019,58265,2020-07-23,2024-11-01
H2-ENC002377,HOSP006491,2025-05-26,Telemedicine,H2-PROV0009,DEPT009,67844,2021-09-13,2026-02-01
H2-ENC002378,HOSP032439,2024-09-12,Emergency,H2-PROV0021,DEPT014,21297,2022-09-08,2021-07-29
H2-ENC002379,HOSP035895,2025-03-14,Routine Checkup,H2-PROV0004,DEPT008,11646,2025-09-02,2022-08-23
H2-ENC002380,HOSP036525,2021-09-25,Inpatient,H2-PROV0009,DEPT006,92708,2023-04-12,2023-09-14
H2-ENC002381,HOSP030807,2020-09-09,Outpatient,H2-PROV0010,DEPT003,77833,2026-07-31,2022-09-14
H2-ENC002382,HOSP022407,2024-12-21,Inpatient,H2-PROV0018,DEPT010,88698,2021-04-13,2021-02-18
H2-ENC002383,HOSP029019,2025-09-03,Emergency,H2-PROV0020,DEPT005,59644,2021-01-02,2021-01-31
H2-ENC002384,HOSP043304,2020-12-04,Outpatient,H2-PROV0018,DEPT017,85873,2024-10-02,2022-01-28
H2-ENC002385,HOSP020753,2026-09-07,Telemedicine,H2-PROV0006,DEPT006,52359,2021-10-24,2023-01-30
H2-ENC002386,HOSP034356,2023-10-10,Routine Checkup,H2-PROV0005,DEPT020,67522,2024-06-18,2022-08-20
H2-ENC002387,HOSP019877,2022-06-19,Emergency,H2-PROV0018,DEPT017,66462,2025-10-30,2023-01-23
H2-ENC002388,HOSP006787,2021-11-02,Telemedicine,H2-PROV0022,DEPT002,76922,2020-01-15,2026-06-27
H2-ENC002389,HOSP008517,2025-05-08,Telemedicine,H2-PROV0004,DEPT016,63043,2021-06-18,2020-04-04
H2-ENC002390,HOSP002352,2025-05-25,Routine Checkup,H2-PROV0002,DEPT009,55566,2022-10-28,2026-06-04
H2-ENC002391,HOSP049463,2021-01-19,Telemedicine,H2-PROV0024,DEPT011,69052,2022-06-21,2021-04-01
H2-ENC002392,HOSP012163,2026-09-15,Outpatient,H2-PROV0026,DEPT015,87020,2025-06-11,2024-11-22
H2-ENC002393,HOSP001323,2020-03-19,Outpatient,H2-PROV0003,DEPT018,76194,2025-12-11,2026-04-05
H2-ENC002394,HOSP001161,2022-04-07,Inpatient,H2-PROV0016,DEPT003,58086,2020-04-19,2022-05-27
H2-ENC002395,HOSP010697,2021-05-18,Emergency,H2-PROV0001,DEPT001,66840,2021-12-06,2024-02-02
H2-ENC002396,HOSP047635,2021-04-03,Inpatient,H2-PROV0015,DEPT014,64511,2023-01-23,2025-12-12
H2-ENC002397,HOSP041876,2024-01-23,Outpatient,H2-PROV0012,DEPT019,16189,2021-11-23,2026-06-28
H2-ENC002398,HOSP014269,2020-08-23,Routine Checkup,H2-PROV0014,DEPT005,88440,2025-08-27,2024-08-02
H2-ENC002399,HOSP025294,2026-08-09,Outpatient,H2-PROV0015,DEPT007,22079,2021-11-24,2025-12-06
H2-ENC002400,HOSP025679,2021-08-03,Telemedicine,H2-PROV0012,DEPT001,33369,2022-11-07,2025-01-19
H2-ENC002401,HOSP006825,2026-04-03,Telemedicine,H2-PROV0004,DEPT016,76797,2023-07-08,2025-09-17
H2-ENC002402,HOSP025670,2021-12-03,Inpatient,H2-PROV0017,DEPT018,64075,2025-06-16,2023-03-09
H2-ENC002403,HOSP000395,2026-05-26,Telemedicine,H2-PROV0003,DEPT016,15696,2024-10-23,2022-12-16
H2-ENC002404,HOSP024144,2022-02-21,Inpatient,H2-PROV0017,DEPT020,87560,2020-05-02,2026-07-20
H2-ENC002405,HOSP022347,2024-07-20,Emergency,H2-PROV0024,DEPT002,85191,2023-02-16,2021-02-25
H2-ENC002406,HOSP029875,2024-04-12,Routine Checkup,H2-PROV0012,DEPT002,37404,2022-12-02,2024-03-24
H2-ENC002407,HOSP021224,2023-05-15,Outpatient,H2-PROV0021,DEPT016,76778,2024-01-22,2024-06-21
H2-ENC002408,HOSP035584,2020-08-04,Telemedicine,H2-PROV0013,DEPT014,66972,2025-03-22,2024-07-11
H2-ENC002409,HOSP000550,2025-10-28,Outpatient,H2-PROV0014,DEPT011,11908,2020-09-02,2024-02-10
H2-ENC002410,HOSP021504,2021-05-15,Routine Checkup,H2-PROV0024,DEPT014,65252,2020-01-06,2023-04-16
H2-ENC002411,HOSP036758,2023-06-01,Routine Checkup,H2-PROV0005,DEPT020,77311,2026-03-05,2025-01-01
H2-ENC002412,HOSP031243,2023-03-16,Inpatient,H2-PROV0008,DEPT020,51293,2026-03-27,2024-12-28
H2-ENC002413,HOSP009571,2026-05-29,Telemedicine,H2-PROV0009,DEPT015,41708,2020-06-29,2025-11-09
H2-ENC002414,HOSP002270,2023-11-09,Routine Checkup,H2-PROV0008,DEPT001,91726,2024-07-21,2022-01-26
H2-ENC002415,HOSP046346,2024-12-01,Emergency,H2-PROV0019,DEPT017,26430,2025-08-18,2021-10-07
H2-ENC002416,HOSP005209,2021-02-20,Inpatient,H2-PROV0027,DEPT020,80084,2020-03-10,2026-05-27
H2-ENC002417,HOSP007511,2021-11-12,Outpatient,H2-PROV0017,DEPT006,28518,2025-07-06,2023-11-24
H2-ENC002418,HOSP048258,2022-07-12,Outpatient,H2-PROV0005,DEPT011,14988,2021-01-24,2022-02-10
H2-ENC002419,HOSP037826,2025-06-01,Routine Checkup,H2-PROV0006,DEPT016,33433,2020-06-06,2021-06-04
H2-ENC002420,HOSP033566,2020-12-02,Routine Checkup,H2-PROV0025,DEPT018,12280,2020-10-28,2023-08-03
H2-ENC002421,HOSP022461,2023-03-23,Inpatient,H2-PROV0014,DEPT002,65857,2024-11-18,2025-06-05
H2-ENC002422,HOSP011503,2021-12-10,Inpatient,H2-PROV0004,DEPT010,33469,2025-03-28,2026-01-04
H2-ENC002423,HOSP043913,2020-08-19,Emergency,H2-PROV0025,DEPT004,47487,2026-01-25,2024-08-22
H2-ENC002424,HOSP020153,2022-04-04,Routine Checkup,H2-PROV0022,DEPT016,52175,2022-08-20,2020-09-02
H2-ENC002425,HOSP031724,2026-05-12,Routine Checkup,H2-PROV0001,DEPT005,63721,2024-02-05,2023-04-18
H2-ENC002426,HOSP017054,2021-10-19,Outpatient,H2-PROV0001,DEPT015,35645,2021-10-28,2022-09-27
H2-ENC002427,HOSP039377,2022-01-23,Routine Checkup,H2-PROV0001,DEPT012,75294,2021-09-06,2020-12-03
H2-ENC002428,HOSP003017,2021-11-05,Emergency,H2-PROV0011,DEPT008,83674,2021-06-09,2023-09-10
H2-ENC002429,HOSP049699,2026-06-29,Routine Checkup,H2-PROV0017,DEPT017,60883,2020-08-08,2026-02-14
H2-ENC002430,HOSP012802,2023-01-26,Routine Checkup,H2-PROV0025,DEPT013,30854,2020-04-09,2023-12-06
H2-ENC002431,HOSP021472,2021-03-16,Routine Checkup,H2-PROV0012,DEPT013,40255,2024-11-04,2021-07-21
H2-ENC002432,HOSP017412,2020-11-19,Routine Checkup,H2-PROV0013,DEPT007,72404,2023-02-13,2022-07-10
H2-ENC002433,HOSP020202,2023-01-24,Inpatient,H2-PROV0030,DEPT013,74701,2020-07-15,2021-06-17
H2-ENC002434,HOSP021241,2020-03-15,Telemedicine,H2-PROV0008,DEPT013,36009,2023-10-09,2022-06-21
H2-ENC002435,HOSP026813,2024-05-19,Telemedicine,H2-PROV0015,DEPT017,81231,2020-09-01,2021-02-09
H2-ENC002436,HOSP019178,2026-05-27,Outpatient,H2-PROV0025,DEPT020,27850,2021-09-29,2025-08-27
H2-ENC002437,HOSP018212,2023-07-11,Outpatient,H2-PROV0028,DEPT014,27107,2020-03-15,2023-06-21
H2-ENC002438,HOSP045864,2024-11-09,Outpatient,H2-PROV0024,DEPT017,81495,2024-09-01,2025-12-27
H2-ENC002439,HOSP023652,2022-02-14,Emergency,H2-PROV0029,DEPT014,72420,2020-01-19,2026-10-06
H2-ENC002440,HOSP039648,2021-07-10,Inpatient,H2-PROV0011,DEPT004,75794,2022-09-20,2021-01-07
H2-ENC002441,HOSP010129,2021-07-02,Inpatient,H2-PROV0028,DEPT003,31441,2025-09-30,2025-10-20
H2-ENC002442,HOSP001411,2022-05-13,Telemedicine,H2-PROV0017,DEPT013,71459,2023-10-05,2025-03-04
H2-ENC002443,HOSP031774,2024-08-31,Emergency,H2-PROV0029,DEPT014,26599,2022-01-03,2021-08-19
H2-ENC002444,HOSP025073,2025-05-25,Outpatient,H2-PROV0023,DEPT014,12280,2024-10-23,2022-07-27
H2-ENC002445,HOSP045452,2021-05-08,Emergency,H2-PROV0028,DEPT019,98121,2023-06-27,2022-03-24
H2-ENC002446,HOSP020347,2021-02-08,Emergency,H2-PROV0020,DEPT002,86571,2025-12-12,2023-03-07
H2-ENC002447,HOSP025308,2024-04-09,Emergency,H2-PROV0009,DEPT016,19096,2023-07-14,2022-01-18
H2-ENC002448,HOSP027013,2020-10-22,Outpatient,H2-PROV0024,DEPT008,70414,2024-08-17,2022-11-25
H2-ENC002449,HOSP041432,2022-12-29,Outpatient,H2-PROV0028,DEPT016,12355,2021-01-24,2025-05-24
H2-ENC002450,HOSP001980,2025-10-04,Emergency,H2-PROV0002,DEPT002,50070,2023-05-08,2025-01-12
H2-ENC002451,HOSP026545,2023-12-06,Telemedicine,H2-PROV0008,DEPT017,92652,2024-10-25,2022-04-05
H2-ENC002452,HOSP006855,2020-06-18,Inpatient,H2-PROV0028,DEPT016,58086,2026-05-27,2026-06-09
H2-ENC002453,HOSP040805,2021-11-12,Inpatient,H2-PROV0024,DEPT014,95525,2024-06-11,2021-10-07
H2-ENC002454,HOSP037802,2021-09-01,Outpatient,H2-PROV0013,DEPT019,35957,2022-03-27,2024-09-21
H2-ENC002455,HOSP007228,2021-04-15,Inpatient,H2-PROV0021,DEPT020,26066,2025-07-21,2025-09-06
H2-ENC002456,HOSP004682,2024-11-13,Emergency,H2-PROV0008,DEPT008,85479,2023-12-19,2023-06-10
H2-ENC002457,HOSP040213,2022-05-20,Telemedicine,H2-PROV0011,DEPT003,60360,2023-09-05,2021-06-24
H2-ENC002458,HOSP035002,2020-08-13,Emergency,H2-PROV0019,DEPT012,15820,2021-09-02,2024-02-26
H2-ENC002459,HOSP007592,2025-03-22,Routine Checkup,H2-PROV0012,DEPT005,80370,2023-04-19,2025-08-17
H2-ENC002460,HOSP001606,2020-04-14,Routine Checkup,H2-PROV0011,DEPT009,59546,2026-07-05,2020-11-05
H2-ENC002461,HOSP049989,2025-07-04,Emergency,H2-PROV0024,DEPT004,15254,2020-08-21,2022-01-07
H2-ENC002462,HOSP031653,2023-02-25,Inpatient,H2-PROV0015,DEPT009,30248,2026-08-14,2024-07-21
H2-ENC002463,HOSP001483,2026-02-19,Emergency,H2-PROV0028,DEPT014,80451,2026-09-23,2023-04-14
H2-ENC002464,HOSP023965,2025-10-24,Routine Checkup,H2-PROV0007,DEPT004,97202,2025-05-11,2022-11-22
H2-ENC002465,HOSP010800,2023-02-01,Routine Checkup,H2-PROV0002,DEPT005,93293,2021-07-24,2025-11-20
H2-ENC002466,HOSP001984,2024-11-25,Outpatient,H2-PROV0023,DEPT016,32674,2020-06-05,2026-08-13
H2-ENC002467,HOSP013831,2021-11-19,Routine Checkup,H2-PROV0015,DEPT016,47057,2025-08-18,2025-08-14
H2-ENC002468,HOSP019932,2021-12-26,Outpatient,H2-PROV0001,DEPT018,24371,2022-04-17,2024-10-11
H2-ENC002469,HOSP009109,2023-02-16,Routine Checkup,H2-PROV0002,DEPT002,78999,2021-05-01,2020-10-27
H2-ENC002470,HOSP048495,2024-03-27,Emergency,H2-PROV0030,DEPT012,75599,2020-05-28,2021-01-22
H2-ENC002471,HOSP029187,2023-03-19,Emergency,H2-PROV0012,DEPT019,73760,2023-06-08,2021-04-24
H2-ENC002472,HOSP022947,2026-02-18,Telemedicine,H2-PROV0011,DEPT002,73598,2024-12-25,2022-10-16
H2-ENC002473,HOSP036307,2025-11-18,Telemedicine,H2-PROV0020,DEPT009,12888,2021-08-31,2023-03-29
H2-ENC002474,HOSP009166,2023-01-13,Telemedicine,H2-PROV0003,DEPT017,23432,2020-09-26,2023-11-29
H2-ENC002475,HOSP009279,2024-07-28,Inpatient,H2-PROV0012,DEPT013,25742,2021-02-18,2022-03-02
H2-ENC002476,HOSP031052,2022-08-24,Outpatient,H2-PROV0017,DEPT002,21397,2025-07-25,2021-06-29
H2-ENC002477,HOSP024911,2023-12-14,Inpatient,H2-PROV0014,DEPT002,41435,2022-04-02,2024-06-09
H2-ENC002478,HOSP017676,2026-08-27,Outpatient,H2-PROV0007,DEPT012,49391,2023-07-14,2025-09-02
H2-ENC002479,HOSP035420,2021-05-27,Emergency,H2-PROV0022,DEPT001,55663,2020-07-16,2025-07-12
H2-ENC002480,HOSP043579,2024-07-22,Inpatient,H2-PROV0015,DEPT011,35978,2021-12-23,2025-04-24
H2-ENC002481,HOSP038479,2022-06-19,Emergency,H2-PROV0022,DEPT020,92708,2022-01-11,2025-11-15
H2-ENC002482,HOSP009236,2022-02-28,Telemedicine,H2-PROV0014,DEPT017,24383,2021-12-18,2022-05-10
H2-ENC002483,HOSP000949,2023-05-21,Routine Checkup,H2-PROV0014,DEPT002,80367,2022-11-03,2026-06-27
H2-ENC002484,HOSP006304,2022-12-09,Inpatient,H2-PROV0010,DEPT019,66263,2025-01-27,2026-03-19
H2-ENC002485,HOSP001950,2026-05-11,Outpatient,H2-PROV0001,DEPT012,12747,2022-01-18,2024-08-27
H2-ENC002486,HOSP036926,2025-06-24,Telemedicine,H2-PROV0023,DEPT012,51679,2025-11-28,2020-12-01
H2-ENC002487,HOSP041531,2020-08-09,Emergency,H2-PROV0011,DEPT003,66921,2023-09-30,2020-08-15
H2-ENC002488,HOSP028067,2025-11-11,Telemedicine,H2-PROV0018,DEPT017,95392,2025-03-10,2026-05-26
H2-ENC002489,HOSP024190,2026-07-08,Outpatient,H2-PROV0017,DEPT005,56195,2020-07-30,2022-12-16
H2-ENC002490,HOSP027553,2022-05-31,Routine Checkup,H2-PROV0013,DEPT011,16461,2020-03-15,2020-10-04
H2-ENC002491,HOSP013075,2020-10-29,Telemedicine,H2-PROV0030,DEPT019,51912,2021-02-28,2025-03-13
H2-ENC002492,HOSP034545,2026-05-10,Outpatient,H2-PROV0005,DEPT010,37042,2025-04-07,2026-04-17
H2-ENC002493,HOSP033598,2024-06-02,Outpatient,H2-PROV0006,DEPT019,87187,2024-08-21,2023-09-23
H2-ENC002494,HOSP006508,2022-10-06,Emergency,H2-PROV0024,DEPT018,16060,2023-09-05,2022-11-29
H2-ENC002495,HOSP043948,2022-05-11,Telemedicine,H2-PROV0017,DEPT015,90458,2020-09-27,2024-07-11
H2-ENC002496,HOSP032387,2021-02-08,Routine Checkup,H2-PROV0017,DEPT002,73021,2022-08-11,2026-07-29
H2-ENC002497,HOSP030895,2021-10-11,Routine Checkup,H2-PROV0026,DEPT002,85919,2021-06-27,2020-02-24
H2-ENC002498,HOSP042229,2020-11-14,Telemedicine,H2-PROV0016,DEPT015,34434,2022-10-11,2026-04-19
H2-ENC002499,HOSP044238,2024-02-09,Telemedicine,H2-PROV0015,DEPT012,97472,2022-01-21,2022-01-03
H2-ENC002500,HOSP013123,2020-06-05,Routine Checkup,H2-PROV0003,DEPT002,15696,2024-09-08,2025-06-17
H2-ENC002501,HOSP019349,2026-06-25,Inpatient,H2-PROV0015,DEPT002,84413,2020-04-29,2023-06-29
H2-ENC002502,HOSP026263,2026-05-07,Routine Checkup,H2-PROV0023,DEPT008,96525,2026-09-20,2020-06-09
H2-ENC002503,HOSP040801,2024-07-30,Telemedicine,H2-PROV0015,DEPT011,13489,2020-06-03,2022-07-31
H2-ENC002504,HOSP001531,2021-01-12,Routine Checkup,H2-PROV0004,DEPT020,39955,2022-03-02,2020-11-04
H2-ENC002505,HOSP029529,2020-11-09,Inpatient,H2-PROV0009,DEPT008,78841,2021-05-13,2022-04-02
H2-ENC002506,HOSP033962,2025-03-19,Telemedicine,H2-PROV0009,DEPT006,95392,2024-02-16,2025-04-11
H2-ENC002507,HOSP016065,2024-12-07,Outpatient,H2-PROV0022,DEPT020,28322,2022-12-21,2024-07-27
H2-ENC002508,HOSP048479,2023-05-29,Inpatient,H2-PROV0014,DEPT014,76711,2022-06-30,2022-10-27
H2-ENC002509,HOSP002382,2026-07-22,Routine Checkup,H2-PROV0022,DEPT013,65995,2022-02-07,2026-08-27
H2-ENC002510,HOSP015471,2024-09-09,Emergency,H2-PROV0001,DEPT014,23057,2024-09-08,2021-02-21
H2-ENC002511,HOSP042340,2026-02-24,Telemedicine,H2-PROV0009,DEPT008,70531,2025-02-10,2024-12-19
H2-ENC002512,HOSP019460,2024-10-17,Emergency,H2-PROV0022,DEPT005,90316,2020-05-12,2022-02-21
H2-ENC002513,HOSP019970,2020-08-02,Emergency,H2-PROV0008,DEPT013,66462,2021-09-09,2026-05-01
H2-ENC002514,HOSP039364,2020-09-08,Routine Checkup,H2-PROV0001,DEPT016,74366,2024-03-30,2020-03-26
H2-ENC002515,HOSP022005,2020-07-17,Emergency,H2-PROV0024,DEPT008,31071,2026-02-11,2021-10-18
H2-ENC002516,HOSP038681,2025-01-26,Emergency,H2-PROV0004,DEPT005,72545,2025-05-25,2020-07-05
H2-ENC002517,HOSP010895,2022-09-06,Outpatient,H2-PROV0019,DEPT005,66527,2023-01-02,2023-04-18
H2-ENC002518,HOSP012534,2021-02-13,Routine Checkup,H2-PROV0011,DEPT005,21258,2022-08-01,2022-05-15
H2-ENC002519,HOSP048938,2025-04-18,Telemedicine,H2-PROV0027,DEPT008,86407,2025-03-05,2026-02-17
H2-ENC002520,HOSP015713,2022-05-28,Routine Checkup,H2-PROV0006,DEPT008,62807,2024-06-14,2024-09-22
H2-ENC002521,HOSP005511,2025-12-18,Emergency,H2-PROV0026,DEPT005,26599,2020-08-18,2024-03-23
H2-ENC002522,HOSP039576,2023-12-08,Inpatient,H2-PROV0007,DEPT007,49379,2025-10-06,2020-12-12
H2-ENC002523,HOSP036640,2025-01-16,Routine Checkup,H2-PROV0006,DEPT012,37552,2025-08-03,2021-11-25
H2-ENC002524,HOSP019577,2022-10-02,Emergency,H2-PROV0028,DEPT018,99663,2021-02-14,2020-02-19
H2-ENC002525,HOSP004162,2025-06-03,Telemedicine,H2-PROV0008,DEPT001,71258,2024-11-22,2023-08-23
H2-ENC002526,HOSP006535,2021-07-24,Emergency,H2-PROV0018,DEPT010,18822,2026-04-23,2026-08-03
H2-ENC002527,HOSP021184,2026-07-10,Routine Checkup,H2-PROV0030,DEPT014,25624,2022-06-12,2025-07-09
H2-ENC002528,HOSP009013,2021-09-20,Inpatient,H2-PROV0028,DEPT001,62879,2024-12-08,2020-02-03
H2-ENC002529,HOSP033149,2020-07-29,Routine Checkup,H2-PROV0020,DEPT004,77833,2026-06-13,2020-02-26
H2-ENC002530,HOSP042143,2026-07-02,Routine Checkup,H2-PROV0023,DEPT012,22696,2022-12-11,2023-11-07
H2-ENC002531,HOSP000617,2024-07-05,Inpatient,H2-PROV0016,DEPT011,45115,2022-11-04,2023-03-20
H2-ENC002532,HOSP009140,2023-06-18,Inpatient,H2-PROV0006,DEPT001,54345,2021-03-23,2023-11-11
H2-ENC002533,HOSP026798,2023-02-08,Outpatient,H2-PROV0012,DEPT017,38212,2021-02-28,2023-07-09
H2-ENC002534,HOSP009821,2024-06-20,Outpatient,H2-PROV0024,DEPT003,39231,2021-09-20,2020-12-11
H2-ENC002535,HOSP027312,2026-08-16,Emergency,H2-PROV0018,DEPT018,39256,2024-11-09,2020-09-01
H2-ENC002536,HOSP006132,2023-04-05,Outpatient,H2-PROV0017,DEPT011,60969,2024-02-16,2026-03-10
H2-ENC002537,HOSP029349,2024-04-26,Inpatient,H2-PROV0015,DEPT004,10877,2023-07-13,2024-10-13
H2-ENC002538,HOSP031439,2023-12-09,Inpatient,H2-PROV0014,DEPT011,81231,2021-09-05,2022-01-19
H2-ENC002539,HOSP019469,2025-09-03,Inpatient,H2-PROV0011,DEPT004,75302,2023-06-03,2023-11-02
H2-ENC002540,HOSP015593,2026-06-29,Inpatient,H2-PROV0029,DEPT007,67290,2022-12-27,2026-03-27
H2-ENC002541,HOSP023843,2025-07-23,Outpatient,H2-PROV0003,DEPT004,31734,2024-03-21,2022-08-15
H2-ENC002542,HOSP015780,2022-08-16,Routine Checkup,H2-PROV0027,DEPT004,38566,2022-10-26,2021-04-21
H2-ENC002543,HOSP023459,2023-06-25,Telemedicine,H2-PROV0028,DEPT014,49122,2022-09-08,2021-07-25
H2-ENC002544,HOSP016278,2022-08-02,Routine Checkup,H2-PROV0019,DEPT019,75287,2023-05-12,2022-11-07
H2-ENC002545,HOSP035827,2025-04-22,Inpatient,H2-PROV0016,DEPT006,32809,2023-08-19,2023-04-05
H2-ENC002546,HOSP007010,2026-09-04,Routine Checkup,H2-PROV0001,DEPT006,55214,2023-05-11,2020-02-24
H2-ENC002547,HOSP022604,2022-05-06,Telemedicine,H2-PROV0019,DEPT008,18032,2026-02-05,2026-06-16
H2-ENC002548,HOSP011820,2024-03-11,Emergency,H2-PROV0026,DEPT019,53896,2020-02-20,2021-10-15
H2-ENC002549,HOSP037164,2023-12-21,Inpatient,H2-PROV0027,DEPT012,18346,2024-08-15,2023-12-12
H2-ENC002550,HOSP030775,2023-11-27,Inpatient,H2-PROV0020,DEPT020,52559,2022-06-15,2025-01-29
H2-ENC002551,HOSP024817,2020-12-31,Inpatient,H2-PROV0013,DEPT019,60811,2026-09-01,2020-09-23
H2-ENC002552,HOSP040888,2024-01-10,Outpatient,H2-PROV0025,DEPT013,40475,2025-08-05,2020-01-01
H2-ENC002553,HOSP003697,2022-10-09,Telemedicine,H2-PROV0008,DEPT004,77626,2024-09-02,2025-12-31
H2-ENC002554,HOSP014315,2025-07-26,Inpatient,H2-PROV0029,DEPT005,42200,2023-11-27,2023-04-09
H2-ENC002555,HOSP018628,2023-01-28,Inpatient,H2-PROV0025,DEPT008,66033,2023-03-04,2024-05-31
H2-ENC002556,HOSP027196,2020-10-12,Emergency,H2-PROV0023,DEPT002,31081,2022-05-06,2024-10-13
H2-ENC002557,HOSP012615,2020-12-16,Routine Checkup,H2-PROV0026,DEPT014,96898,2023-07-15,2022-03-30
H2-ENC002558,HOSP042915,2021-08-14,Routine Checkup,H2-PROV0023,DEPT004,76716,2020-05-01,2025-06-01
H2-ENC002559,HOSP021768,2022-01-08,Inpatient,H2-PROV0015,DEPT017,60608,2020-04-02,2022-08-10
H2-ENC002560,HOSP040319,2026-03-04,Emergency,H2-PROV0016,DEPT008,82062,2021-02-13,2024-11-03
H2-ENC002561,HOSP042146,2021-11-13,Emergency,H2-PROV0014,DEPT016,97505,2022-01-02,2020-12-02
H2-ENC002562,HOSP032744,2020-11-26,Inpatient,H2-PROV0010,DEPT008,87560,2021-07-20,2023-06-07
H2-ENC002563,HOSP037315,2026-02-07,Inpatient,H2-PROV0029,DEPT013,12013,2022-12-22,2023-12-25
H2-ENC002564,HOSP003743,2022-03-15,Telemedicine,H2-PROV0011,DEPT001,11095,2020-05-30,2023-03-14
H2-ENC002565,HOSP008841,2025-03-10,Emergency,H2-PROV0019,DEPT010,53320,2026-08-28,2024-01-31
H2-ENC002566,HOSP006983,2022-06-15,Inpatient,H2-PROV0019,DEPT017,12388,2024-08-07,2022-04-01
H2-ENC002567,HOSP038286,2026-08-15,Emergency,H2-PROV0022,DEPT016,81979,2022-07-27,2024-08-25
H2-ENC002568,HOSP002170,2022-03-05,Outpatient,H2-PROV0018,DEPT016,14982,2020-04-28,2023-09-27
H2-ENC002569,HOSP032587,2026-09-12,Inpatient,H2-PROV0026,DEPT013,81742,2025-06-03,2021-04-19
H2-ENC002570,HOSP006310,2023-02-04,Emergency,H2-PROV0001,DEPT005,96525,2025-07-27,2022-09-03
H2-ENC002571,HOSP013215,2022-01-26,Emergency,H2-PROV0019,DEPT018,15544,2020-05-18,2025-12-25
H2-ENC002572,HOSP033045,2022-02-23,Routine Checkup,H2-PROV0024,DEPT008,56003,2020-04-23,2021-07-13
H2-ENC002573,HOSP007283,2025-06-14,Outpatient,H2-PROV0019,DEPT014,66263,2024-03-14,2023-09-21
H2-ENC002574,HOSP037676,2020-11-07,Telemedicine,H2-PROV0009,DEPT007,75294,2021-05-13,2023-05-25
H2-ENC002575,HOSP048149,2025-06-11,Emergency,H2-PROV0003,DEPT010,74724,2025-11-07,2024-11-05
H2-ENC002576,HOSP045084,2021-08-01,Telemedicine,H2-PROV0028,DEPT015,20483,2025-10-12,2025-12-30
H2-ENC002577,HOSP046455,2021-12-01,Routine Checkup,H2-PROV0003,DEPT007,92521,2021-05-02,2025-08-10
H2-ENC002578,HOSP047886,2020-08-04,Emergency,H2-PROV0005,DEPT012,91391,2023-01-19,2022-08-21
H2-ENC002579,HOSP031707,2025-09-26,Telemedicine,H2-PROV0015,DEPT008,45073,2020-01-04,2021-07-05
H2-ENC002580,HOSP024959,2025-07-18,Inpatient,H2-PROV0020,DEPT012,12166,2020-09-21,2022-06-21
H2-ENC002581,HOSP029945,2023-06-09,Inpatient,H2-PROV0022,DEPT003,60877,2024-01-30,2022-10-13
H2-ENC002582,HOSP016886,2020-08-04,Emergency,H2-PROV0009,DEPT004,99977,2021-09-27,2021-11-11
H2-ENC002583,HOSP037174,2021-01-12,Outpatient,H2-PROV0006,DEPT002,16749,2024-10-11,2021-11-21
H2-ENC002584,HOSP014189,2026-03-30,Routine Checkup,H2-PROV0009,DEPT013,96629,2020-09-03,2021-12-04
H2-ENC002585,HOSP003869,2024-05-31,Emergency,H2-PROV0013,DEPT016,56624,2022-02-22,2025-07-08
H2-ENC002586,HOSP022514,2021-03-12,Outpatient,H2-PROV0022,DEPT008,72545,2022-08-25,2021-05-22
H2-ENC002587,HOSP004405,2022-09-08,Routine Checkup,H2-PROV0026,DEPT005,46719,2021-10-15,2024-11-14
H2-ENC002588,HOSP024889,2022-09-12,Routine Checkup,H2-PROV0023,DEPT001,27107,2022-02-17,2021-02-12
H2-ENC002589,HOSP047321,2020-01-10,Routine Checkup,H2-PROV0025,DEPT004,88972,2025-07-09,2026-08-21
H2-ENC002590,HOSP029567,2022-11-29,Telemedicine,H2-PROV0006,DEPT017,78665,2023-06-28,2025-06-07
H2-ENC002591,HOSP019885,2024-10-19,Routine Checkup,H2-PROV0006,DEPT011,46668,2020-09-19,2023-11-05
H2-ENC002592,HOSP014647,2024-11-04,Telemedicine,H2-PROV0014,DEPT020,11029,2025-02-01,2023-05-16
H2-ENC002593,HOSP008995,2022-01-13,Inpatient,H2-PROV0013,DEPT015,49103,2024-12-18,2022-12-13
H2-ENC002594,HOSP048464,2022-10-25,Emergency,H2-PROV0003,DEPT015,40806,2022-07-27,2022-09-08
H2-ENC002595,HOSP029853,2026-07-04,Inpatient,H2-PROV0030,DEPT003,92102,2025-04-09,2023-08-06
H2-ENC002596,HOSP010683,2026-06-05,Inpatient,H2-PROV0001,DEPT016,76611,2021-05-03,2024-04-18
H2-ENC002597,HOSP001959,2021-12-04,Routine Checkup,H2-PROV0029,DEPT014,19290,2023-02-19,2024-12-23
H2-ENC002598,HOSP032663,2025-11-21,Telemedicine,H2-PROV0018,DEPT020,85919,2026-06-20,2021-07-04
H2-ENC002599,HOSP040627,2022-02-26,Emergency,H2-PROV0024,DEPT010,93755,2025-07-24,2024-06-19
H2-ENC002600,HOSP008311,2021-10-12,Outpatient,H2-PROV0003,DEPT013,62328,2020-10-15,2020-08-07
H2-ENC002601,HOSP036832,2022-03-21,Outpatient,H2-PROV0012,DEPT015,51588,2021-03-16,2025-01-02
H2-ENC002602,HOSP048302,2020-03-25,Outpatient,H2-PROV0011,DEPT020,71051,2020-09-15,2025-03-11
H2-ENC002603,HOSP030286,2023-10-01,Outpatient,H2-PROV0008,DEPT020,58086,2026-02-27,2022-04-11
H2-ENC002604,HOSP036883,2024-10-22,Telemedicine,H2-PROV0009,DEPT013,14064,2023-07-20,2026-04-26
H2-ENC002605,HOSP025515,2026-02-07,Telemedicine,H2-PROV0009,DEPT003,92185,2021-05-10,2024-06-25
H2-ENC002606,HOSP027522,2026-05-11,Outpatient,H2-PROV0018,DEPT020,55369,2024-06-04,2020-06-28
H2-ENC002607,HOSP047680,2026-09-15,Telemedicine,H2-PROV0004,DEPT017,69396,2023-01-13,2022-12-22
H2-ENC002608,HOSP002168,2020-08-29,Inpatient,H2-PROV0022,DEPT014,49502,2023-10-27,2021-11-27
H2-ENC002609,HOSP021327,2026-05-01,Telemedicine,H2-PROV0010,DEPT017,79683,2023-01-12,2025-11-25
H2-ENC002610,HOSP023143,2025-01-21,Telemedicine,H2-PROV0010,DEPT007,27385,2024-07-23,2023-08-17
H2-ENC002611,HOSP012281,2021-12-18,Outpatient,H2-PROV0027,DEPT004,81013,2025-03-17,2025-11-06
H2-ENC002612,HOSP014477,2021-04-09,Emergency,H2-PROV0014,DEPT016,40533,2022-05-22,2023-03-08
H2-ENC002613,HOSP045527,2026-05-06,Inpatient,H2-PROV0010,DEPT012,66263,2023-08-18,2026-05-25
H2-ENC002614,HOSP027342,2021-05-14,Inpatient,H2-PROV0005,DEPT016,54974,2020-09-06,2022-09-02
H2-ENC002615,HOSP006015,2025-03-10,Emergency,H2-PROV0022,DEPT006,89746,2026-02-07,2022-02-23
H2-ENC002616,HOSP000395,2024-05-11,Routine Checkup,H2-PROV0013,DEPT009,36953,2025-01-11,2025-09-05
H2-ENC002617,HOSP006514,2020-04-28,Outpatient,H2-PROV0023,DEPT012,27801,2021-03-24,2026-07-10
H2-ENC002618,HOSP031886,2021-08-23,Emergency,H2-PROV0029,DEPT008,32995,2026-08-16,2026-08-25
H2-ENC002619,HOSP007973,2024-12-25,Inpatient,H2-PROV0026,DEPT004,63423,2020-05-03,2026-04-28
H2-ENC002620,HOSP041925,2025-04-29,Inpatient,H2-PROV0011,DEPT005,50576,2022-03-10,2022-08-25
H2-ENC002621,HOSP016665,2025-10-08,Routine Checkup,H2-PROV0005,DEPT013,81013,2022-09-09,2021-02-27
H2-ENC002622,HOSP046621,2022-10-24,Outpatient,H2-PROV0017,DEPT018,21826,2022-07-18,2022-04-26
H2-ENC002623,HOSP021224,2022-03-18,Inpatient,H2-PROV0025,DEPT018,15804,2025-02-09,2023-02-15
H2-ENC002624,HOSP004625,2025-12-07,Routine Checkup,H2-PROV0025,DEPT014,57174,2023-06-02,2026-01-07
H2-ENC002625,HOSP042299,2024-08-10,Emergency,H2-PROV0017,DEPT011,15796,2025-06-11,2023-06-16
H2-ENC002626,HOSP041419,2023-08-07,Outpatient,H2-PROV0030,DEPT014,90316,2024-01-07,2025-04-11
H2-ENC002627,HOSP012211,2020-07-01,Inpatient,H2-PROV0017,DEPT003,72545,2025-03-18,2026-03-29
H2-ENC002628,HOSP007158,2021-06-09,Emergency,H2-PROV0008,DEPT016,53629,2021-07-15,2026-06-08
H2-ENC002629,HOSP032516,2023-04-26,Inpatient,H2-PROV0004,DEPT015,76922,2023-07-28,2025-05-03
H2-ENC002630,HOSP008939,2024-01-29,Inpatient,H2-PROV0024,DEPT020,94840,2026-07-19,2024-07-23
H2-ENC002631,HOSP023552,2026-01-20,Inpatient,H2-PROV0029,DEPT012,47609,2021-03-08,2024-05-12
H2-ENC002632,HOSP020003,2026-01-12,Inpatient,H2-PROV0003,DEPT003,53463,2023-04-10,2021-07-13
H2-ENC002633,HOSP008341,2025-09-19,Outpatient,H2-PROV0001,DEPT013,90489,2020-08-10,2024-12-10
H2-ENC002634,HOSP035967,2021-11-30,Telemedicine,H2-PROV0010,DEPT010,73059,2022-10-11,2020-08-02
H2-ENC002635,HOSP000274,2026-10-04,Routine Checkup,H2-PROV0008,DEPT018,65662,2023-07-25,2025-07-11
H2-ENC002636,HOSP038614,2023-04-30,Routine Checkup,H2-PROV0029,DEPT011,14848,2023-07-26,2024-11-18
H2-ENC002637,HOSP020907,2021-09-27,Outpatient,H2-PROV0025,DEPT013,71258,2024-05-05,2026-09-16
H2-ENC002638,HOSP049701,2021-07-19,Inpatient,H2-PROV0016,DEPT009,98121,2022-10-30,2026-04-05
H2-ENC002639,HOSP016587,2020-06-30,Emergency,H2-PROV0022,DEPT018,12490,2022-09-18,2024-02-12
H2-ENC002640,HOSP042944,2020-11-25,Emergency,H2-PROV0027,DEPT015,44424,2023-05-14,2021-02-06
H2-ENC002641,HOSP035966,2023-09-11,Emergency,H2-PROV0018,DEPT003,20258,2022-03-03,2022-11-09
H2-ENC002642,HOSP038851,2025-08-25,Inpatient,H2-PROV0017,DEPT014,64993,2023-05-23,2021-06-28
H2-ENC002643,HOSP024865,2022-07-16,Telemedicine,H2-PROV0019,DEPT003,69247,2022-01-12,2026-07-08
H2-ENC002644,HOSP047088,2022-08-30,Outpatient,H2-PROV0018,DEPT018,18108,2023-11-19,2021-12-17
H2-ENC002645,HOSP040703,2025-07-16,Telemedicine,H2-PROV0023,DEPT019,59755,2024-05-22,2020-11-19
H2-ENC002646,HOSP046026,2021-08-22,Outpatient,H2-PROV0001,DEPT004,92395,2022-07-14,2026-09-21
H2-ENC002647,HOSP028063,2025-03-10,Outpatient,H2-PROV0028,DEPT019,60075,2021-04-27,2022-02-14
H2-ENC002648,HOSP014429,2020-02-17,Telemedicine,H2-PROV0007,DEPT005,42716,2020-06-16,2022-04-23
H2-ENC002649,HOSP013002,2021-05-02,Routine Checkup,H2-PROV0018,DEPT005,58567,2022-07-24,2024-12-25
H2-ENC002650,HOSP007650,2026-01-07,Outpatient,H2-PROV0003,DEPT018,81503,2023-05-08,2025-07-05
H2-ENC002651,HOSP028715,2022-11-24,Outpatient,H2-PROV0017,DEPT008,47378,2024-06-06,2022-05-20
H2-ENC002652,HOSP006818,2023-04-06,Inpatient,H2-PROV0007,DEPT014,79719,2021-05-15,2024-11-02
H2-ENC002653,HOSP004268,2023-02-20,Outpatient,H2-PROV0026,DEPT009,71325,2022-06-28,2025-09-22
H2-ENC002654,HOSP017115,2022-05-28,Emergency,H2-PROV0020,DEPT011,32227,2023-12-07,2020-01-19
H2-ENC002655,HOSP002833,2023-05-07,Outpatient,H2-PROV0029,DEPT005,34629,2022-06-28,2021-02-09
H2-ENC002656,HOSP033662,2023-07-18,Telemedicine,H2-PROV0019,DEPT017,98614,2020-07-19,2022-01-05
H2-ENC002657,HOSP003387,2023-02-22,Emergency,H2-PROV0017,DEPT002,46256,2025-07-18,2020-11-18
H2-ENC002658,HOSP023447,2024-09-20,Outpatient,H2-PROV0030,DEPT013,62328,2020-08-24,2022-12-13
H2-ENC002659,HOSP049097,2024-04-03,Routine Checkup,H2-PROV0009,DEPT020,66263,2020-03-30,2024-05-13
H2-ENC002660,HOSP025755,2021-04-13,Routine Checkup,H2-PROV0019,DEPT003,45766,2022-10-27,2024-03-03
H2-ENC002661,HOSP007004,2024-12-30,Emergency,H2-PROV0030,DEPT011,97079,2023-12-08,2022-04-30
H2-ENC002662,HOSP032659,2022-06-16,Inpatient,H2-PROV0026,DEPT009,94218,2023-06-27,2024-06-06
H2-ENC002663,HOSP041303,2022-01-23,Emergency,H2-PROV0006,DEPT019,63116,2021-10-22,2024-05-30
H2-ENC002664,HOSP034279,2022-01-06,Routine Checkup,H2-PROV0023,DEPT011,74107,2021-12-19,2026-02-07
H2-ENC002665,HOSP033190,2023-06-12,Routine Checkup,H2-PROV0006,DEPT007,90758,2021-01-27,2025-08-12
H2-ENC002666,HOSP036606,2024-04-22,Emergency,H2-PROV0009,DEPT002,46719,2022-11-14,2020-11-06
H2-ENC002667,HOSP020261,2023-01-17,Inpatient,H2-PROV0017,DEPT015,86698,2025-11-17,2020-04-23
H2-ENC002668,HOSP025440,2022-04-16,Telemedicine,H2-PROV0011,DEPT009,76716,2022-11-15,2025-06-05
H2-ENC002669,HOSP046410,2025-12-23,Telemedicine,H2-PROV0008,DEPT017,76716,2026-06-09,2025-10-17
H2-ENC002670,HOSP021954,2020-03-09,Emergency,H2-PROV0030,DEPT007,45591,2025-08-18,2025-10-18
H2-ENC002671,HOSP003874,2020-07-28,Telemedicine,H2-PROV0027,DEPT016,22628,2020-08-10,2026-03-20
H2-ENC002672,HOSP006555,2025-05-30,Outpatient,H2-PROV0005,DEPT020,92521,2022-12-12,2025-06-16
H2-ENC002673,HOSP041190,2022-04-02,Inpatient,H2-PROV0009,DEPT003,37015,2025-07-01,2024-04-15
H2-ENC002674,HOSP028538,2024-09-14,Inpatient,H2-PROV0004,DEPT017,39277,2021-08-03,2024-09-17
H2-ENC002675,HOSP029921,2024-10-02,Emergency,H2-PROV0001,DEPT006,75496,2025-07-06,2021-04-09
H2-ENC002676,HOSP045191,2026-01-07,Emergency,H2-PROV0013,DEPT005,21536,2022-12-29,2022-07-21
H2-ENC002677,HOSP002084,2022-09-13,Emergency,H2-PROV0003,DEPT005,25742,2024-02-01,2025-07-12
H2-ENC002678,HOSP003291,2022-01-25,Outpatient,H2-PROV0024,DEPT018,24383,2022-05-15,2021-12-03
H2-ENC002679,HOSP013437,2023-05-07,Emergency,H2-PROV0018,DEPT002,16060,2023-07-01,2024-03-04
H2-ENC002680,HOSP018204,2020-06-28,Outpatient,H2-PROV0023,DEPT019,55369,2024-06-26,2022-09-04
H2-ENC002681,HOSP039975,2023-08-28,Inpatient,H2-PROV0002,DEPT007,73843,2024-12-14,2022-02-11
H2-ENC002682,HOSP017870,2020-02-03,Outpatient,H2-PROV0013,DEPT014,95960,2022-05-12,2023-02-11
H2-ENC002683,HOSP042365,2025-06-14,Telemedicine,H2-PROV0029,DEPT017,18108,2026-01-10,2026-07-10
H2-ENC002684,HOSP004606,2024-06-13,Outpatient,H2-PROV0004,DEPT005,37641,2025-10-23,2024-10-10
H2-ENC002685,HOSP026348,2024-06-28,Routine Checkup,H2-PROV0011,DEPT007,30076,2022-05-22,2022-02-19
H2-ENC002686,HOSP035464,2024-12-21,Routine Checkup,H2-PROV0002,DEPT003,24371,2021-02-02,2024-04-13
H2-ENC002687,HOSP036238,2026-07-21,Emergency,H2-PROV0018,DEPT005,87365,2026-03-08,2026-09-02
H2-ENC002688,HOSP016701,2025-09-28,Outpatient,H2-PROV0012,DEPT003,56003,2023-01-31,2022-06-12
H2-ENC002689,HOSP042849,2021-02-20,Telemedicine,H2-PROV0001,DEPT006,24161,2026-06-29,2022-07-27
H2-ENC002690,HOSP024639,2022-09-24,Emergency,H2-PROV0028,DEPT002,97201,2020-02-29,2026-08-10
H2-ENC002691,HOSP022447,2026-01-12,Telemedicine,H2-PROV0015,DEPT017,78005,2026-09-14,2026-09-13
H2-ENC002692,HOSP016807,2024-12-19,Telemedicine,H2-PROV0019,DEPT009,88742,2026-06-14,2025-10-23
H2-ENC002693,HOSP033305,2024-02-13,Routine Checkup,H2-PROV0026,DEPT015,41811,2020-12-10,2023-05-25
H2-ENC002694,HOSP002913,2021-05-01,Telemedicine,H2-PROV0019,DEPT001,92708,2023-07-21,2025-01-27
H2-ENC002695,HOSP019871,2026-06-15,Routine Checkup,H2-PROV0021,DEPT006,81608,2022-10-16,2020-09-27
H2-ENC002696,HOSP024549,2024-11-13,Routine Checkup,H2-PROV0023,DEPT019,91918,2020-08-23,2021-08-27
H2-ENC002697,HOSP016100,2022-02-02,Inpatient,H2-PROV0005,DEPT020,22912,2023-09-07,2024-12-06
H2-ENC002698,HOSP007888,2022-05-24,Routine Checkup,H2-PROV0021,DEPT020,61147,2024-07-04,2024-11-11
H2-ENC002699,HOSP010265,2022-06-09,Inpatient,H2-PROV0025,DEPT006,54938,2024-02-19,2022-10-04
H2-ENC002700,HOSP019378,2021-09-29,Emergency,H2-PROV0023,DEPT012,82717,2024-06-02,2022-12-07
H2-ENC002701,HOSP012248,2021-06-28,Telemedicine,H2-PROV0003,DEPT003,97181,2024-01-14,2026-08-05
H2-ENC002702,HOSP000477,2023-09-07,Routine Checkup,H2-PROV0008,DEPT019,40597,2023-06-30,2020-10-12
H2-ENC002703,HOSP005397,2025-08-21,Outpatient,H2-PROV0013,DEPT007,92521,2026-08-14,2022-07-11
H2-ENC002704,HOSP020868,2023-11-03,Inpatient,H2-PROV0017,DEPT008,40255,2025-12-30,2026-03-23
H2-ENC002705,HOSP036295,2025-12-27,Outpatient,H2-PROV0026,DEPT014,22912,2024-04-25,2022-11-15
H2-ENC002706,HOSP023397,2024-04-27,Telemedicine,H2-PROV0025,DEPT007,55029,2021-05-12,2020-10-30
H2-ENC002707,HOSP046457,2020-04-18,Telemedicine,H2-PROV0023,DEPT011,81065,2024-08-26,2020-01-30
H2-ENC002708,HOSP039595,2025-11-27,Telemedicine,H2-PROV0030,DEPT019,50576,2026-09-02,2023-09-08
H2-ENC002709,HOSP015318,2022-01-07,Routine Checkup,H2-PROV0012,DEPT012,60075,2023-08-21,2025-07-13
H2-ENC002710,HOSP016034,2021-03-12,Outpatient,H2-PROV0012,DEPT015,84051,2021-02-26,2024-10-10
H2-ENC002711,HOSP007486,2026-02-26,Emergency,H2-PROV0009,DEPT003,29466,2026-02-17,2024-05-30
H2-ENC002712,HOSP000475,2024-01-08,Emergency,H2-PROV0003,DEPT020,65668,2024-02-11,2025-03-27
H2-ENC002713,HOSP044300,2020-01-16,Telemedicine,H2-PROV0025,DEPT013,22275,2026-06-27,2020-08-12
H2-ENC002714,HOSP025515,2024-09-08,Emergency,H2-PROV0006,DEPT012,52359,2025-12-31,2024-08-16
H2-ENC002715,HOSP028976,2025-10-20,Inpatient,H2-PROV0020,DEPT014,12718,2026-03-17,2023-02-06
H2-ENC002716,HOSP006940,2020-04-11,Telemedicine,H2-PROV0015,DEPT016,97125,2022-06-18,2020-01-09
H2-ENC002717,HOSP041745,2020-06-07,Emergency,H2-PROV0002,DEPT007,52713,2026-07-22,2025-10-19
H2-ENC002718,HOSP045961,2023-06-23,Telemedicine,H2-PROV0022,DEPT015,84413,2025-07-18,2024-10-22
H2-ENC002719,HOSP030993,2021-01-14,Inpatient,H2-PROV0005,DEPT004,84413,2021-05-02,2022-01-31
H2-ENC002720,HOSP049196,2025-07-15,Outpatient,H2-PROV0018,DEPT003,42691,2025-10-07,2022-01-02
H2-ENC002721,HOSP005872,2021-06-25,Telemedicine,H2-PROV0003,DEPT015,45073,2025-06-12,2025-12-06
H2-ENC002722,HOSP044415,2021-12-27,Telemedicine,H2-PROV0015,DEPT011,40905,2021-06-22,2025-11-15
H2-ENC002723,HOSP022705,2023-04-04,Outpatient,H2-PROV0028,DEPT008,97202,2024-12-09,2021-03-06
H2-ENC002724,HOSP005383,2025-09-22,Inpatient,H2-PROV0029,DEPT009,77590,2024-03-05,2023-07-24
H2-ENC002725,HOSP046775,2024-10-08,Telemedicine,H2-PROV0001,DEPT019,25961,2024-03-30,2026-07-21
H2-ENC002726,HOSP037256,2021-04-08,Outpatient,H2-PROV0027,DEPT010,13755,2025-05-16,2020-06-15
H2-ENC002727,HOSP017162,2023-02-10,Emergency,H2-PROV0022,DEPT004,99799,2024-06-24,2020-10-10
H2-ENC002728,HOSP010083,2026-08-21,Inpatient,H2-PROV0004,DEPT008,39256,2023-08-12,2024-06-29
H2-ENC002729,HOSP005207,2023-11-26,Outpatient,H2-PROV0017,DEPT007,75103,2025-04-22,2025-11-15
H2-ENC002730,HOSP030813,2022-08-12,Inpatient,H2-PROV0003,DEPT006,79579,2023-12-02,2023-09-24
H2-ENC002731,HOSP043604,2021-10-12,Inpatient,H2-PROV0020,DEPT001,70701,2026-08-15,2021-06-18
H2-ENC002732,HOSP015755,2020-03-14,Emergency,H2-PROV0009,DEPT015,99841,2021-04-10,2023-09-26
H2-ENC002733,HOSP022357,2026-04-11,Telemedicine,H2-PROV0013,DEPT008,74768,2021-09-09,2026-07-13
H2-ENC002734,HOSP032591,2024-01-01,Telemedicine,H2-PROV0010,DEPT001,34966,2025-09-26,2020-07-19
H2-ENC002735,HOSP011200,2020-11-28,Emergency,H2-PROV0018,DEPT013,68535,2024-05-26,2023-08-24
H2-ENC002736,HOSP031006,2023-11-27,Routine Checkup,H2-PROV0014,DEPT007,90771,2022-03-19,2020-11-15
H2-ENC002737,HOSP033196,2022-12-27,Outpatient,H2-PROV0004,DEPT004,28906,2025-01-06,2025-06-19
H2-ENC002738,HOSP041881,2023-11-17,Routine Checkup,H2-PROV0030,DEPT002,75720,2023-10-08,2022-06-03
H2-ENC002739,HOSP027920,2025-10-18,Emergency,H2-PROV0020,DEPT013,49171,2025-07-24,2026-02-26
H2-ENC002740,HOSP021405,2020-10-14,Inpatient,H2-PROV0018,DEPT005,92133,2024-01-24,2021-11-06
H2-ENC002741,HOSP017556,2020-07-06,Outpatient,H2-PROV0026,DEPT010,76797,2020-12-07,2026-01-24
H2-ENC002742,HOSP041698,2026-08-11,Routine Checkup,H2-PROV0016,DEPT003,83919,2021-08-25,2025-12-10
H2-ENC002743,HOSP027257,2021-09-10,Emergency,H2-PROV0029,DEPT007,73742,2023-09-28,2025-11-21
H2-ENC002744,HOSP016487,2022-10-06,Routine Checkup,H2-PROV0026,DEPT018,72152,2025-02-07,2023-04-16
H2-ENC002745,HOSP020666,2026-03-23,Routine Checkup,H2-PROV0028,DEPT014,84874,2020-06-07,2021-07-13
H2-ENC002746,HOSP017510,2024-01-04,Telemedicine,H2-PROV0006,DEPT013,52359,2022-04-23,2020-12-16
H2-ENC002747,HOSP016002,2025-01-03,Outpatient,H2-PROV0011,DEPT016,97715,2023-11-06,2020-02-21
H2-ENC002748,HOSP043335,2020-05-11,Inpatient,H2-PROV0002,DEPT006,70702,2025-03-10,2022-10-15
H2-ENC002749,HOSP029424,2021-07-16,Routine Checkup,H2-PROV0029,DEPT005,37001,2025-04-26,2023-08-22
H2-ENC002750,HOSP002392,2025-03-19,Inpatient,H2-PROV0024,DEPT001,81503,2026-07-29,2023-03-10
H2-ENC002751,HOSP011367,2025-01-30,Routine Checkup,H2-PROV0026,DEPT011,35982,2020-03-29,2026-07-04
H2-ENC002752,HOSP002544,2025-05-24,Routine Checkup,H2-PROV0010,DEPT017,22628,2020-04-13,2025-07-08
H2-ENC002753,HOSP043175,2021-11-27,Emergency,H2-PROV0020,DEPT003,88440,2024-12-26,2026-03-07
H2-ENC002754,HOSP010310,2024-07-13,Telemedicine,H2-PROV0021,DEPT016,26430,2026-04-25,2023-06-23
H2-ENC002755,HOSP002056,2024-11-09,Emergency,H2-PROV0002,DEPT012,98614,2020-02-15,2024-04-05
H2-ENC002756,HOSP044216,2025-09-30,Outpatient,H2-PROV0001,DEPT005,16060,2022-11-08,2020-03-30
H2-ENC002757,HOSP022415,2026-07-09,Emergency,H2-PROV0009,DEPT012,75480,2020-09-24,2025-03-03
H2-ENC002758,HOSP009436,2026-03-29,Routine Checkup,H2-PROV0016,DEPT004,70100,2021-03-22,2023-10-18
H2-ENC002759,HOSP003591,2025-03-18,Emergency,H2-PROV0028,DEPT017,20483,2022-03-29,2023-06-30
H2-ENC002760,HOSP035474,2022-09-27,Outpatient,H2-PROV0004,DEPT014,10346,2021-09-25,2024-07-17
H2-ENC002761,HOSP024617,2026-08-11,Outpatient,H2-PROV0020,DEPT016,53896,2025-01-25,2022-11-30
H2-ENC002762,HOSP028749,2023-11-18,Emergency,H2-PROV0014,DEPT003,47487,2026-06-28,2021-01-31
H2-ENC002763,HOSP041353,2021-02-27,Routine Checkup,H2-PROV0010,DEPT003,85154,2024-04-11,2022-11-07
H2-ENC002764,HOSP007987,2023-11-01,Inpatient,H2-PROV0030,DEPT019,79425,2024-12-02,2020-03-20
H2-ENC002765,HOSP044649,2024-08-20,Telemedicine,H2-PROV0018,DEPT020,35645,2025-06-18,2022-02-10
H2-ENC002766,HOSP026263,2024-09-30,Emergency,H2-PROV0012,DEPT001,57322,2021-05-17,2022-12-07
H2-ENC002767,HOSP010054,2025-10-01,Inpatient,H2-PROV0010,DEPT005,18657,2020-10-19,2025-11-14
H2-ENC002768,HOSP041114,2025-08-14,Emergency,H2-PROV0004,DEPT003,61733,2023-12-10,2020-09-04
H2-ENC002769,HOSP030477,2023-08-06,Emergency,H2-PROV0022,DEPT010,61742,2024-11-16,2026-01-13
H2-ENC002770,HOSP010346,2025-03-23,Outpatient,H2-PROV0014,DEPT006,41435,2022-03-02,2024-02-07
H2-ENC002771,HOSP021677,2023-09-18,Outpatient,H2-PROV0002,DEPT017,91391,2025-10-13,2021-08-30
H2-ENC002772,HOSP027136,2023-03-26,Telemedicine,H2-PROV0021,DEPT016,16189,2026-07-28,2023-01-08
H2-ENC002773,HOSP005039,2025-10-30,Inpatient,H2-PROV0021,DEPT014,24305,2021-10-07,2025-07-28
H2-ENC002774,HOSP041963,2026-05-06,Emergency,H2-PROV0028,DEPT014,96368,2022-03-25,2025-06-14
H2-ENC002775,HOSP015912,2021-08-11,Inpatient,H2-PROV0010,DEPT013,80998,2025-06-08,2020-06-06
H2-ENC002776,HOSP030290,2020-11-15,Routine Checkup,H2-PROV0009,DEPT009,49103,2023-01-29,2025-07-27
H2-ENC002777,HOSP008158,2025-09-24,Inpatient,H2-PROV0028,DEPT015,65340,2022-10-13,2026-02-19
H2-ENC002778,HOSP046019,2026-07-31,Emergency,H2-PROV0016,DEPT004,11845,2021-05-24,2024-09-14
H2-ENC002779,HOSP038203,2020-04-13,Emergency,H2-PROV0019,DEPT004,12166,2023-03-31,2026-04-04
H2-ENC002780,HOSP028367,2023-04-04,Inpatient,H2-PROV0002,DEPT002,45549,2022-04-28,2022-05-24
H2-ENC002781,HOSP043561,2023-04-10,Routine Checkup,H2-PROV0003,DEPT009,12166,2021-06-18,2023-08-07
H2-ENC002782,HOSP014715,2025-09-13,Outpatient,H2-PROV0023,DEPT017,13705,2022-05-01,2023-09-13
H2-ENC002783,HOSP021091,2026-02-11,Inpatient,H2-PROV0005,DEPT009,18688,2026-01-14,2023-11-18
H2-ENC002784,HOSP040943,2025-09-11,Telemedicine,H2-PROV0009,DEPT001,33195,2021-02-12,2024-02-05
H2-ENC002785,HOSP017870,2021-08-31,Inpatient,H2-PROV0018,DEPT015,97224,2026-08-14,2025-12-06
H2-ENC002786,HOSP047221,2024-08-19,Telemedicine,H2-PROV0013,DEPT013,85746,2022-05-02,2020-03-31
H2-ENC002787,HOSP014652,2025-02-08,Outpatient,H2-PROV0009,DEPT014,73476,2026-07-05,2025-10-10
H2-ENC002788,HOSP026245,2022-02-15,Routine Checkup,H2-PROV0027,DEPT012,25152,2023-09-20,2026-01-04
H2-ENC002789,HOSP021536,2020-08-24,Routine Checkup,H2-PROV0011,DEPT004,79248,2025-11-22,2025-12-29
H2-ENC002790,HOSP028357,2024-02-19,Telemedicine,H2-PROV0019,DEPT007,48143,2021-02-11,2026-02-18
H2-ENC002791,HOSP017133,2021-10-13,Inpatient,H2-PROV0016,DEPT014,16578,2020-12-20,2020-11-24
H2-ENC002792,HOSP037794,2020-03-28,Emergency,H2-PROV0003,DEPT014,46256,2024-03-25,2021-01-22
H2-ENC002793,HOSP015390,2022-09-29,Routine Checkup,H2-PROV0006,DEPT008,81015,2025-12-22,2021-09-02
H2-ENC002794,HOSP037194,2020-05-14,Routine Checkup,H2-PROV0001,DEPT003,12013,2024-02-27,2024-06-26
H2-ENC002795,HOSP021056,2021-10-31,Inpatient,H2-PROV0029,DEPT008,57322,2025-05-29,2024-07-31
H2-ENC002796,HOSP009237,2024-10-12,Emergency,H2-PROV0026,DEPT002,65420,2023-07-18,2023-07-08
H2-ENC002797,HOSP030268,2021-09-21,Telemedicine,H2-PROV0024,DEPT007,40842,2026-05-08,2024-09-10
H2-ENC002798,HOSP028223,2022-02-10,Emergency,H2-PROV0013,DEPT001,22912,2026-03-31,2024-11-26
H2-ENC002799,HOSP003542,2021-11-30,Outpatient,H2-PROV0021,DEPT018,37785,2021-04-02,2022-10-27
H2-ENC002800,HOSP003015,2023-04-18,Routine Checkup,H2-PROV0016,DEPT012,34845,2020-06-13,2022-10-11
H2-ENC002801,HOSP014123,2022-01-21,Inpatient,H2-PROV0013,DEPT015,68543,2022-06-10,2020-04-20
H2-ENC002802,HOSP041492,2024-05-27,Routine Checkup,H2-PROV0008,DEPT017,44424,2023-03-12,2022-08-18
H2-ENC002803,HOSP025024,2024-02-10,Telemedicine,H2-PROV0021,DEPT001,41536,2023-04-24,2025-09-23
H2-ENC002804,HOSP038362,2021-10-10,Outpatient,H2-PROV0009,DEPT013,65795,2022-05-07,2024-12-20
H2-ENC002805,HOSP006091,2024-10-06,Emergency,H2-PROV0019,DEPT009,56003,2022-12-09,2022-09-12
H2-ENC002806,HOSP038974,2025-12-02,Telemedicine,H2-PROV0016,DEPT007,66921,2024-02-04,2020-05-25
H2-ENC002807,HOSP006110,2024-10-29,Emergency,H2-PROV0021,DEPT004,71812,2025-12-11,2026-03-07
H2-ENC002808,HOSP037084,2021-09-09,Emergency,H2-PROV0024,DEPT008,65662,2023-05-10,2023-10-01
H2-ENC002809,HOSP033462,2025-05-15,Telemedicine,H2-PROV0008,DEPT016,34493,2022-01-24,2024-02-05
H2-ENC002810,HOSP048532,2023-08-05,Emergency,H2-PROV0011,DEPT012,17639,2026-06-01,2022-01-30
H2-ENC002811,HOSP002103,2024-11-14,Telemedicine,H2-PROV0024,DEPT019,70531,2021-01-17,2021-02-11
H2-ENC002812,HOSP008263,2020-10-27,Routine Checkup,H2-PROV0027,DEPT012,80370,2022-02-12,2023-01-12
H2-ENC002813,HOSP014367,2026-07-16,Emergency,H2-PROV0019,DEPT004,90405,2021-06-19,2023-04-04
H2-ENC002814,HOSP045713,2023-10-15,Routine Checkup,H2-PROV0021,DEPT019,92521,2021-03-25,2025-05-21
H2-ENC002815,HOSP005735,2025-01-23,Inpatient,H2-PROV0018,DEPT009,40948,2020-03-17,2024-06-19
H2-ENC002816,HOSP032299,2026-08-13,Routine Checkup,H2-PROV0018,DEPT020,22275,2024-07-21,2022-09-20
H2-ENC002817,HOSP041251,2020-08-01,Routine Checkup,H2-PROV0010,DEPT016,21199,2023-12-31,2024-07-11
H2-ENC002818,HOSP001799,2021-02-10,Inpatient,H2-PROV0026,DEPT003,92652,2026-07-23,2026-04-28
H2-ENC002819,HOSP049947,2021-06-23,Routine Checkup,H2-PROV0001,DEPT020,50462,2024-11-10,2024-10-29
H2-ENC002820,HOSP019878,2021-02-16,Routine Checkup,H2-PROV0022,DEPT002,72979,2025-08-21,2021-12-08
H2-ENC002821,HOSP032471,2024-04-24,Inpatient,H2-PROV0018,DEPT001,87187,2026-06-07,2023-09-27
H2-ENC002822,HOSP021543,2024-08-28,Telemedicine,H2-PROV0009,DEPT019,34551,2025-06-03,2026-03-01
H2-ENC002823,HOSP030189,2020-11-21,Inpatient,H2-PROV0003,DEPT017,31630,2021-07-31,2023-07-05
H2-ENC002824,HOSP022920,2026-06-11,Outpatient,H2-PROV0001,DEPT014,52713,2021-06-07,2025-01-02
H2-ENC002825,HOSP047016,2022-05-30,Emergency,H2-PROV0003,DEPT011,28138,2026-01-21,2026-08-26
H2-ENC002826,HOSP032409,2024-12-23,Emergency,H2-PROV0025,DEPT005,51588,2025-05-13,2024-06-29
H2-ENC002827,HOSP023434,2024-10-07,Inpatient,H2-PROV0024,DEPT004,14982,2026-09-13,2022-04-24
H2-ENC002828,HOSP036167,2025-01-11,Telemedicine,H2-PROV0009,DEPT011,79266,2023-08-17,2022-05-14
H2-ENC002829,HOSP006047,2023-10-11,Telemedicine,H2-PROV0015,DEPT001,93648,2025-03-21,2020-06-30
H2-ENC002830,HOSP009101,2021-09-17,Emergency,H2-PROV0019,DEPT016,14517,2022-05-07,2026-04-22
H2-ENC002831,HOSP043913,2023-12-23,Telemedicine,H2-PROV0019,DEPT006,67519,2021-10-28,2025-06-02
H2-ENC002832,HOSP020538,2024-04-02,Emergency,H2-PROV0022,DEPT011,12415,2023-02-14,2025-07-19
H2-ENC002833,HOSP007554,2021-10-10,Outpatient,H2-PROV0014,DEPT015,64366,2026-06-08,2023-01-16
H2-ENC002834,HOSP016612,2021-12-24,Inpatient,H2-PROV0001,DEPT020,34434,2023-12-29,2021-01-06
H2-ENC002835,HOSP028081,2025-09-13,Routine Checkup,H2-PROV0027,DEPT012,52175,2020-09-01,2024-01-02
H2-ENC002836,HOSP034069,2020-10-30,Outpatient,H2-PROV0028,DEPT011,25152,2022-10-23,2024-10-25
H2-ENC002837,HOSP026187,2025-10-19,Routine Checkup,H2-PROV0013,DEPT019,36009,2025-09-23,2024-05-22
H2-ENC002838,HOSP045032,2025-10-24,Emergency,H2-PROV0024,DEPT018,74413,2024-08-31,2026-01-23
H2-ENC002839,HOSP024755,2022-06-11,Emergency,H2-PROV0008,DEPT018,12273,2022-11-26,2025-06-18
H2-ENC002840,HOSP014526,2020-03-31,Telemedicine,H2-PROV0009,DEPT008,34672,2026-01-05,2021-03-29
H2-ENC002841,HOSP040213,2020-05-09,Telemedicine,H2-PROV0009,DEPT017,32565,2020-05-04,2024-12-13
H2-ENC002842,HOSP036923,2026-07-12,Outpatient,H2-PROV0009,DEPT018,67757,2025-07-26,2020-04-21
H2-ENC002843,HOSP022771,2024-03-22,Routine Checkup,H2-PROV0028,DEPT012,97014,2023-01-03,2021-05-28
H2-ENC002844,HOSP024775,2024-08-01,Outpatient,H2-PROV0027,DEPT018,35094,2025-08-13,2025-09-07
H2-ENC002845,HOSP018044,2023-12-12,Outpatient,H2-PROV0018,DEPT002,96904,2022-08-16,2025-06-01
H2-ENC002846,HOSP023665,2023-09-16,Outpatient,H2-PROV0011,DEPT009,37005,2021-07-01,2023-10-23
H2-ENC002847,HOSP026344,2022-02-15,Routine Checkup,H2-PROV0006,DEPT015,92102,2024-03-08,2023-09-13
H2-ENC002848,HOSP023143,2023-06-24,Outpatient,H2-PROV0016,DEPT018,24557,2026-10-01,2022-03-10
H2-ENC002849,HOSP024524,2026-09-12,Emergency,H2-PROV0004,DEPT012,33651,2020-01-06,2022-06-28
H2-ENC002850,HOSP044307,2020-02-29,Inpatient,H2-PROV0028,DEPT014,99663,2023-01-19,2026-03-21
H2-ENC002851,HOSP032510,2024-10-02,Emergency,H2-PROV0021,DEPT010,71302,2020-06-03,2020-02-17
H2-ENC002852,HOSP044807,2022-08-08,Inpatient,H2-PROV0020,DEPT020,84874,2024-01-24,2020-05-15
H2-ENC002853,HOSP012275,2024-08-22,Routine Checkup,H2-PROV0030,DEPT015,71625,2021-10-26,2020-02-20
H2-ENC002854,HOSP020558,2022-11-26,Inpatient,H2-PROV0026,DEPT017,32809,2026-08-15,2023-09-15
H2-ENC002855,HOSP035446,2020-05-18,Inpatient,H2-PROV0027,DEPT013,97491,2023-10-07,2021-03-29
H2-ENC002856,HOSP025286,2025-02-17,Routine Checkup,H2-PROV0021,DEPT014,12013,2026-06-11,2026-06-27
H2-ENC002857,HOSP039957,2024-01-29,Routine Checkup,H2-PROV0022,DEPT001,24279,2023-07-24,2021-11-21
H2-ENC002858,HOSP016550,2021-03-24,Telemedicine,H2-PROV0022,DEPT014,66263,2025-07-01,2024-01-29
H2-ENC002859,HOSP010584,2025-03-18,Routine Checkup,H2-PROV0023,DEPT009,32072,2025-03-19,2021-09-12
H2-ENC002860,HOSP021304,2021-05-05,Outpatient,H2-PROV0010,DEPT010,52492,2022-04-23,2024-03-16
H2-ENC002861,HOSP042023,2022-01-25,Emergency,H2-PROV0001,DEPT014,82323,2025-02-17,2020-12-17
H2-ENC002862,HOSP019207,2024-05-21,Emergency,H2-PROV0003,DEPT010,83674,2025-07-28,2026-05-27
H2-ENC002863,HOSP032447,2025-03-11,Emergency,H2-PROV0006,DEPT001,10346,2021-05-25,2023-04-25
H2-ENC002864,HOSP000571,2020-03-06,Telemedicine,H2-PROV0006,DEPT008,16020,2021-11-23,2021-02-14
H2-ENC002865,HOSP016537,2026-04-05,Inpatient,H2-PROV0010,DEPT008,17178,2022-06-15,2023-06-08
H2-ENC002866,HOSP049642,2022-09-10,Inpatient,H2-PROV0027,DEPT010,34114,2026-09-18,2025-12-06
H2-ENC002867,HOSP022642,2026-04-25,Telemedicine,H2-PROV0010,DEPT018,97715,2020-06-08,2023-08-11
H2-ENC002868,HOSP039558,2020-01-04,Routine Checkup,H2-PROV0008,DEPT007,95525,2021-09-29,2021-07-24
H2-ENC002869,HOSP044784,2025-05-14,Routine Checkup,H2-PROV0011,DEPT018,83075,2025-10-11,2023-04-11
H2-ENC002870,HOSP007314,2024-09-15,Routine Checkup,H2-PROV0005,DEPT017,46256,2021-02-21,2025-12-24
H2-ENC002871,HOSP007704,2024-10-31,Routine Checkup,H2-PROV0001,DEPT016,53687,2022-12-26,2026-09-23
H2-ENC002872,HOSP018285,2023-10-08,Routine Checkup,H2-PROV0020,DEPT002,28652,2023-05-30,2023-09-17
H2-ENC002873,HOSP005530,2022-04-28,Routine Checkup,H2-PROV0022,DEPT007,25661,2026-08-16,2024-10-08
H2-ENC002874,HOSP033787,2025-02-05,Routine Checkup,H2-PROV0009,DEPT005,43337,2026-04-15,2025-08-11
H2-ENC002875,HOSP002031,2023-05-27,Routine Checkup,H2-PROV0030,DEPT011,13814,2021-08-17,2022-03-09
H2-ENC002876,HOSP018168,2020-06-30,Telemedicine,H2-PROV0012,DEPT008,67997,2024-12-08,2022-10-04
H2-ENC002877,HOSP010529,2023-02-13,Telemedicine,H2-PROV0009,DEPT006,77626,2022-08-03,2020-09-27
H2-ENC002878,HOSP028591,2021-07-26,Emergency,H2-PROV0026,DEPT020,65795,2025-12-27,2025-08-31
H2-ENC002879,HOSP038949,2025-08-09,Telemedicine,H2-PROV0011,DEPT002,31649,2021-02-14,2026-02-08
H2-ENC002880,HOSP011254,2024-03-28,Outpatient,H2-PROV0019,DEPT013,87365,2025-06-29,2026-08-22
H2-ENC002881,HOSP048380,2024-04-29,Inpatient,H2-PROV0011,DEPT006,27527,2021-01-17,2020-12-12
H2-ENC002882,HOSP015508,2022-11-05,Routine Checkup,H2-PROV0023,DEPT001,28774,2020-05-28,2020-09-15
H2-ENC002883,HOSP002838,2021-02-04,Routine Checkup,H2-PROV0025,DEPT014,55835,2021-01-20,2024-08-05
H2-ENC002884,HOSP033781,2023-07-07,Routine Checkup,H2-PROV0026,DEPT009,70855,2024-02-22,2022-07-19
H2-ENC002885,HOSP043991,2026-05-17,Outpatient,H2-PROV0015,DEPT016,15764,2022-06-29,2024-02-17
H2-ENC002886,HOSP028586,2026-06-29,Routine Checkup,H2-PROV0023,DEPT018,21826,2026-07-13,2021-02-23
H2-ENC002887,HOSP034511,2025-05-03,Telemedicine,H2-PROV0029,DEPT017,56599,2022-05-22,2020-09-02
H2-ENC002888,HOSP008109,2020-01-22,Emergency,H2-PROV0026,DEPT007,71110,2021-03-09,2024-06-02
H2-ENC002889,HOSP004456,2023-08-01,Outpatient,H2-PROV0025,DEPT014,12046,2024-05-31,2025-03-27
H2-ENC002890,HOSP021936,2026-01-13,Telemedicine,H2-PROV0007,DEPT014,75175,2020-10-23,2023-02-04
H2-ENC002891,HOSP047799,2020-10-15,Telemedicine,H2-PROV0014,DEPT007,93323,2024-04-11,2020-01-19
H2-ENC002892,HOSP002548,2024-04-22,Inpatient,H2-PROV0022,DEPT001,10755,2026-01-24,2022-10-22
H2-ENC002893,HOSP036348,2026-04-05,Outpatient,H2-PROV0004,DEPT019,18148,2024-07-31,2020-08-15
H2-ENC002894,HOSP008569,2025-11-19,Outpatient,H2-PROV0017,DEPT013,49171,2022-01-06,2026-02-20
H2-ENC002895,HOSP047741,2026-09-25,Telemedicine,H2-PROV0017,DEPT015,72710,2022-01-31,2021-09-04
H2-ENC002896,HOSP000644,2022-03-28,Outpatient,H2-PROV0019,DEPT006,17846,2025-04-22,2024-02-01
H2-ENC002897,HOSP033610,2022-10-25,Routine Checkup,H2-PROV0015,DEPT017,24028,2020-11-06,2020-08-02
H2-ENC002898,HOSP025979,2020-01-20,Inpatient,H2-PROV0022,DEPT019,20203,2023-11-20,2022-09-18
H2-ENC002899,HOSP040592,2022-02-04,Outpatient,H2-PROV0013,DEPT006,45766,2021-02-10,2022-02-26
H2-ENC002900,HOSP036707,2022-09-17,Outpatient,H2-PROV0013,DEPT001,49391,2025-04-26,2024-10-15
H2-ENC002901,HOSP010544,2026-02-16,Emergency,H2-PROV0023,DEPT008,80325,2025-11-30,2023-04-26
H2-ENC002902,HOSP045906,2020-06-30,Emergency,H2-PROV0013,DEPT001,33770,2022-08-12,2026-02-13
H2-ENC002903,HOSP045529,2026-07-12,Outpatient,H2-PROV0005,DEPT001,38566,2026-01-21,2022-06-14
H2-ENC002904,HOSP026537,2025-11-01,Routine Checkup,H2-PROV0027,DEPT004,46554,2021-12-30,2025-04-09
H2-ENC002905,HOSP015233,2025-09-28,Routine Checkup,H2-PROV0013,DEPT017,81015,2022-06-08,2022-10-31
H2-ENC002906,HOSP014253,2021-12-14,Emergency,H2-PROV0004,DEPT009,22379,2025-09-26,2022-12-06
H2-ENC002907,HOSP031978,2024-03-01,Emergency,H2-PROV0012,DEPT020,11400,2021-03-14,2024-01-08
H2-ENC002908,HOSP008192,2020-10-04,Telemedicine,H2-PROV0001,DEPT005,57174,2024-03-01,2023-10-05
H2-ENC002909,HOSP047397,2022-01-12,Routine Checkup,H2-PROV0025,DEPT009,12490,2022-09-09,2020-02-17
H2-ENC002910,HOSP025225,2022-05-18,Inpatient,H2-PROV0006,DEPT018,34956,2020-04-14,2021-03-18
H2-ENC002911,HOSP033397,2022-07-19,Emergency,H2-PROV0026,DEPT012,24795,2025-10-09,2024-04-15
H2-ENC002912,HOSP043023,2022-09-26,Telemedicine,H2-PROV0015,DEPT017,60811,2020-07-09,2020-06-28
H2-ENC002913,HOSP044857,2025-03-25,Inpatient,H2-PROV0029,DEPT005,25335,2025-06-09,2020-02-29
H2-ENC002914,HOSP039988,2022-12-19,Emergency,H2-PROV0013,DEPT016,94100,2022-12-26,2020-11-11
H2-ENC002915,HOSP021976,2021-06-17,Emergency,H2-PROV0017,DEPT010,10877,2025-10-28,2024-02-25
H2-ENC002916,HOSP037354,2025-03-22,Outpatient,H2-PROV0019,DEPT006,63066,2022-01-18,2025-10-02
H2-ENC002917,HOSP014647,2020-09-20,Inpatient,H2-PROV0027,DEPT017,85710,2021-04-03,2022-03-15
H2-ENC002918,HOSP023116,2023-12-04,Routine Checkup,H2-PROV0008,DEPT001,27850,2021-07-14,2023-07-22
H2-ENC002919,HOSP034282,2024-03-24,Telemedicine,H2-PROV0016,DEPT007,67522,2023-03-18,2022-12-07
H2-ENC002920,HOSP006480,2021-10-26,Routine Checkup,H2-PROV0015,DEPT004,76332,2022-09-15,2023-11-22
H2-ENC002921,HOSP041347,2020-10-08,Outpatient,H2-PROV0025,DEPT013,39955,2023-07-19,2020-08-17
H2-ENC002922,HOSP024987,2025-08-15,Outpatient,H2-PROV0003,DEPT004,47288,2021-08-12,2026-06-05
H2-ENC002923,HOSP016742,2024-10-04,Telemedicine,H2-PROV0023,DEPT017,11029,2026-05-15,2020-11-15
H2-ENC002924,HOSP020973,2025-10-24,Outpatient,H2-PROV0020,DEPT019,77488,2024-03-04,2020-11-30
H2-ENC002925,HOSP048762,2023-09-05,Telemedicine,H2-PROV0028,DEPT004,47580,2026-02-02,2021-12-22
H2-ENC002926,HOSP043726,2024-04-12,Emergency,H2-PROV0013,DEPT008,99841,2024-02-12,2020-10-16
H2-ENC002927,HOSP017408,2021-09-05,Telemedicine,H2-PROV0026,DEPT006,46256,2020-01-11,2022-10-25
H2-ENC002928,HOSP004170,2024-06-24,Inpatient,H2-PROV0007,DEPT004,42200,2020-05-31,2025-03-10
H2-ENC002929,HOSP021522,2020-05-26,Emergency,H2-PROV0006,DEPT013,68535,2021-03-22,2024-05-23
H2-ENC002930,HOSP047980,2024-01-20,Inpatient,H2-PROV0012,DEPT009,94840,2022-02-13,2023-01-17
H2-ENC002931,HOSP032032,2023-12-24,Routine Checkup,H2-PROV0029,DEPT015,32809,2024-02-04,2021-12-24
H2-ENC002932,HOSP029857,2023-05-23,Inpatient,H2-PROV0002,DEPT020,50750,2022-02-09,2024-04-26
H2-ENC002933,HOSP048187,2025-04-26,Emergency,H2-PROV0019,DEPT002,25546,2025-01-09,2020-01-09
H2-ENC002934,HOSP000762,2023-03-08,Inpatient,H2-PROV0029,DEPT008,65995,2026-06-22,2023-10-28
H2-ENC002935,HOSP032236,2022-12-22,Routine Checkup,H2-PROV0010,DEPT020,23815,2020-09-02,2020-11-17
H2-ENC002936,HOSP010323,2024-05-21,Routine Checkup,H2-PROV0001,DEPT005,14988,2022-04-11,2025-01-11
H2-ENC002937,HOSP025532,2021-05-11,Routine Checkup,H2-PROV0028,DEPT009,25274,2022-11-04,2021-08-05
H2-ENC002938,HOSP028683,2020-09-11,Routine Checkup,H2-PROV0017,DEPT001,47990,2026-10-01,2024-03-21
H2-ENC002939,HOSP012382,2021-12-09,Outpatient,H2-PROV0007,DEPT011,77626,2025-08-09,2021-09-02
H2-ENC002940,HOSP011454,2021-09-05,Routine Checkup,H2-PROV0022,DEPT010,90481,2024-01-13,2022-03-23
H2-ENC002941,HOSP001368,2020-11-30,Inpatient,H2-PROV0004,DEPT015,79298,2022-03-27,2023-04-14
H2-ENC002942,HOSP031132,2024-05-26,Telemedicine,H2-PROV0001,DEPT006,21536,2022-10-08,2026-07-16
H2-ENC002943,HOSP011677,2024-01-21,Outpatient,H2-PROV0006,DEPT008,83674,2023-04-28,2021-11-03
H2-ENC002944,HOSP008837,2022-02-24,Routine Checkup,H2-PROV0015,DEPT007,75480,2026-09-27,2022-02-12
H2-ENC002945,HOSP007955,2020-01-31,Emergency,H2-PROV0026,DEPT019,23057,2021-09-23,2021-03-27
H2-ENC002946,HOSP014308,2024-08-20,Inpatient,H2-PROV0019,DEPT018,45073,2024-02-20,2021-09-15
H2-ENC002947,HOSP034450,2021-01-29,Emergency,H2-PROV0002,DEPT008,29563,2025-09-25,2022-04-20
H2-ENC002948,HOSP042520,2024-10-19,Outpatient,H2-PROV0007,DEPT005,95020,2024-03-12,2021-06-26
H2-ENC002949,HOSP027088,2020-08-01,Routine Checkup,H2-PROV0006,DEPT005,75794,2022-03-24,2020-03-31
H2-ENC002950,HOSP006436,2026-01-02,Emergency,H2-PROV0005,DEPT020,79992,2024-10-12,2020-02-12
H2-ENC002951,HOSP031796,2021-03-07,Routine Checkup,H2-PROV0022,DEPT012,46814,2023-03-22,2021-08-17
H2-ENC002952,HOSP041280,2024-04-28,Inpatient,H2-PROV0009,DEPT019,67522,2021-01-30,2022-11-24
H2-ENC002953,HOSP021294,2020-08-05,Routine Checkup,H2-PROV0006,DEPT016,44424,2025-01-10,2020-11-04
H2-ENC002954,HOSP024873,2020-04-19,Emergency,H2-PROV0008,DEPT001,24557,2025-11-05,2025-05-04
H2-ENC002955,HOSP036763,2022-09-29,Emergency,H2-PROV0023,DEPT015,69638,2023-04-11,2022-03-06
H2-ENC002956,HOSP034878,2022-08-20,Routine Checkup,H2-PROV0026,DEPT012,71325,2020-04-09,2025-09-09
H2-ENC002957,HOSP017511,2025-08-02,Inpatient,H2-PROV0016,DEPT018,84089,2024-01-23,2024-11-10
H2-ENC002958,HOSP044183,2020-11-02,Routine Checkup,H2-PROV0006,DEPT012,75978,2026-02-19,2024-05-28
H2-ENC002959,HOSP001942,2023-12-14,Emergency,H2-PROV0014,DEPT019,28350,2021-11-21,2024-02-05
H2-ENC002960,HOSP039874,2021-10-17,Emergency,H2-PROV0012,DEPT002,25039,2025-01-27,2024-02-26
H2-ENC002961,HOSP049933,2026-06-07,Routine Checkup,H2-PROV0015,DEPT008,47609,2023-09-22,2025-05-09
H2-ENC002962,HOSP011888,2021-10-17,Inpatient,H2-PROV0026,DEPT008,87020,2020-09-09,2025-11-20
H2-ENC002963,HOSP003767,2025-05-29,Telemedicine,H2-PROV0027,DEPT019,46026,2025-07-06,2022-08-26
H2-ENC002964,HOSP026257,2024-12-01,Outpatient,H2-PROV0022,DEPT013,22275,2025-05-04,2025-06-18
H2-ENC002965,HOSP042030,2020-07-12,Inpatient,H2-PROV0021,DEPT002,93015,2023-07-19,2022-09-01
H2-ENC002966,HOSP048743,2026-06-19,Routine Checkup,H2-PROV0004,DEPT001,53463,2025-07-30,2025-04-13
H2-ENC002967,HOSP034726,2024-03-12,Telemedicine,H2-PROV0016,DEPT005,97224,2023-07-06,2024-10-22
H2-ENC002968,HOSP011975,2025-04-15,Outpatient,H2-PROV0018,DEPT020,69233,2020-03-08,2023-12-18
H2-ENC002969,HOSP044945,2026-03-04,Outpatient,H2-PROV0021,DEPT014,21536,2025-01-24,2025-12-28
H2-ENC002970,HOSP025965,2026-08-25,Outpatient,H2-PROV0008,DEPT018,64287,2026-07-31,2025-05-18
H2-ENC002971,HOSP025476,2022-06-04,Inpatient,H2-PROV0011,DEPT013,99885,2026-09-27,2024-11-21
H2-ENC002972,HOSP018203,2020-07-09,Inpatient,H2-PROV0007,DEPT007,72710,2026-04-11,2025-01-06
H2-ENC002973,HOSP032595,2021-01-31,Routine Checkup,H2-PROV0011,DEPT019,52492,2023-04-04,2020-12-30
H2-ENC002974,HOSP034978,2026-08-27,Outpatient,H2-PROV0008,DEPT011,47609,2020-06-05,2022-01-20
H2-ENC002975,HOSP023624,2024-06-26,Inpatient,H2-PROV0030,DEPT019,72105,2025-11-22,2026-02-09
H2-ENC002976,HOSP007271,2023-05-24,Telemedicine,H2-PROV0007,DEPT005,88972,2020-02-27,2024-01-31
H2-ENC002977,HOSP035238,2020-10-05,Outpatient,H2-PROV0020,DEPT006,69934,2022-04-28,2022-01-10
H2-ENC002978,HOSP009288,2023-07-03,Telemedicine,H2-PROV0007,DEPT011,64840,2022-09-29,2022-02-19
H2-ENC002979,HOSP025208,2025-10-07,Emergency,H2-PROV0011,DEPT002,54731,2025-07-29,2024-03-10
H2-ENC002980,HOSP048515,2024-09-10,Telemedicine,H2-PROV0024,DEPT008,23826,2022-12-15,2024-03-16
H2-ENC002981,HOSP027511,2022-11-30,Outpatient,H2-PROV0002,DEPT006,90771,2023-08-18,2020-11-04
H2-ENC002982,HOSP034580,2022-10-17,Outpatient,H2-PROV0024,DEPT005,69052,2020-08-18,2022-06-03
H2-ENC002983,HOSP019444,2021-04-28,Outpatient,H2-PROV0020,DEPT012,81065,2024-05-22,2021-02-02
H2-ENC002984,HOSP007748,2022-11-25,Outpatient,H2-PROV0016,DEPT012,46444,2023-07-04,2021-05-11
H2-ENC002985,HOSP001887,2023-03-10,Outpatient,H2-PROV0011,DEPT010,81171,2021-07-30,2025-11-15
H2-ENC002986,HOSP037178,2021-10-27,Emergency,H2-PROV0016,DEPT019,96827,2024-01-07,2020-07-21
H2-ENC002987,HOSP001551,2026-03-12,Outpatient,H2-PROV0006,DEPT019,57849,2022-05-01,2021-07-08
H2-ENC002988,HOSP033458,2026-01-01,Inpatient,H2-PROV0017,DEPT001,98121,2022-07-25,2022-02-16
H2-ENC002989,HOSP005189,2025-10-06,Telemedicine,H2-PROV0004,DEPT015,97125,2025-03-09,2022-03-30
H2-ENC002990,HOSP024982,2024-08-22,Routine Checkup,H2-PROV0004,DEPT003,79248,2021-07-11,2024-01-06
H2-ENC002991,HOSP011856,2020-12-18,Inpatient,H2-PROV0013,DEPT020,67522,2025-05-04,2025-07-22
H2-ENC002992,HOSP037106,2022-07-29,Emergency,H2-PROV0002,DEPT005,80084,2021-02-04,2024-06-07
H2-ENC002993,HOSP002654,2021-10-22,Outpatient,H2-PROV0020,DEPT007,69052,2025-11-13,2025-06-16
H2-ENC002994,HOSP028268,2020-09-11,Emergency,H2-PROV0022,DEPT007,24557,2023-10-13,2024-09-14
H2-ENC002995,HOSP025194,2025-08-27,Telemedicine,H2-PROV0030,DEPT015,57102,2021-06-19,2022-05-19
H2-ENC002996,HOSP015631,2022-02-08,Outpatient,H2-PROV0014,DEPT018,11095,2023-02-16,2020-09-29
H2-ENC002997,HOSP038067,2026-01-21,Inpatient,H2-PROV0023,DEPT006,49397,2023-06-24,2023-07-26
H2-ENC002998,HOSP011818,2020-08-15,Emergency,H2-PROV0009,DEPT017,60751,2024-04-21,2025-08-01
H2-ENC002999,HOSP041927,2024-09-23,Outpatient,H2-PROV0028,DEPT008,25392,2025-09-23,2023-04-10
H2-ENC003000,HOSP020923,2025-05-08,Outpatient,H2-PROV0024,DEPT004,64423,2022-02-22,2020-11-24
H2-ENC003001,HOSP002541,2022-07-30,Routine Checkup,H2-PROV0027,DEPT009,55572,2025-11-28,2020-10-18
H2-ENC003002,HOSP011347,2020-09-12,Routine Checkup,H2-PROV0004,DEPT016,73742,2022-09-25,2020-12-29
H2-ENC003003,HOSP038097,2024-10-02,Telemedicine,H2-PROV0030,DEPT008,31189,2023-11-22,2026-01-12
H2-ENC003004,HOSP033414,2026-04-04,Telemedicine,H2-PROV0009,DEPT008,20581,2026-01-12,2024-12-10
H2-ENC003005,HOSP045198,2020-06-18,Telemedicine,H2-PROV0029,DEPT016,11845,2020-11-20,2024-07-27
H2-ENC003006,HOSP023757,2025-12-28,Routine Checkup,H2-PROV0026,DEPT012,60263,2023-01-09,2020-04-11
H2-ENC003007,HOSP029077,2023-11-20,Emergency,H2-PROV0024,DEPT002,84274,2026-05-14,2025-08-26
H2-ENC003008,HOSP010904,2022-05-15,Routine Checkup,H2-PROV0010,DEPT017,75599,2025-04-19,2026-01-23
H2-ENC003009,HOSP029207,2026-05-23,Inpatient,H2-PROV0023,DEPT011,76194,2025-08-16,2025-04-18
H2-ENC003010,HOSP037565,2021-07-09,Routine Checkup,H2-PROV0030,DEPT004,18614,2022-03-29,2025-01-21
H2-ENC003011,HOSP018608,2023-02-05,Telemedicine,H2-PROV0023,DEPT009,35799,2021-05-28,2023-05-20
H2-ENC003012,HOSP000873,2025-12-31,Inpatient,H2-PROV0007,DEPT002,87020,2025-03-27,2021-08-15
H2-ENC003013,HOSP032471,2023-09-11,Emergency,H2-PROV0026,DEPT002,50313,2022-08-10,2021-01-31
H2-ENC003014,HOSP014037,2021-07-29,Telemedicine,H2-PROV0018,DEPT007,17225,2024-11-01,2022-01-18
H2-ENC003015,HOSP018710,2022-08-17,Outpatient,H2-PROV0004,DEPT004,80367,2020-07-26,2025-11-29
H2-ENC003016,HOSP035761,2022-03-22,Outpatient,H2-PROV0016,DEPT019,45073,2025-04-26,2021-03-31
H2-ENC003017,HOSP048117,2021-07-20,Routine Checkup,H2-PROV0022,DEPT005,31071,2026-03-20,2021-05-25
H2-ENC003018,HOSP017339,2021-02-05,Telemedicine,H2-PROV0025,DEPT020,47821,2021-08-11,2022-07-21
H2-ENC003019,HOSP019955,2025-03-27,Telemedicine,H2-PROV0013,DEPT017,66309,2024-06-13,2020-10-21
H2-ENC003020,HOSP028838,2025-10-20,Outpatient,H2-PROV0012,DEPT019,87365,2026-10-06,2022-07-16
H2-ENC003021,HOSP031624,2024-12-25,Emergency,H2-PROV0015,DEPT006,32674,2020-05-30,2026-05-25
H2-ENC003022,HOSP001827,2022-09-28,Telemedicine,H2-PROV0030,DEPT013,86865,2021-08-16,2023-01-03
H2-ENC003023,HOSP012326,2026-02-26,Outpatient,H2-PROV0015,DEPT009,94999,2022-03-17,2020-06-05
H2-ENC003024,HOSP020020,2022-06-22,Emergency,H2-PROV0027,DEPT006,35243,2021-12-30,2024-09-12
H2-ENC003025,HOSP048505,2022-11-07,Telemedicine,H2-PROV0004,DEPT004,76332,2023-03-09,2020-04-11
H2-ENC003026,HOSP001497,2025-06-07,Emergency,H2-PROV0014,DEPT016,30076,2021-02-20,2023-07-20
H2-ENC003027,HOSP025611,2023-04-24,Emergency,H2-PROV0023,DEPT016,24383,2022-02-13,2020-08-20
H2-ENC003028,HOSP013877,2022-03-25,Emergency,H2-PROV0002,DEPT005,64614,2020-08-11,2022-03-01
H2-ENC003029,HOSP005669,2023-07-20,Inpatient,H2-PROV0012,DEPT010,22795,2020-03-01,2021-08-26
H2-ENC003030,HOSP046924,2022-05-13,Routine Checkup,H2-PROV0006,DEPT009,25961,2021-12-04,2025-07-13
H2-ENC003031,HOSP030291,2020-10-18,Routine Checkup,H2-PROV0009,DEPT004,94840,2023-06-03,2025-01-16
H2-ENC003032,HOSP009656,2024-01-29,Inpatient,H2-PROV0008,DEPT006,10877,2025-09-25,2025-04-24
H2-ENC003033,HOSP004528,2025-11-01,Telemedicine,H2-PROV0001,DEPT009,20356,2021-12-09,2023-08-05
H2-ENC003034,HOSP012656,2025-01-01,Telemedicine,H2-PROV0027,DEPT006,29466,2025-02-11,2026-05-11
H2-ENC003035,HOSP032343,2026-07-03,Routine Checkup,H2-PROV0013,DEPT018,52559,2025-10-05,2024-09-27
H2-ENC003036,HOSP022547,2021-06-11,Telemedicine,H2-PROV0004,DEPT017,85154,2021-01-01,2025-11-10
H2-ENC003037,HOSP045924,2022-07-06,Telemedicine,H2-PROV0018,DEPT002,59755,2022-07-03,2023-10-17
H2-ENC003038,HOSP024810,2023-07-15,Inpatient,H2-PROV0025,DEPT002,51571,2025-06-29,2023-03-06
H2-ENC003039,HOSP032894,2021-07-29,Inpatient,H2-PROV0028,DEPT002,59662,2021-06-08,2021-11-11
H2-ENC003040,HOSP041985,2025-04-10,Routine Checkup,H2-PROV0023,DEPT016,92395,2024-04-17,2024-04-28
H2-ENC003041,HOSP032193,2020-10-23,Emergency,H2-PROV0024,DEPT020,63341,2021-02-25,2023-08-01
H2-ENC003042,HOSP014639,2024-07-27,Inpatient,H2-PROV0017,DEPT010,50068,2020-10-15,2021-07-11
H2-ENC003043,HOSP023143,2022-04-30,Outpatient,H2-PROV0013,DEPT020,35241,2020-06-03,2025-02-24
H2-ENC003044,HOSP026787,2023-05-07,Emergency,H2-PROV0029,DEPT020,63116,2022-09-16,2022-06-15
H2-ENC003045,HOSP013160,2026-09-14,Outpatient,H2-PROV0017,DEPT008,45144,2024-03-12,2024-05-31
H2-ENC003046,HOSP003244,2022-12-09,Outpatient,H2-PROV0025,DEPT006,30265,2021-07-13,2020-08-27
H2-ENC003047,HOSP016380,2024-09-28,Routine Checkup,H2-PROV0020,DEPT005,13484,2025-04-11,2021-09-22
H2-ENC003048,HOSP042242,2025-03-30,Telemedicine,H2-PROV0014,DEPT009,21487,2023-12-09,2025-10-16
H2-ENC003049,HOSP040741,2025-05-12,Routine Checkup,H2-PROV0004,DEPT013,82892,2022-09-23,2021-08-05
H2-ENC003050,HOSP004069,2021-10-04,Emergency,H2-PROV0003,DEPT011,59003,2020-02-26,2026-02-22
H2-ENC003051,HOSP000843,2024-03-13,Inpatient,H2-PROV0005,DEPT002,25335,2025-08-12,2026-07-31
H2-ENC003052,HOSP044702,2024-09-13,Routine Checkup,H2-PROV0022,DEPT006,97506,2024-08-01,2024-09-22
H2-ENC003053,HOSP035588,2025-11-27,Outpatient,H2-PROV0003,DEPT015,69288,2020-07-28,2020-09-15
H2-ENC003054,HOSP031988,2023-10-20,Telemedicine,H2-PROV0028,DEPT012,78730,2024-03-23,2025-07-18
H2-ENC003055,HOSP029647,2020-01-14,Routine Checkup,H2-PROV0013,DEPT005,37042,2020-08-17,2020-08-03
H2-ENC003056,HOSP009534,2021-10-17,Inpatient,H2-PROV0009,DEPT012,60864,2021-09-16,2022-03-30
H2-ENC003057,HOSP042938,2024-07-06,Routine Checkup,H2-PROV0011,DEPT019,76922,2023-06-20,2021-05-10
H2-ENC003058,HOSP015118,2020-02-11,Inpatient,H2-PROV0019,DEPT001,72545,2025-01-16,2025-08-28
H2-ENC003059,HOSP046646,2022-08-01,Routine Checkup,H2-PROV0029,DEPT005,52559,2022-07-05,2024-05-23
H2-ENC003060,HOSP024850,2026-03-20,Routine Checkup,H2-PROV0013,DEPT006,45202,2025-04-13,2023-04-18
H2-ENC003061,HOSP038807,2025-10-27,Routine Checkup,H2-PROV0022,DEPT007,74107,2020-10-31,2026-05-30
H2-ENC003062,HOSP049076,2026-03-14,Telemedicine,H2-PROV0020,DEPT003,75794,2020-12-30,2025-04-14
H2-ENC003063,HOSP042613,2022-03-27,Routine Checkup,H2-PROV0029,DEPT014,66023,2024-08-05,2026-07-01
H2-ENC003064,HOSP035817,2025-12-23,Inpatient,H2-PROV0011,DEPT019,51371,2024-05-09,2024-08-10
H2-ENC003065,HOSP002262,2025-05-25,Telemedicine,H2-PROV0004,DEPT014,77626,2026-02-04,2026-05-30
H2-ENC003066,HOSP023965,2020-02-16,Emergency,H2-PROV0016,DEPT002,74035,2024-01-23,2021-01-01
H2-ENC003067,HOSP017386,2021-04-23,Inpatient,H2-PROV0028,DEPT001,95020,2020-10-04,2025-01-05
H2-ENC003068,HOSP005993,2021-01-29,Emergency,H2-PROV0029,DEPT008,21172,2026-01-25,2022-05-06
H2-ENC003069,HOSP015545,2023-10-14,Outpatient,H2-PROV0007,DEPT014,93558,2021-06-14,2020-07-30
H2-ENC003070,HOSP022356,2026-08-12,Telemedicine,H2-PROV0001,DEPT016,21297,2023-02-24,2025-01-15
H2-ENC003071,HOSP033590,2024-10-19,Outpatient,H2-PROV0003,DEPT005,37552,2022-01-17,2026-07-22
H2-ENC003072,HOSP048037,2023-04-22,Inpatient,H2-PROV0003,DEPT010,85873,2023-10-27,2023-01-21
H2-ENC003073,HOSP018742,2023-04-15,Telemedicine,H2-PROV0012,DEPT010,28350,2020-12-19,2021-07-16
H2-ENC003074,HOSP010695,2022-12-10,Outpatient,H2-PROV0021,DEPT018,42322,2021-06-11,2020-10-20
H2-ENC003075,HOSP025418,2023-05-12,Telemedicine,H2-PROV0002,DEPT016,66309,2026-01-27,2023-04-07
H2-ENC003076,HOSP021400,2025-12-29,Inpatient,H2-PROV0023,DEPT003,65668,2020-05-06,2026-02-28
H2-ENC003077,HOSP047632,2020-05-04,Telemedicine,H2-PROV0010,DEPT007,38212,2021-11-17,2020-05-20
H2-ENC003078,HOSP008837,2026-08-11,Inpatient,H2-PROV0007,DEPT003,99752,2025-10-16,2021-07-05
H2-ENC003079,HOSP026316,2023-03-26,Inpatient,H2-PROV0021,DEPT009,97201,2025-02-23,2020-08-12
H2-ENC003080,HOSP031384,2020-05-11,Inpatient,H2-PROV0026,DEPT016,19587,2022-10-27,2021-08-18
H2-ENC003081,HOSP000946,2023-08-03,Routine Checkup,H2-PROV0021,DEPT004,15820,2026-09-11,2025-05-11
H2-ENC003082,HOSP001029,2022-09-24,Inpatient,H2-PROV0017,DEPT017,73761,2023-09-02,2026-09-09
H2-ENC003083,HOSP033606,2021-04-02,Emergency,H2-PROV0013,DEPT001,51570,2024-10-10,2021-10-18
H2-ENC003084,HOSP024699,2023-09-01,Telemedicine,H2-PROV0015,DEPT020,27647,2021-12-15,2020-09-13
H2-ENC003085,HOSP003032,2020-08-28,Routine Checkup,H2-PROV0013,DEPT017,63043,2022-02-04,2021-07-09
H2-ENC003086,HOSP034932,2025-06-25,Emergency,H2-PROV0007,DEPT004,82062,2021-03-03,2024-11-03
H2-ENC003087,HOSP030542,2020-06-26,Emergency,H2-PROV0030,DEPT007,46213,2022-09-21,2021-03-06
H2-ENC003088,HOSP040281,2020-06-01,Outpatient,H2-PROV0022,DEPT009,84958,2021-02-09,2020-02-21
H2-ENC003089,HOSP029478,2023-08-27,Outpatient,H2-PROV0026,DEPT004,26828,2020-07-21,2022-11-02
H2-ENC003090,HOSP034195,2026-02-03,Emergency,H2-PROV0009,DEPT019,68634,2024-03-01,2023-11-30
H2-ENC003091,HOSP019869,2022-04-16,Emergency,H2-PROV0029,DEPT005,54938,2025-04-26,2020-12-17
H2-ENC003092,HOSP021218,2025-11-21,Outpatient,H2-PROV0006,DEPT018,48025,2023-09-20,2020-10-11
H2-ENC003093,HOSP031599,2025-08-11,Inpatient,H2-PROV0020,DEPT009,79298,2022-05-03,2020-08-28
H2-ENC003094,HOSP020491,2021-12-17,Inpatient,H2-PROV0024,DEPT005,53313,2026-03-20,2025-11-28
H2-ENC003095,HOSP037363,2021-09-01,Inpatient,H2-PROV0014,DEPT013,16020,2024-05-24,2026-06-06
H2-ENC003096,HOSP010241,2025-10-20,Routine Checkup,H2-PROV0021,DEPT011,44303,2020-06-12,2021-09-04
H2-ENC003097,HOSP026970,2025-04-01,Routine Checkup,H2-PROV0014,DEPT014,29618,2023-12-01,2020-04-14
H2-ENC003098,HOSP045789,2023-10-13,Telemedicine,H2-PROV0017,DEPT019,60817,2026-06-04,2020-02-27
H2-ENC003099,HOSP013617,2024-08-01,Emergency,H2-PROV0021,DEPT007,25181,2020-12-30,2023-11-02
H2-ENC003100,HOSP048133,2026-09-03,Emergency,H2-PROV0027,DEPT002,49874,2021-03-24,2020-11-29
H2-ENC003101,HOSP048096,2020-07-01,Emergency,H2-PROV0009,DEPT006,79992,2020-07-16,2022-07-08
H2-ENC003102,HOSP014261,2023-12-23,Outpatient,H2-PROV0028,DEPT002,74624,2021-03-16,2021-07-21
H2-ENC003103,HOSP008625,2025-07-28,Routine Checkup,H2-PROV0011,DEPT013,96904,2021-08-11,2024-08-06
H2-ENC003104,HOSP019491,2024-02-19,Routine Checkup,H2-PROV0023,DEPT009,85919,2026-08-20,2021-05-27
H2-ENC003105,HOSP048682,2024-12-31,Inpatient,H2-PROV0019,DEPT011,29273,2025-07-30,2026-01-01
H2-ENC003106,HOSP007700,2025-03-31,Outpatient,H2-PROV0023,DEPT013,96368,2024-07-02,2025-10-27
H2-ENC003107,HOSP048245,2020-05-17,Inpatient,H2-PROV0022,DEPT008,17163,2020-01-10,2022-04-01
H2-ENC003108,HOSP016469,2020-08-06,Inpatient,H2-PROV0007,DEPT006,14517,2025-04-03,2024-04-02
H2-ENC003109,HOSP042654,2025-04-10,Routine Checkup,H2-PROV0020,DEPT003,38090,2025-01-28,2022-08-11
H2-ENC003110,HOSP018048,2025-02-10,Emergency,H2-PROV0015,DEPT009,94034,2020-01-16,2026-07-10
H2-ENC003111,HOSP022944,2025-04-20,Telemedicine,H2-PROV0008,DEPT017,76559,2020-05-14,2022-07-20
H2-ENC003112,HOSP026587,2024-09-11,Outpatient,H2-PROV0024,DEPT007,45027,2026-02-02,2025-06-17
H2-ENC003113,HOSP024327,2025-05-09,Inpatient,H2-PROV0016,DEPT002,76922,2020-10-24,2024-11-05
H2-ENC003114,HOSP006379,2024-04-15,Inpatient,H2-PROV0013,DEPT014,94775,2023-12-19,2022-10-24
H2-ENC003115,HOSP044312,2024-06-30,Inpatient,H2-PROV0026,DEPT020,63714,2020-03-11,2026-06-22
H2-ENC003116,HOSP013386,2026-09-19,Outpatient,H2-PROV0024,DEPT006,69450,2025-06-07,2024-08-18
H2-ENC003117,HOSP040932,2025-03-21,Emergency,H2-PROV0010,DEPT006,74107,2023-07-30,2020-01-04
H2-ENC003118,HOSP009324,2025-12-12,Inpatient,H2-PROV0014,DEPT009,79719,2020-02-02,2020-02-22
H2-ENC003119,HOSP021516,2020-01-22,Routine Checkup,H2-PROV0025,DEPT015,21536,2023-05-10,2020-04-13
H2-ENC003120,HOSP039745,2024-01-10,Inpatient,H2-PROV0010,DEPT006,79425,2025-07-26,2023-12-17
H2-ENC003121,HOSP013255,2025-04-28,Outpatient,H2-PROV0020,DEPT013,95392,2021-04-04,2025-01-19
H2-ENC003122,HOSP020887,2025-12-04,Outpatient,H2-PROV0024,DEPT011,20132,2023-07-09,2021-11-29
H2-ENC003123,HOSP044080,2026-03-30,Outpatient,H2-PROV0017,DEPT004,60075,2021-11-11,2023-10-06
H2-ENC003124,HOSP012808,2021-06-11,Telemedicine,H2-PROV0006,DEPT015,60883,2023-10-20,2025-05-26
H2-ENC003125,HOSP046802,2022-03-20,Outpatient,H2-PROV0021,DEPT018,60966,2021-11-16,2020-09-22
H2-ENC003126,HOSP024974,2020-04-01,Telemedicine,H2-PROV0029,DEPT003,44467,2022-03-10,2024-11-26
H2-ENC003127,HOSP045089,2021-04-20,Outpatient,H2-PROV0001,DEPT014,10661,2026-01-19,2022-05-31
H2-ENC003128,HOSP041548,2024-10-11,Telemedicine,H2-PROV0003,DEPT013,25546,2022-09-26,2023-12-09
H2-ENC003129,HOSP028526,2024-02-29,Outpatient,H2-PROV0007,DEPT008,61147,2022-10-03,2025-06-26
H2-ENC003130,HOSP034794,2022-11-09,Outpatient,H2-PROV0023,DEPT017,83452,2020-04-26,2026-06-11
H2-ENC003131,HOSP019573,2020-06-12,Emergency,H2-PROV0017,DEPT005,70688,2023-12-22,2020-08-07
H2-ENC003132,HOSP006255,2022-03-10,Telemedicine,H2-PROV0020,DEPT019,21536,2022-10-05,2024-06-10
H2-ENC003133,HOSP022550,2024-01-19,Inpatient,H2-PROV0019,DEPT003,47288,2026-01-23,2023-09-18
H2-ENC003134,HOSP021911,2023-07-15,Outpatient,H2-PROV0004,DEPT017,67423,2021-11-18,2026-04-16
H2-ENC003135,HOSP014846,2022-10-16,Emergency,H2-PROV0022,DEPT009,15804,2023-02-27,2024-03-22
H2-ENC003136,HOSP049402,2024-01-30,Outpatient,H2-PROV0001,DEPT007,97491,2026-08-16,2024-10-29
H2-ENC003137,HOSP025644,2026-06-23,Telemedicine,H2-PROV0017,DEPT008,71259,2025-03-22,2020-08-18
H2-ENC003138,HOSP042576,2020-10-17,Routine Checkup,H2-PROV0018,DEPT008,94775,2021-04-14,2025-07-19
H2-ENC003139,HOSP026757,2020-10-31,Emergency,H2-PROV0017,DEPT012,93755,2022-10-11,2026-07-14
H2-ENC003140,HOSP032731,2024-01-15,Telemedicine,H2-PROV0001,DEPT002,31081,2020-11-10,2020-05-14
H2-ENC003141,HOSP037854,2021-11-26,Inpatient,H2-PROV0024,DEPT012,79355,2020-07-12,2025-02-14
H2-ENC003142,HOSP041760,2020-02-06,Telemedicine,H2-PROV0011,DEPT003,12273,2025-05-31,2024-12-10
H2-ENC003143,HOSP043671,2024-05-30,Emergency,H2-PROV0008,DEPT018,27204,2026-07-01,2020-09-03
H2-ENC003144,HOSP021446,2021-05-27,Routine Checkup,H2-PROV0022,DEPT003,67844,2022-07-19,2026-04-15
H2-ENC003145,HOSP011283,2025-07-08,Routine Checkup,H2-PROV0006,DEPT014,86041,2025-12-25,2020-08-31
H2-ENC003146,HOSP003116,2025-10-21,Routine Checkup,H2-PROV0002,DEPT006,96629,2022-02-08,2024-06-22
H2-ENC003147,HOSP008925,2025-01-15,Emergency,H2-PROV0023,DEPT018,84958,2020-06-17,2026-06-10
H2-ENC003148,HOSP004726,2021-04-29,Emergency,H2-PROV0014,DEPT013,67757,2025-05-21,2024-10-23
H2-ENC003149,HOSP049899,2024-09-29,Routine Checkup,H2-PROV0029,DEPT011,99710,2022-03-12,2025-01-02
H2-ENC003150,HOSP039388,2020-01-15,Outpatient,H2-PROV0004,DEPT011,65857,2020-05-11,2022-04-09
H2-ENC003151,HOSP044786,2025-10-26,Routine Checkup,H2-PROV0015,DEPT018,34956,2020-08-12,2026-03-01
H2-ENC003152,HOSP004201,2021-04-21,Outpatient,H2-PROV0019,DEPT017,55805,2025-03-23,2021-09-01
H2-ENC003153,HOSP038603,2025-12-04,Inpatient,H2-PROV0014,DEPT003,91235,2023-05-27,2020-09-19
H2-ENC003154,HOSP002848,2020-03-11,Emergency,H2-PROV0002,DEPT001,80998,2023-06-12,2026-04-29
H2-ENC003155,HOSP019297,2022-05-01,Emergency,H2-PROV0027,DEPT004,43458,2022-01-04,2025-08-07
H2-ENC003156,HOSP020015,2022-08-08,Emergency,H2-PROV0016,DEPT011,80441,2024-05-31,2023-07-06
H2-ENC003157,HOSP003917,2020-04-02,Routine Checkup,H2-PROV0009,DEPT009,67519,2022-11-16,2026-05-29
H2-ENC003158,HOSP030394,2023-09-29,Inpatient,H2-PROV0024,DEPT012,75720,2024-11-22,2021-08-02
H2-ENC003159,HOSP025488,2021-09-23,Inpatient,H2-PROV0016,DEPT004,33580,2023-09-24,2022-08-19
H2-ENC003160,HOSP049640,2023-01-04,Outpatient,H2-PROV0022,DEPT015,75794,2020-05-02,2026-03-05
H2-ENC003161,HOSP005459,2026-05-27,Outpatient,H2-PROV0013,DEPT017,53313,2020-08-16,2023-04-09
H2-ENC003162,HOSP042331,2022-06-03,Emergency,H2-PROV0008,DEPT014,75802,2023-05-13,2020-05-12
H2-ENC003163,HOSP021393,2020-01-14,Outpatient,H2-PROV0003,DEPT001,19132,2025-01-07,2021-09-09
H2-ENC003164,HOSP009349,2026-04-20,Inpatient,H2-PROV0014,DEPT013,61402,2023-08-11,2024-05-12
H2-ENC003165,HOSP045955,2024-09-03,Emergency,H2-PROV0023,DEPT003,12259,2026-08-17,2022-11-12
H2-ENC003166,HOSP008388,2021-09-23,Outpatient,H2-PROV0006,DEPT016,73760,2024-09-01,2024-01-20
H2-ENC003167,HOSP001325,2022-02-07,Telemedicine,H2-PROV0025,DEPT005,74366,2021-01-11,2024-05-20
H2-ENC003168,HOSP036578,2024-07-31,Telemedicine,H2-PROV0016,DEPT016,60811,2020-11-24,2026-03-12
H2-ENC003169,HOSP005116,2020-06-17,Telemedicine,H2-PROV0014,DEPT004,28350,2026-07-05,2021-12-03
H2-ENC003170,HOSP040692,2023-03-03,Outpatient,H2-PROV0030,DEPT019,58375,2024-05-18,2021-08-03
H2-ENC003171,HOSP036540,2025-09-05,Emergency,H2-PROV0013,DEPT004,65966,2026-02-21,2022-06-09
H2-ENC003172,HOSP048249,2024-10-18,Outpatient,H2-PROV0030,DEPT001,76394,2022-06-27,2022-06-01
H2-ENC003173,HOSP042178,2021-08-19,Outpatient,H2-PROV0011,DEPT003,31649,2023-02-26,2024-06-11
H2-ENC003174,HOSP039622,2025-01-19,Outpatient,H2-PROV0028,DEPT001,94872,2020-02-26,2022-07-15
H2-ENC003175,HOSP044322,2023-04-02,Telemedicine,H2-PROV0015,DEPT011,33811,2022-09-24,2026-07-31
H2-ENC003176,HOSP038698,2020-11-01,Inpatient,H2-PROV0026,DEPT007,94775,2020-10-16,2020-01-23
H2-ENC003177,HOSP039339,2023-12-26,Inpatient,H2-PROV0006,DEPT020,43631,2020-10-07,2024-04-27
H2-ENC003178,HOSP042263,2024-11-19,Routine Checkup,H2-PROV0017,DEPT013,48096,2021-12-16,2026-02-24
H2-ENC003179,HOSP035372,2024-07-03,Emergency,H2-PROV0024,DEPT005,24795,2021-04-08,2026-06-28
H2-ENC003180,HOSP013282,2023-05-06,Outpatient,H2-PROV0024,DEPT003,21172,2026-01-03,2022-08-14
H2-ENC003181,HOSP020184,2024-08-25,Emergency,H2-PROV0029,DEPT013,27385,2020-03-25,2026-04-10
H2-ENC003182,HOSP024729,2026-03-26,Inpatient,H2-PROV0023,DEPT010,85154,2021-03-16,2020-10-05
H2-ENC003183,HOSP021687,2025-01-11,Telemedicine,H2-PROV0021,DEPT015,76194,2022-06-15,2025-07-22
H2-ENC003184,HOSP039488,2022-01-10,Inpatient,H2-PROV0028,DEPT020,23815,2021-07-26,2026-01-20
H2-ENC003185,HOSP016870,2020-04-21,Emergency,H2-PROV0029,DEPT002,71325,2026-04-12,2024-06-14
H2-ENC003186,HOSP046654,2025-09-12,Telemedicine,H2-PROV0014,DEPT017,41594,2026-04-08,2024-04-16
H2-ENC003187,HOSP039781,2022-08-05,Inpatient,H2-PROV0021,DEPT001,25661,2023-11-27,2025-01-03
H2-ENC003188,HOSP027251,2021-04-05,Inpatient,H2-PROV0007,DEPT005,31071,2022-05-22,2023-04-05
H2-ENC003189,HOSP012876,2020-12-11,Telemedicine,H2-PROV0011,DEPT003,71691,2023-07-27,2026-03-16
H2-ENC003190,HOSP003680,2022-01-22,Outpatient,H2-PROV0004,DEPT018,45591,2024-05-28,2024-08-05
H2-ENC003191,HOSP032005,2023-10-09,Telemedicine,H2-PROV0022,DEPT007,81495,2024-09-17,2023-01-26
H2-ENC003192,HOSP049553,2023-05-24,Inpatient,H2-PROV0027,DEPT009,92708,2022-02-17,2023-01-06
H2-ENC003193,HOSP035926,2024-02-20,Outpatient,H2-PROV0024,DEPT015,37015,2020-02-07,2025-07-09
H2-ENC003194,HOSP003123,2021-01-24,Emergency,H2-PROV0007,DEPT019,86571,2021-08-24,2021-03-22
H2-ENC003195,HOSP029317,2024-03-06,Emergency,H2-PROV0026,DEPT010,31081,2024-06-02,2026-06-27
H2-ENC003196,HOSP004837,2023-06-25,Inpatient,H2-PROV0027,DEPT009,49292,2021-05-18,2025-06-28
H2-ENC003197,HOSP012899,2022-09-02,Routine Checkup,H2-PROV0002,DEPT011,22696,2024-02-21,2023-11-16
H2-ENC003198,HOSP039037,2022-02-05,Inpatient,H2-PROV0003,DEPT014,62807,2026-06-27,2020-04-19
H2-ENC003199,HOSP001047,2022-11-27,Telemedicine,H2-PROV0015,DEPT020,60015,2026-03-14,2021-03-07
H2-ENC003200,HOSP007140,2020-01-03,Emergency,H2-PROV0021,DEPT010,82062,2026-03-15,2023-08-23
H2-ENC003201,HOSP024720,2021-07-09,Outpatient,H2-PROV0001,DEPT017,50462,2024-08-17,2022-05-28
H2-ENC003202,HOSP042342,2022-07-26,Telemedicine,H2-PROV0009,DEPT002,15787,2021-01-09,2025-10-17
H2-ENC003203,HOSP028057,2022-02-14,Telemedicine,H2-PROV0026,DEPT007,93175,2022-08-16,2026-02-07
H2-ENC003204,HOSP016260,2020-09-27,Telemedicine,H2-PROV0001,DEPT019,26828,2021-12-23,2024-02-29
H2-ENC003205,HOSP046549,2023-05-17,Routine Checkup,H2-PROV0024,DEPT010,99557,2026-02-18,2020-10-31
H2-ENC003206,HOSP006137,2024-01-13,Outpatient,H2-PROV0024,DEPT012,11029,2020-11-24,2023-12-21
H2-ENC003207,HOSP002991,2020-08-18,Inpatient,H2-PROV0003,DEPT009,69344,2023-11-27,2025-07-27
H2-ENC003208,HOSP015906,2024-04-30,Emergency,H2-PROV0014,DEPT016,80461,2024-01-13,2020-01-23
H2-ENC003209,HOSP014309,2023-12-22,Inpatient,H2-PROV0019,DEPT013,93175,2021-05-17,2020-12-08
H2-ENC003210,HOSP011527,2024-10-11,Telemedicine,H2-PROV0006,DEPT017,51947,2020-12-22,2023-10-23
H2-ENC003211,HOSP016062,2020-01-17,Outpatient,H2-PROV0008,DEPT008,60883,2020-10-04,2020-04-13
H2-ENC003212,HOSP008378,2025-03-04,Emergency,H2-PROV0001,DEPT016,57109,2020-05-15,2021-10-01
H2-ENC003213,HOSP038160,2024-06-22,Inpatient,H2-PROV0010,DEPT005,34760,2020-03-12,2024-01-08
H2-ENC003214,HOSP042139,2022-12-02,Inpatient,H2-PROV0005,DEPT011,80441,2021-01-06,2025-06-09
H2-ENC003215,HOSP006677,2025-06-28,Routine Checkup,H2-PROV0009,DEPT013,80451,2024-02-23,2023-01-23
H2-ENC003216,HOSP001971,2020-05-27,Inpatient,H2-PROV0027,DEPT010,92652,2021-10-17,2025-03-12
H2-ENC003217,HOSP021674,2020-03-26,Routine Checkup,H2-PROV0025,DEPT007,66383,2025-02-16,2022-03-23
H2-ENC003218,HOSP025437,2025-02-12,Outpatient,H2-PROV0016,DEPT018,65420,2022-03-14,2022-02-21
H2-ENC003219,HOSP022506,2024-12-06,Inpatient,H2-PROV0026,DEPT019,39256,2021-01-21,2020-02-28
H2-ENC003220,HOSP033449,2024-10-31,Routine Checkup,H2-PROV0001,DEPT003,93733,2021-11-13,2021-02-05
H2-ENC003221,HOSP000257,2021-01-17,Emergency,H2-PROV0004,DEPT016,16973,2023-04-05,2020-03-09
H2-ENC003222,HOSP049153,2023-11-09,Telemedicine,H2-PROV0023,DEPT018,47821,2025-01-20,2022-08-29
H2-ENC003223,HOSP010128,2022-04-11,Telemedicine,H2-PROV0017,DEPT007,81768,2026-07-29,2022-07-02
H2-ENC003224,HOSP023639,2025-01-09,Emergency,H2-PROV0011,DEPT004,75884,2021-03-07,2021-02-03
H2-ENC003225,HOSP023382,2024-04-07,Emergency,H2-PROV0014,DEPT011,69052,2021-09-25,2020-07-07
H2-ENC003226,HOSP005130,2026-08-31,Outpatient,H2-PROV0001,DEPT017,90497,2022-08-14,2020-06-11
H2-ENC003227,HOSP048206,2024-06-02,Inpatient,H2-PROV0029,DEPT004,27527,2023-03-09,2023-11-09
H2-ENC003228,HOSP013412,2026-09-18,Routine Checkup,H2-PROV0015,DEPT013,62879,2025-07-03,2020-05-22
H2-ENC003229,HOSP028810,2023-02-27,Telemedicine,H2-PROV0015,DEPT007,80121,2023-10-07,2023-05-29
H2-ENC003230,HOSP010752,2024-08-26,Telemedicine,H2-PROV0011,DEPT011,72545,2025-10-28,2022-02-14
H2-ENC003231,HOSP004624,2021-07-06,Inpatient,H2-PROV0010,DEPT007,47288,2025-07-05,2022-05-08
H2-ENC003232,HOSP018334,2025-01-03,Emergency,H2-PROV0022,DEPT015,97033,2021-06-07,2021-09-03
H2-ENC003233,HOSP039996,2023-12-10,Telemedicine,H2-PROV0012,DEPT013,66383,2025-12-11,2025-05-07
H2-ENC003234,HOSP021555,2020-09-06,Inpatient,H2-PROV0020,DEPT009,47378,2023-07-27,2021-12-19
H2-ENC003235,HOSP031651,2021-06-21,Routine Checkup,H2-PROV0028,DEPT008,12747,2022-07-25,2025-09-13
H2-ENC003236,HOSP048959,2022-10-03,Telemedicine,H2-PROV0019,DEPT009,82533,2026-08-10,2021-09-27
H2-ENC003237,HOSP002403,2020-10-05,Emergency,H2-PROV0029,DEPT017,65795,2025-09-21,2023-01-05
H2-ENC003238,HOSP036013,2024-09-17,Telemedicine,H2-PROV0018,DEPT001,57174,2024-05-20,2025-02-15
H2-ENC003239,HOSP031905,2023-09-06,Emergency,H2-PROV0002,DEPT009,94909,2022-05-09,2024-04-28
H2-ENC003240,HOSP041748,2020-10-30,Routine Checkup,H2-PROV0024,DEPT015,78904,2022-11-01,2026-02-25
H2-ENC003241,HOSP009182,2024-12-18,Telemedicine,H2-PROV0012,DEPT007,51571,2020-10-15,2022-05-05
H2-ENC003242,HOSP030580,2022-04-18,Inpatient,H2-PROV0030,DEPT009,71697,2023-09-29,2025-09-21
H2-ENC003243,HOSP042774,2021-01-27,Inpatient,H2-PROV0005,DEPT015,79250,2021-08-02,2022-08-16
H2-ENC003244,HOSP044187,2020-09-02,Routine Checkup,H2-PROV0010,DEPT008,18148,2025-09-19,2022-03-02
H2-ENC003245,HOSP006239,2022-07-11,Telemedicine,H2-PROV0003,DEPT012,37042,2022-08-21,2021-12-31
H2-ENC003246,HOSP000227,2020-10-06,Telemedicine,H2-PROV0027,DEPT002,19096,2026-08-04,2023-03-23
H2-ENC003247,HOSP018344,2026-09-14,Inpatient,H2-PROV0019,DEPT020,85873,2020-03-08,2022-03-05
H2-ENC003248,HOSP037752,2025-08-14,Outpatient,H2-PROV0025,DEPT016,66620,2022-05-13,2022-09-19
H2-ENC003249,HOSP049086,2026-05-05,Routine Checkup,H2-PROV0024,DEPT017,52359,2025-10-15,2026-07-03
H2-ENC003250,HOSP048088,2026-08-15,Telemedicine,H2-PROV0008,DEPT008,33433,2022-03-16,2022-04-09
H2-ENC003251,HOSP025452,2026-01-21,Inpatient,H2-PROV0019,DEPT009,68535,2023-12-25,2021-01-22
H2-ENC003252,HOSP022332,2021-06-22,Inpatient,H2-PROV0014,DEPT020,51278,2025-07-25,2022-04-30
H2-ENC003253,HOSP038867,2020-07-24,Outpatient,H2-PROV0017,DEPT014,33961,2022-05-31,2025-12-20
H2-ENC003254,HOSP027267,2024-08-25,Telemedicine,H2-PROV0010,DEPT004,63714,2024-11-10,2020-03-12
H2-ENC003255,HOSP040624,2023-11-24,Emergency,H2-PROV0002,DEPT019,78117,2022-01-30,2021-12-31
H2-ENC003256,HOSP037445,2026-09-08,Telemedicine,H2-PROV0014,DEPT005,24440,2024-09-26,2025-04-17
H2-ENC003257,HOSP007198,2025-10-08,Telemedicine,H2-PROV0023,DEPT007,34845,2021-01-08,2025-06-07
H2-ENC003258,HOSP027255,2022-08-04,Inpatient,H2-PROV0028,DEPT002,93733,2026-03-02,2022-11-18
H2-ENC003259,HOSP006291,2026-01-21,Inpatient,H2-PROV0012,DEPT013,96652,2023-07-18,2022-03-08
H2-ENC003260,HOSP042406,2022-12-19,Inpatient,H2-PROV0023,DEPT008,86796,2022-06-13,2021-06-30
H2-ENC003261,HOSP029537,2022-10-03,Routine Checkup,H2-PROV0018,DEPT006,11771,2024-01-19,2026-06-23
H2-ENC003262,HOSP038174,2022-06-08,Outpatient,H2-PROV0009,DEPT017,64270,2020-12-27,2023-12-25
H2-ENC003263,HOSP045973,2022-05-05,Routine Checkup,H2-PROV0019,DEPT001,92652,2023-06-10,2023-05-07
H2-ENC003264,HOSP006757,2020-02-24,Telemedicine,H2-PROV0007,DEPT009,37425,2023-03-02,2026-07-09
H2-ENC003265,HOSP008933,2022-03-06,Outpatient,H2-PROV0006,DEPT012,95392,2020-11-13,2026-02-28
H2-ENC003266,HOSP017497,2023-07-27,Emergency,H2-PROV0022,DEPT009,18614,2025-04-13,2022-05-17
H2-ENC003267,HOSP034893,2020-10-27,Emergency,H2-PROV0019,DEPT003,54938,2021-05-08,2024-02-22
H2-ENC003268,HOSP009779,2026-07-19,Emergency,H2-PROV0009,DEPT018,71595,2020-11-11,2024-01-02
H2-ENC003269,HOSP018580,2024-03-30,Outpatient,H2-PROV0005,DEPT003,64075,2021-01-22,2022-01-15
H2-ENC003270,HOSP006539,2020-11-30,Emergency,H2-PROV0022,DEPT018,18752,2021-03-03,2020-03-30
H2-ENC003271,HOSP033661,2026-08-30,Emergency,H2-PROV0017,DEPT010,63721,2023-09-23,2021-02-11
H2-ENC003272,HOSP048356,2022-01-21,Inpatient,H2-PROV0027,DEPT014,24028,2022-07-02,2021-07-27
H2-ENC003273,HOSP035559,2021-12-29,Routine Checkup,H2-PROV0026,DEPT020,17846,2025-08-16,2022-11-25
H2-ENC003274,HOSP045407,2021-03-30,Inpatient,H2-PROV0030,DEPT018,31081,2020-06-13,2020-10-06
H2-ENC003275,HOSP012306,2025-04-04,Routine Checkup,H2-PROV0013,DEPT014,33654,2021-11-11,2021-09-05
H2-ENC003276,HOSP047194,2025-11-25,Inpatient,H2-PROV0009,DEPT017,60196,2020-06-01,2020-12-30
H2-ENC003277,HOSP014092,2021-09-07,Routine Checkup,H2-PROV0022,DEPT011,12415,2023-04-08,2023-07-07
H2-ENC003278,HOSP025342,2020-01-30,Outpatient,H2-PROV0005,DEPT020,93650,2022-12-16,2021-10-25
H2-ENC003279,HOSP047912,2025-02-03,Outpatient,H2-PROV0008,DEPT013,60966,2024-01-18,2023-05-20
H2-ENC003280,HOSP039998,2025-04-06,Telemedicine,H2-PROV0007,DEPT008,16146,2024-07-03,2026-01-25
H2-ENC003281,HOSP003316,2025-06-23,Telemedicine,H2-PROV0030,DEPT016,73852,2021-07-11,2021-01-20
H2-ENC003282,HOSP028884,2025-09-18,Inpatient,H2-PROV0026,DEPT016,73843,2021-04-19,2024-10-11
H2-ENC003283,HOSP005465,2021-02-03,Telemedicine,H2-PROV0025,DEPT002,55805,2021-10-05,2020-04-09
H2-ENC003284,HOSP042121,2024-10-01,Inpatient,H2-PROV0007,DEPT006,37404,2020-04-06,2026-09-14
H2-ENC003285,HOSP038901,2020-12-12,Emergency,H2-PROV0019,DEPT009,41276,2021-09-25,2022-05-08
H2-ENC003286,HOSP037033,2020-08-10,Routine Checkup,H2-PROV0028,DEPT012,69344,2023-10-23,2023-05-22
H2-ENC003287,HOSP007497,2021-07-26,Inpatient,H2-PROV0024,DEPT001,75287,2020-01-29,2024-12-26
H2-ENC003288,HOSP020942,2023-07-03,Routine Checkup,H2-PROV0028,DEPT004,93650,2022-03-25,2021-04-03
H2-ENC003289,HOSP042880,2021-09-13,Inpatient,H2-PROV0009,DEPT013,79266,2026-05-06,2021-03-17
H2-ENC003290,HOSP024850,2026-08-17,Telemedicine,H2-PROV0027,DEPT013,47288,2020-01-05,2020-08-07
H2-ENC003291,HOSP011860,2022-04-09,Emergency,H2-PROV0026,DEPT006,46668,2025-04-06,2025-11-30
H2-ENC003292,HOSP035694,2025-03-10,Routine Checkup,H2-PROV0028,DEPT010,73686,2025-11-27,2022-05-11
H2-ENC003293,HOSP007955,2022-12-18,Outpatient,H2-PROV0007,DEPT014,73742,2025-03-21,2021-10-21
H2-ENC003294,HOSP023136,2026-05-08,Emergency,H2-PROV0008,DEPT019,92185,2023-01-05,2024-06-13
H2-ENC003295,HOSP002539,2023-03-23,Routine Checkup,H2-PROV0028,DEPT017,12355,2021-12-18,2023-04-16
H2-ENC003296,HOSP024422,2025-05-21,Telemedicine,H2-PROV0026,DEPT011,62812,2020-11-22,2025-11-19
H2-ENC003297,HOSP029349,2026-04-08,Emergency,H2-PROV0003,DEPT003,58443,2020-05-22,2022-10-08
H2-ENC003298,HOSP004930,2021-03-14,Inpatient,H2-PROV0005,DEPT002,74366,2021-12-05,2021-07-21
H2-ENC003299,HOSP001870,2026-03-31,Outpatient,H2-PROV0003,DEPT002,31441,2024-08-21,2025-04-11
H2-ENC003300,HOSP005534,2024-06-28,Routine Checkup,H2-PROV0030,DEPT015,25661,2024-09-13,2020-09-06
H2-ENC003301,HOSP038840,2021-10-15,Outpatient,H2-PROV0007,DEPT020,96411,2020-08-18,2021-04-15
H2-ENC003302,HOSP032994,2026-09-27,Inpatient,H2-PROV0008,DEPT014,45202,2022-08-10,2022-04-13
H2-ENC003303,HOSP007342,2023-01-23,Routine Checkup,H2-PROV0018,DEPT007,64532,2020-01-01,2022-04-17
H2-ENC003304,HOSP034035,2025-02-04,Routine Checkup,H2-PROV0013,DEPT005,64840,2024-07-03,2025-01-02
H2-ENC003305,HOSP033342,2023-10-13,Telemedicine,H2-PROV0024,DEPT014,79248,2025-01-16,2022-01-12
H2-ENC003306,HOSP003629,2022-11-03,Routine Checkup,H2-PROV0017,DEPT018,93175,2023-11-23,2021-10-16
H2-ENC003307,HOSP020255,2024-02-14,Inpatient,H2-PROV0017,DEPT009,82717,2025-09-07,2020-08-19
H2-ENC003308,HOSP029647,2023-04-07,Routine Checkup,H2-PROV0007,DEPT010,81825,2022-07-22,2024-08-01
H2-ENC003309,HOSP042892,2022-03-16,Outpatient,H2-PROV0029,DEPT019,28518,2021-03-27,2020-06-28
H2-ENC003310,HOSP008976,2022-02-11,Telemedicine,H2-PROV0018,DEPT009,68543,2024-04-07,2021-06-21
H2-ENC003311,HOSP030856,2022-01-04,Telemedicine,H2-PROV0014,DEPT008,12415,2020-11-18,2024-06-18
H2-ENC003312,HOSP023928,2020-09-28,Routine Checkup,H2-PROV0009,DEPT017,17106,2024-07-04,2020-12-28
H2-ENC003313,HOSP001341,2022-01-22,Telemedicine,H2-PROV0027,DEPT010,51571,2024-11-06,2024-01-08
H2-ENC003314,HOSP049177,2024-06-19,Inpatient,H2-PROV0019,DEPT011,93079,2022-12-02,2024-04-28
H2-ENC003315,HOSP029022,2024-02-12,Routine Checkup,H2-PROV0024,DEPT013,68587,2022-04-27,2022-12-07
H2-ENC003316,HOSP039059,2026-03-22,Outpatient,H2-PROV0023,DEPT014,77833,2023-09-21,2024-12-10
H2-ENC003317,HOSP007621,2022-09-04,Routine Checkup,H2-PROV0021,DEPT010,16020,2021-10-31,2024-08-15
H2-ENC003318,HOSP028793,2023-10-10,Inpatient,H2-PROV0016,DEPT004,75772,2022-03-05,2025-12-03
H2-ENC003319,HOSP041872,2024-11-02,Telemedicine,H2-PROV0016,DEPT018,45009,2020-11-12,2026-02-01
H2-ENC003320,HOSP021686,2020-09-18,Inpatient,H2-PROV0014,DEPT013,98313,2026-09-15,2023-01-24
H2-ENC003321,HOSP039102,2022-12-13,Telemedicine,H2-PROV0024,DEPT014,76686,2023-02-06,2020-05-16
H2-ENC003322,HOSP020668,2026-08-30,Telemedicine,H2-PROV0013,DEPT002,74366,2025-10-17,2020-03-01
H2-ENC003323,HOSP047026,2020-09-07,Emergency,H2-PROV0019,DEPT017,99710,2020-07-14,2021-10-12
H2-ENC003324,HOSP033814,2020-09-30,Inpatient,H2-PROV0027,DEPT004,24383,2025-05-04,2024-06-13
H2-ENC003325,HOSP030196,2022-08-15,Emergency,H2-PROV0021,DEPT015,32087,2026-05-01,2020-08-01
H2-ENC003326,HOSP023152,2021-09-28,Outpatient,H2-PROV0027,DEPT005,63341,2025-03-25,2021-01-18
H2-ENC003327,HOSP010142,2022-10-16,Routine Checkup,H2-PROV0002,DEPT008,91746,2020-02-14,2023-05-24
H2-ENC003328,HOSP025523,2026-04-01,Emergency,H2-PROV0012,DEPT001,99036,2023-11-01,2026-05-06
H2-ENC003329,HOSP033793,2022-04-16,Telemedicine,H2-PROV0024,DEPT020,96789,2022-09-02,2024-05-12
H2-ENC003330,HOSP033972,2023-02-03,Routine Checkup,H2-PROV0015,DEPT007,61429,2026-08-04,2021-09-24
H2-ENC003331,HOSP018486,2023-01-12,Outpatient,H2-PROV0008,DEPT002,79722,2022-09-09,2024-12-14
H2-ENC003332,HOSP049002,2022-05-13,Routine Checkup,H2-PROV0015,DEPT016,49502,2022-05-23,2026-03-24
H2-ENC003333,HOSP010672,2025-09-26,Telemedicine,H2-PROV0006,DEPT013,24383,2025-02-20,2020-05-18
H2-ENC003334,HOSP048766,2022-01-09,Outpatient,H2-PROV0006,DEPT019,31441,2021-04-27,2022-09-13
H2-ENC003335,HOSP036661,2025-11-22,Outpatient,H2-PROV0028,DEPT010,45009,2023-04-16,2023-08-28
H2-ENC003336,HOSP049456,2024-02-09,Routine Checkup,H2-PROV0010,DEPT009,48754,2024-08-29,2021-07-09
H2-ENC003337,HOSP018688,2021-11-27,Outpatient,H2-PROV0017,DEPT019,64423,2021-03-28,2022-08-14
H2-ENC003338,HOSP044957,2021-07-09,Inpatient,H2-PROV0013,DEPT003,75720,2025-07-28,2024-01-03
H2-ENC003339,HOSP030957,2025-11-29,Inpatient,H2-PROV0021,DEPT010,92091,2024-10-30,2024-07-05
H2-ENC003340,HOSP039257,2021-05-18,Telemedicine,H2-PROV0003,DEPT005,12273,2021-11-30,2025-08-12
H2-ENC003341,HOSP019857,2026-09-07,Telemedicine,H2-PROV0027,DEPT015,69288,2021-12-28,2022-10-07
H2-ENC003342,HOSP024329,2021-01-06,Inpatient,H2-PROV0008,DEPT007,34114,2023-02-09,2025-04-24
H2-ENC003343,HOSP022292,2021-06-15,Telemedicine,H2-PROV0021,DEPT003,74701,2026-03-24,2026-05-17
H2-ENC003344,HOSP016869,2020-10-13,Telemedicine,H2-PROV0007,DEPT019,13484,2021-04-10,2026-01-17
H2-ENC003345,HOSP007706,2026-05-05,Telemedicine,H2-PROV0013,DEPT007,51947,2024-07-29,2021-07-30
H2-ENC003346,HOSP020535,2021-05-25,Outpatient,H2-PROV0008,DEPT012,61123,2023-06-04,2025-10-02
H2-ENC003347,HOSP014137,2021-12-23,Routine Checkup,H2-PROV0006,DEPT007,34151,2024-06-09,2024-11-05
H2-ENC003348,HOSP026107,2023-06-18,Routine Checkup,H2-PROV0019,DEPT015,46677,2021-05-10,2024-05-26
H2-ENC003349,HOSP009685,2026-04-03,Inpatient,H2-PROV0008,DEPT019,73021,2025-07-09,2024-04-10
H2-ENC003350,HOSP016671,2026-10-02,Outpatient,H2-PROV0016,DEPT002,81065,2025-08-01,2020-07-23
H2-ENC003351,HOSP045360,2020-07-12,Routine Checkup,H2-PROV0006,DEPT001,10160,2026-06-20,2022-10-16
H2-ENC003352,HOSP049487,2024-05-13,Routine Checkup,H2-PROV0030,DEPT001,32615,2020-08-31,2025-07-13
H2-ENC003353,HOSP016955,2025-02-19,Routine Checkup,H2-PROV0008,DEPT017,18108,2024-03-09,2021-11-01
H2-ENC003354,HOSP040970,2020-10-27,Emergency,H2-PROV0001,DEPT014,47580,2020-03-20,2021-12-07
H2-ENC003355,HOSP036161,2021-03-30,Routine Checkup,H2-PROV0017,DEPT016,17741,2021-05-07,2022-06-02
H2-ENC003356,HOSP001018,2025-09-26,Outpatient,H2-PROV0024,DEPT013,70531,2023-02-11,2026-08-05
H2-ENC003357,HOSP019833,2020-02-07,Routine Checkup,H2-PROV0027,DEPT018,15486,2026-03-15,2022-09-12
H2-ENC003358,HOSP023614,2022-01-24,Telemedicine,H2-PROV0005,DEPT012,75599,2025-08-05,2020-06-02
H2-ENC003359,HOSP047905,2023-05-10,Emergency,H2-PROV0025,DEPT005,79425,2024-06-28,2022-07-05
H2-ENC003360,HOSP049219,2026-05-22,Emergency,H2-PROV0021,DEPT005,42322,2026-05-05,2020-06-25
H2-ENC003361,HOSP038902,2026-01-07,Routine Checkup,H2-PROV0029,DEPT009,70702,2025-04-22,2025-05-12
H2-ENC003362,HOSP047191,2022-09-18,Outpatient,H2-PROV0016,DEPT019,93015,2021-01-09,2024-11-04
H2-ENC003363,HOSP003641,2024-09-20,Emergency,H2-PROV0030,DEPT018,75794,2020-09-13,2023-04-04
H2-ENC003364,HOSP044876,2023-06-03,Telemedicine,H2-PROV0018,DEPT012,61123,2024-02-21,2025-04-20
H2-ENC003365,HOSP019317,2021-09-13,Emergency,H2-PROV0018,DEPT011,67290,2023-08-26,2022-01-04
H2-ENC003366,HOSP041768,2023-09-25,Telemedicine,H2-PROV0006,DEPT006,74107,2023-11-19,2023-04-29
H2-ENC003367,HOSP023278,2020-07-10,Routine Checkup,H2-PROV0009,DEPT007,21297,2023-12-08,2023-06-03
H2-ENC003368,HOSP003924,2026-10-06,Outpatient,H2-PROV0025,DEPT014,48413,2021-07-07,2026-01-11
H2-ENC003369,HOSP004886,2022-08-06,Outpatient,H2-PROV0026,DEPT008,58265,2021-02-06,2021-11-14
H2-ENC003370,HOSP006541,2025-11-23,Inpatient,H2-PROV0030,DEPT009,35094,2025-07-03,2026-08-25
H2-ENC003371,HOSP000789,2024-05-26,Telemedicine,H2-PROV0010,DEPT012,15254,2022-03-02,2022-02-12
H2-ENC003372,HOSP004854,2022-09-28,Emergency,H2-PROV0023,DEPT003,40475,2024-06-28,2022-08-13
H2-ENC003373,HOSP027017,2024-02-28,Outpatient,H2-PROV0008,DEPT014,85043,2025-02-20,2020-11-16
H2-ENC003374,HOSP016335,2025-10-21,Telemedicine,H2-PROV0006,DEPT019,88824,2021-03-02,2022-11-05
H2-ENC003375,HOSP034904,2024-11-28,Telemedicine,H2-PROV0003,DEPT006,72220,2022-09-04,2023-07-10
H2-ENC003376,HOSP030336,2022-10-18,Routine Checkup,H2-PROV0002,DEPT016,96903,2024-11-20,2025-11-04
H2-ENC003377,HOSP007340,2022-05-27,Inpatient,H2-PROV0014,DEPT003,81742,2021-02-23,2022-06-18
H2-ENC003378,HOSP018567,2024-01-01,Routine Checkup,H2-PROV0027,DEPT010,64840,2024-10-11,2025-07-17
H2-ENC003379,HOSP034667,2023-05-12,Inpatient,H2-PROV0023,DEPT010,66033,2024-06-05,2021-07-01
H2-ENC003380,HOSP029555,2023-09-02,Routine Checkup,H2-PROV0011,DEPT008,90758,2022-02-19,2022-03-30
H2-ENC003381,HOSP006281,2026-06-12,Emergency,H2-PROV0029,DEPT019,91391,2025-07-18,2021-10-29
H2-ENC003382,HOSP042761,2025-01-22,Emergency,H2-PROV0007,DEPT015,26725,2020-12-30,2022-08-11
H2-ENC003383,HOSP034190,2022-01-28,Telemedicine,H2-PROV0027,DEPT018,79634,2023-08-28,2022-04-29
H2-ENC003384,HOSP031946,2023-02-25,Outpatient,H2-PROV0010,DEPT011,17352,2026-05-25,2025-12-15
H2-ENC003385,HOSP011451,2023-07-25,Emergency,H2-PROV0009,DEPT001,17106,2021-05-29,2025-06-11
H2-ENC003386,HOSP021582,2021-08-24,Emergency,H2-PROV0025,DEPT002,75884,2022-03-27,2023-09-28
H2-ENC003387,HOSP029849,2023-07-20,Outpatient,H2-PROV0018,DEPT009,33651,2024-05-26,2020-01-15
H2-ENC003388,HOSP038372,2026-05-28,Emergency,H2-PROV0008,DEPT003,41787,2025-10-01,2020-09-05
H2-ENC003389,HOSP020810,2024-02-18,Telemedicine,H2-PROV0024,DEPT011,68824,2023-06-03,2026-04-17
H2-ENC003390,HOSP022274,2024-01-15,Emergency,H2-PROV0001,DEPT014,23513,2022-12-24,2022-10-19
H2-ENC003391,HOSP044871,2021-12-13,Telemedicine,H2-PROV0003,DEPT015,64511,2023-01-25,2023-03-07
H2-ENC003392,HOSP030857,2026-07-30,Outpatient,H2-PROV0023,DEPT008,49379,2022-06-22,2025-11-06
H2-ENC003393,HOSP034599,2023-02-16,Outpatient,H2-PROV0009,DEPT007,12607,2026-01-30,2020-10-11
H2-ENC003394,HOSP005665,2020-12-06,Routine Checkup,H2-PROV0026,DEPT019,25335,2024-02-02,2021-10-22
H2-ENC003395,HOSP011563,2022-12-29,Routine Checkup,H2-PROV0027,DEPT015,18752,2024-05-04,2025-04-14
H2-ENC003396,HOSP038548,2020-03-27,Routine Checkup,H2-PROV0021,DEPT008,92652,2020-10-15,2021-01-19
H2-ENC003397,HOSP032855,2022-10-03,Telemedicine,H2-PROV0001,DEPT011,84413,2025-07-23,2024-02-20
H2-ENC003398,HOSP010922,2024-12-10,Telemedicine,H2-PROV0021,DEPT020,49292,2025-12-22,2026-08-31
H2-ENC003399,HOSP024390,2024-12-10,Routine Checkup,H2-PROV0013,DEPT011,42054,2025-12-09,2020-08-27
H2-ENC003400,HOSP020464,2026-01-24,Routine Checkup,H2-PROV0022,DEPT005,79298,2022-03-05,2024-08-14
H2-ENC003401,HOSP025148,2022-10-25,Inpatient,H2-PROV0027,DEPT001,76797,2025-11-15,2024-11-02
H2-ENC003402,HOSP040042,2026-07-29,Routine Checkup,H2-PROV0001,DEPT007,75302,2025-09-19,2026-01-13
H2-ENC003403,HOSP004548,2022-10-31,Inpatient,H2-PROV0025,DEPT006,12280,2025-03-29,2026-02-04
H2-ENC003404,HOSP004648,2023-01-24,Telemedicine,H2-PROV0013,DEPT008,12166,2024-07-06,2020-11-17
H2-ENC003405,HOSP027091,2021-03-21,Emergency,H2-PROV0013,DEPT002,30420,2020-10-04,2023-12-30
H2-ENC003406,HOSP028435,2023-04-16,Outpatient,H2-PROV0022,DEPT008,45073,2021-06-14,2022-04-28
H2-ENC003407,HOSP032077,2021-06-01,Routine Checkup,H2-PROV0002,DEPT017,90458,2024-03-24,2025-09-05
H2-ENC003408,HOSP004481,2023-06-13,Outpatient,H2-PROV0009,DEPT012,28166,2022-03-15,2025-12-21
H2-ENC003409,HOSP019830,2020-07-29,Outpatient,H2-PROV0010,DEPT009,66840,2021-01-25,2023-07-26
H2-ENC003410,HOSP001076,2024-08-23,Telemedicine,H2-PROV0021,DEPT012,25392,2026-01-09,2024-01-25
H2-ENC003411,HOSP008610,2020-02-26,Routine Checkup,H2-PROV0018,DEPT012,69052,2024-11-21,2023-07-27
H2-ENC003412,HOSP018274,2021-12-13,Emergency,H2-PROV0011,DEPT014,40402,2023-01-12,2020-12-15
H2-ENC003413,HOSP010089,2025-08-01,Inpatient,H2-PROV0019,DEPT019,27801,2023-07-12,2024-08-09
H2-ENC003414,HOSP035815,2020-09-24,Inpatient,H2-PROV0022,DEPT007,53504,2020-11-07,2026-03-20
H2-ENC003415,HOSP043183,2022-02-28,Outpatient,H2-PROV0010,DEPT004,16955,2021-03-06,2023-04-30
H2-ENC003416,HOSP047913,2025-02-05,Emergency,H2-PROV0009,DEPT006,40255,2025-10-02,2021-08-02
H2-ENC003417,HOSP042708,2024-06-20,Routine Checkup,H2-PROV0018,DEPT012,72365,2024-03-14,2026-04-20
H2-ENC003418,HOSP018527,2026-02-04,Inpatient,H2-PROV0019,DEPT014,77311,2026-04-28,2021-07-07
H2-ENC003419,HOSP003985,2023-01-12,Inpatient,H2-PROV0011,DEPT019,23047,2022-06-30,2020-09-27
H2-ENC003420,HOSP049897,2021-08-08,Outpatient,H2-PROV0030,DEPT007,48025,2025-01-29,2022-10-29
H2-ENC003421,HOSP030275,2025-03-26,Emergency,H2-PROV0009,DEPT008,35243,2026-07-30,2025-05-31
H2-ENC003422,HOSP026246,2022-04-02,Outpatient,H2-PROV0021,DEPT010,83452,2026-09-15,2021-02-17
H2-ENC003423,HOSP005112,2023-06-15,Inpatient,H2-PROV0005,DEPT014,28350,2025-03-02,2022-07-18
H2-ENC003424,HOSP037698,2023-01-11,Inpatient,H2-PROV0008,DEPT005,99799,2022-06-01,2022-10-14
H2-ENC003425,HOSP008041,2023-09-03,Inpatient,H2-PROV0008,DEPT007,29302,2025-07-14,2020-10-17
H2-ENC003426,HOSP049336,2022-08-25,Inpatient,H2-PROV0014,DEPT016,97491,2025-11-30,2024-08-18
H2-ENC003427,HOSP043347,2020-06-15,Routine Checkup,H2-PROV0004,DEPT017,34151,2025-03-31,2021-03-13
H2-ENC003428,HOSP049640,2020-05-08,Emergency,H2-PROV0009,DEPT009,70855,2021-09-19,2025-02-26
H2-ENC003429,HOSP005101,2025-06-21,Routine Checkup,H2-PROV0020,DEPT016,65668,2025-02-27,2021-07-11
H2-ENC003430,HOSP025681,2023-08-15,Inpatient,H2-PROV0017,DEPT019,29302,2020-09-23,2023-06-20
H2-ENC003431,HOSP045903,2024-05-08,Emergency,H2-PROV0020,DEPT019,11771,2020-09-07,2025-11-11
H2-ENC003432,HOSP015897,2026-03-18,Emergency,H2-PROV0007,DEPT002,61976,2020-04-05,2023-05-17
H2-ENC003433,HOSP030158,2025-06-24,Emergency,H2-PROV0007,DEPT001,16990,2025-02-26,2024-06-09
H2-ENC003434,HOSP015092,2024-03-14,Routine Checkup,H2-PROV0009,DEPT008,25152,2026-03-09,2024-05-27
H2-ENC003435,HOSP024664,2025-12-05,Inpatient,H2-PROV0030,DEPT018,20174,2023-08-28,2025-12-29
H2-ENC003436,HOSP021340,2022-03-05,Telemedicine,H2-PROV0018,DEPT017,79250,2022-07-05,2025-09-27
H2-ENC003437,HOSP029241,2021-05-19,Emergency,H2-PROV0007,DEPT007,45144,2022-06-27,2020-10-10
H2-ENC003438,HOSP020380,2025-12-11,Outpatient,H2-PROV0017,DEPT010,27647,2021-04-28,2020-09-27
H2-ENC003439,HOSP031801,2023-02-27,Outpatient,H2-PROV0014,DEPT010,37486,2025-02-10,2024-09-25
H2-ENC003440,HOSP030557,2020-04-23,Routine Checkup,H2-PROV0017,DEPT012,64811,2024-03-26,2022-08-16
H2-ENC003441,HOSP028425,2021-08-01,Telemedicine,H2-PROV0016,DEPT020,71812,2022-02-03,2021-10-21
H2-ENC003442,HOSP028267,2021-12-21,Telemedicine,H2-PROV0012,DEPT005,53504,2026-08-06,2022-08-07
H2-ENC003443,HOSP016790,2023-05-26,Routine Checkup,H2-PROV0003,DEPT011,28814,2023-11-04,2023-04-03
H2-ENC003444,HOSP017257,2022-01-14,Telemedicine,H2-PROV0023,DEPT006,28294,2026-10-03,2023-07-20
H2-ENC003445,HOSP003738,2022-03-25,Telemedicine,H2-PROV0016,DEPT009,80253,2024-09-17,2025-10-23
H2-ENC003446,HOSP049921,2025-06-25,Routine Checkup,H2-PROV0026,DEPT009,41787,2023-01-16,2020-03-31
H2-ENC003447,HOSP012251,2020-08-01,Outpatient,H2-PROV0003,DEPT008,75802,2025-11-03,2021-06-08
H2-ENC003448,HOSP045405,2021-12-28,Emergency,H2-PROV0029,DEPT013,97181,2021-10-10,2025-09-12
H2-ENC003449,HOSP024329,2020-05-11,Inpatient,H2-PROV0024,DEPT008,28138,2026-01-02,2025-08-18
H2-ENC003450,HOSP026861,2022-01-05,Inpatient,H2-PROV0025,DEPT007,65343,2020-12-13,2022-04-24
H2-ENC003451,HOSP020555,2020-03-22,Outpatient,H2-PROV0007,DEPT010,73742,2021-10-20,2022-10-23
H2-ENC003452,HOSP034988,2022-02-07,Telemedicine,H2-PROV0013,DEPT001,54599,2022-10-19,2023-06-21
H2-ENC003453,HOSP035242,2025-05-01,Telemedicine,H2-PROV0015,DEPT008,65795,2020-04-04,2021-04-19
H2-ENC003454,HOSP031709,2025-03-13,Emergency,H2-PROV0006,DEPT012,75884,2024-04-19,2021-09-02
H2-ENC003455,HOSP016591,2025-03-20,Inpatient,H2-PROV0029,DEPT018,93323,2024-12-01,2021-10-03
H2-ENC003456,HOSP036507,2023-08-24,Emergency,H2-PROV0014,DEPT017,84212,2025-09-29,2022-07-27
H2-ENC003457,HOSP022586,2020-07-25,Routine Checkup,H2-PROV0018,DEPT020,24383,2026-01-28,2022-12-31
H2-ENC003458,HOSP002314,2025-04-20,Routine Checkup,H2-PROV0007,DEPT010,89688,2023-09-14,2023-04-14
H2-ENC003459,HOSP033952,2024-01-24,Outpatient,H2-PROV0014,DEPT016,63423,2025-05-25,2025-09-26
H2-ENC003460,HOSP039794,2024-08-23,Telemedicine,H2-PROV0013,DEPT004,71697,2022-04-20,2023-11-24
H2-ENC003461,HOSP003572,2021-07-07,Telemedicine,H2-PROV0019,DEPT007,33258,2026-06-06,2021-08-06
H2-ENC003462,HOSP001313,2021-07-29,Inpatient,H2-PROV0014,DEPT014,76711,2024-02-28,2026-05-28
H2-ENC003463,HOSP026903,2021-03-08,Emergency,H2-PROV0007,DEPT004,48917,2021-03-09,2024-07-18
H2-ENC003464,HOSP035885,2021-02-24,Outpatient,H2-PROV0010,DEPT013,58443,2022-12-03,2023-08-31
H2-ENC003465,HOSP006664,2024-06-29,Telemedicine,H2-PROV0001,DEPT011,61631,2021-02-25,2021-02-19
H2-ENC003466,HOSP023078,2021-07-18,Routine Checkup,H2-PROV0013,DEPT017,43337,2026-05-30,2025-04-01
H2-ENC003467,HOSP006475,2020-09-02,Telemedicine,H2-PROV0012,DEPT009,27385,2020-11-17,2021-09-25
H2-ENC003468,HOSP038874,2020-07-27,Outpatient,H2-PROV0014,DEPT012,35082,2026-09-04,2023-11-18
H2-ENC003469,HOSP048318,2022-06-10,Outpatient,H2-PROV0010,DEPT006,15544,2023-07-16,2024-05-17
H2-ENC003470,HOSP018214,2022-11-29,Inpatient,H2-PROV0020,DEPT001,41276,2025-02-18,2026-01-30
H2-ENC003471,HOSP040101,2020-10-07,Outpatient,H2-PROV0019,DEPT019,50068,2020-02-26,2022-11-08
H2-ENC003472,HOSP009251,2023-11-20,Inpatient,H2-PROV0003,DEPT009,34439,2025-02-27,2023-04-30
H2-ENC003473,HOSP013758,2025-03-01,Inpatient,H2-PROV0017,DEPT013,26297,2020-07-29,2023-07-24
H2-ENC003474,HOSP006095,2025-01-03,Inpatient,H2-PROV0021,DEPT009,16270,2022-06-09,2020-08-06
H2-ENC003475,HOSP030774,2026-08-11,Emergency,H2-PROV0012,DEPT019,20203,2025-11-10,2023-07-15
H2-ENC003476,HOSP049790,2024-06-15,Emergency,H2-PROV0030,DEPT001,91235,2022-11-14,2022-06-06
H2-ENC003477,HOSP015818,2022-05-13,Outpatient,H2-PROV0009,DEPT005,65252,2020-05-09,2021-12-20
H2-ENC003478,HOSP041925,2025-04-25,Inpatient,H2-PROV0016,DEPT017,41456,2022-11-18,2023-10-29
H2-ENC003479,HOSP002149,2023-03-25,Outpatient,H2-PROV0023,DEPT006,93323,2020-09-01,2021-01-17
H2-ENC003480,HOSP047052,2024-08-06,Telemedicine,H2-PROV0007,DEPT006,77860,2022-04-16,2023-09-23
H2-ENC003481,HOSP000915,2020-11-09,Routine Checkup,H2-PROV0002,DEPT009,33433,2022-12-16,2020-01-03
H2-ENC003482,HOSP019956,2023-10-16,Emergency,H2-PROV0026,DEPT019,30420,2025-03-11,2020-04-27
H2-ENC003483,HOSP013694,2025-02-07,Routine Checkup,H2-PROV0016,DEPT005,11771,2026-02-08,2024-12-25
H2-ENC003484,HOSP029544,2024-09-07,Telemedicine,H2-PROV0016,DEPT009,68634,2026-01-01,2020-02-05
H2-ENC003485,HOSP028650,2024-02-22,Telemedicine,H2-PROV0018,DEPT001,32674,2026-03-27,2023-09-12
H2-ENC003486,HOSP046832,2022-06-12,Routine Checkup,H2-PROV0025,DEPT010,93323,2022-01-23,2026-01-25
H2-ENC003487,HOSP015655,2022-12-06,Inpatient,H2-PROV0019,DEPT002,55029,2021-12-20,2022-09-01
H2-ENC003488,HOSP047099,2020-10-21,Routine Checkup,H2-PROV0002,DEPT020,27107,2025-05-14,2021-03-09
H2-ENC003489,HOSP021517,2025-06-28,Outpatient,H2-PROV0017,DEPT002,91391,2026-03-23,2026-02-04
H2-ENC003490,HOSP022965,2023-01-02,Routine Checkup,H2-PROV0020,DEPT007,84333,2025-01-15,2024-02-13
H2-ENC003491,HOSP000856,2020-04-25,Routine Checkup,H2-PROV0023,DEPT011,64423,2020-09-16,2024-05-10
H2-ENC003492,HOSP022813,2023-11-13,Emergency,H2-PROV0012,DEPT005,29618,2022-03-25,2023-03-15
H2-ENC003493,HOSP009965,2020-05-30,Routine Checkup,H2-PROV0020,DEPT016,32087,2022-10-16,2026-05-17
H2-ENC003494,HOSP048040,2023-06-02,Routine Checkup,H2-PROV0028,DEPT005,81013,2025-02-15,2023-02-02
H2-ENC003495,HOSP043246,2020-03-05,Inpatient,H2-PROV0007,DEPT003,64423,2021-05-01,2022-12-23
H2-ENC003496,HOSP007432,2022-10-02,Inpatient,H2-PROV0021,DEPT002,81013,2025-05-05,2020-04-02
H2-ENC003497,HOSP026511,2024-03-19,Routine Checkup,H2-PROV0017,DEPT013,96257,2023-06-13,2022-07-08
H2-ENC003498,HOSP028796,2023-09-06,Outpatient,H2-PROV0012,DEPT001,79722,2025-11-13,2020-11-16
H2-ENC003499,HOSP046646,2021-03-07,Inpatient,H2-PROV0011,DEPT010,98121,2023-11-15,2024-10-13
H2-ENC003500,HOSP029063,2020-06-14,Emergency,H2-PROV0009,DEPT007,40842,2020-03-11,2023-03-15
H2-ENC003501,HOSP026970,2021-04-06,Routine Checkup,H2-PROV0029,DEPT015,37425,2022-08-18,2025-07-06
H2-ENC003502,HOSP027641,2025-03-30,Outpatient,H2-PROV0001,DEPT014,72710,2020-01-07,2024-06-15
H2-ENC003503,HOSP010661,2026-04-18,Inpatient,H2-PROV0029,DEPT009,12415,2021-03-07,2026-03-08
H2-ENC003504,HOSP026228,2024-01-09,Inpatient,H2-PROV0025,DEPT019,96827,2023-08-02,2026-02-18
H2-ENC003505,HOSP017911,2021-01-03,Inpatient,H2-PROV0030,DEPT013,47057,2022-10-24,2026-08-14
H2-ENC003506,HOSP044669,2023-09-14,Routine Checkup,H2-PROV0028,DEPT001,93175,2023-01-06,2025-03-01
H2-ENC003507,HOSP022796,2024-01-18,Routine Checkup,H2-PROV0006,DEPT009,40255,2024-05-30,2022-08-07
H2-ENC003508,HOSP010763,2024-01-27,Inpatient,H2-PROV0013,DEPT010,73021,2022-09-07,2022-11-07
H2-ENC003509,HOSP043132,2025-04-20,Telemedicine,H2-PROV0017,DEPT002,22379,2021-09-10,2026-01-22
H2-ENC003510,HOSP026913,2023-07-29,Emergency,H2-PROV0023,DEPT003,94775,2026-05-30,2026-09-24
H2-ENC003511,HOSP044089,2023-11-19,Outpatient,H2-PROV0014,DEPT015,25742,2024-03-15,2025-09-27
H2-ENC003512,HOSP020282,2021-08-05,Inpatient,H2-PROV0015,DEPT018,92102,2025-02-25,2023-01-27
H2-ENC003513,HOSP014463,2020-07-30,Outpatient,H2-PROV0008,DEPT008,53056,2025-05-06,2025-06-18
H2-ENC003514,HOSP023897,2023-11-05,Outpatient,H2-PROV0016,DEPT009,64287,2025-09-06,2026-03-25
H2-ENC003515,HOSP020335,2024-12-15,Telemedicine,H2-PROV0004,DEPT020,14517,2020-04-15,2024-07-27
H2-ENC003516,HOSP033588,2020-10-24,Outpatient,H2-PROV0016,DEPT011,37005,2024-12-22,2020-08-25
H2-ENC003517,HOSP004658,2024-12-03,Telemedicine,H2-PROV0025,DEPT020,35082,2022-06-23,2026-04-19
H2-ENC003518,HOSP043965,2020-12-10,Routine Checkup,H2-PROV0003,DEPT020,74624,2020-04-25,2026-01-07
H2-ENC003519,HOSP036366,2026-05-31,Outpatient,H2-PROV0022,DEPT004,91677,2020-02-24,2021-10-27
H2-ENC003520,HOSP008824,2020-03-20,Inpatient,H2-PROV0021,DEPT002,28151,2022-06-21,2023-08-18
H2-ENC003521,HOSP020915,2022-02-03,Routine Checkup,H2-PROV0028,DEPT019,41291,2021-10-13,2025-04-23
H2-ENC003522,HOSP032326,2022-06-02,Inpatient,H2-PROV0019,DEPT006,42054,2023-07-12,2021-10-31
H2-ENC003523,HOSP036300,2023-11-09,Emergency,H2-PROV0021,DEPT012,20258,2022-07-06,2020-10-20
H2-ENC003524,HOSP022473,2025-07-05,Outpatient,H2-PROV0022,DEPT018,90542,2020-05-08,2020-09-16
H2-ENC003525,HOSP021446,2020-08-04,Routine Checkup,H2-PROV0017,DEPT010,14989,2021-06-11,2020-05-18
H2-ENC003526,HOSP002928,2025-12-09,Inpatient,H2-PROV0007,DEPT011,19290,2022-06-30,2022-11-07
H2-ENC003527,HOSP036407,2020-03-17,Emergency,H2-PROV0024,DEPT001,88440,2024-04-08,2022-07-01
H2-ENC003528,HOSP039032,2023-11-30,Telemedicine,H2-PROV0025,DEPT006,17178,2025-03-14,2022-06-24
H2-ENC003529,HOSP039757,2020-10-09,Routine Checkup,H2-PROV0025,DEPT008,66462,2022-04-26,2020-07-13
H2-ENC003530,HOSP032361,2025-12-04,Telemedicine,H2-PROV0023,DEPT012,57931,2020-01-31,2024-12-25
H2-ENC003531,HOSP030930,2025-10-29,Emergency,H2-PROV0017,DEPT013,25350,2021-02-04,2020-09-17
H2-ENC003532,HOSP047751,2022-08-01,Inpatient,H2-PROV0012,DEPT005,80084,2026-01-26,2023-11-11
H2-ENC003533,HOSP014759,2023-04-19,Routine Checkup,H2-PROV0002,DEPT018,39840,2022-09-26,2021-07-03
H2-ENC003534,HOSP009728,2023-06-22,Outpatient,H2-PROV0005,DEPT019,77860,2024-04-07,2022-10-15
H2-ENC003535,HOSP044567,2024-07-09,Outpatient,H2-PROV0021,DEPT017,59755,2025-05-17,2022-05-08
H2-ENC003536,HOSP009263,2020-02-06,Routine Checkup,H2-PROV0012,DEPT009,54731,2023-06-02,2022-08-18
H2-ENC003537,HOSP036493,2024-03-10,Emergency,H2-PROV0023,DEPT015,61733,2023-12-13,2026-06-25
H2-ENC003538,HOSP011540,2023-01-11,Inpatient,H2-PROV0026,DEPT004,28906,2024-09-22,2022-04-24
H2-ENC003539,HOSP041402,2023-01-26,Emergency,H2-PROV0016,DEPT018,54974,2022-01-17,2022-07-13
H2-ENC003540,HOSP002199,2024-09-11,Routine Checkup,H2-PROV0025,DEPT012,21133,2025-12-18,2026-04-21
H2-ENC003541,HOSP028357,2020-05-19,Emergency,H2-PROV0009,DEPT001,92185,2025-02-06,2020-06-24
H2-ENC003542,HOSP020507,2020-04-27,Routine Checkup,H2-PROV0006,DEPT006,57174,2021-05-10,2025-06-27
H2-ENC003543,HOSP012949,2025-10-16,Outpatient,H2-PROV0017,DEPT017,76537,2024-10-02,2021-01-27
H2-ENC003544,HOSP041849,2025-01-31,Emergency,H2-PROV0026,DEPT020,92185,2020-11-03,2020-01-24
H2-ENC003545,HOSP017429,2021-10-18,Telemedicine,H2-PROV0022,DEPT009,14982,2020-03-07,2020-02-12
H2-ENC003546,HOSP001677,2022-07-13,Outpatient,H2-PROV0002,DEPT007,94872,2024-04-21,2021-03-30
H2-ENC003547,HOSP033901,2025-09-26,Telemedicine,H2-PROV0003,DEPT006,94840,2021-09-26,2025-08-24
H2-ENC003548,HOSP031104,2026-08-08,Routine Checkup,H2-PROV0015,DEPT002,64366,2026-06-21,2021-10-21
H2-ENC003549,HOSP042762,2025-01-21,Telemedicine,H2-PROV0019,DEPT018,34629,2020-02-29,2023-12-10
H2-ENC003550,HOSP021512,2023-06-24,Emergency,H2-PROV0014,DEPT020,78741,2022-03-17,2022-10-06
H2-ENC003551,HOSP032543,2023-01-12,Telemedicine,H2-PROV0013,DEPT008,34096,2024-11-16,2026-09-10
H2-ENC003552,HOSP042843,2024-12-20,Telemedicine,H2-PROV0013,DEPT006,71812,2021-05-19,2025-01-10
H2-ENC003553,HOSP032629,2024-08-16,Telemedicine,H2-PROV0005,DEPT005,22079,2024-01-03,2024-09-14
H2-ENC003554,HOSP014337,2021-04-21,Outpatient,H2-PROV0008,DEPT018,94174,2023-04-20,2021-12-23
H2-ENC003555,HOSP034627,2023-01-18,Inpatient,H2-PROV0030,DEPT004,96643,2023-07-10,2023-11-25
H2-ENC003556,HOSP013168,2024-05-30,Inpatient,H2-PROV0014,DEPT005,78665,2025-06-25,2025-05-25
H2-ENC003557,HOSP032233,2020-06-04,Telemedicine,H2-PROV0013,DEPT010,77634,2024-09-18,2023-05-06
H2-ENC003558,HOSP021858,2020-01-17,Emergency,H2-PROV0013,DEPT016,88440,2020-08-15,2025-01-01
H2-ENC003559,HOSP007474,2021-08-02,Telemedicine,H2-PROV0030,DEPT019,25392,2020-12-20,2020-04-05
H2-ENC003560,HOSP045292,2024-12-15,Outpatient,H2-PROV0014,DEPT018,60237,2020-07-29,2020-02-21
H2-ENC003561,HOSP040855,2025-02-02,Emergency,H2-PROV0002,DEPT014,92506,2020-01-24,2026-05-13
H2-ENC003562,HOSP016638,2021-04-27,Outpatient,H2-PROV0023,DEPT006,97506,2020-03-07,2024-11-08
H2-ENC003563,HOSP032600,2021-07-06,Telemedicine,H2-PROV0005,DEPT013,76248,2023-07-24,2024-02-02
H2-ENC003564,HOSP009875,2025-09-02,Emergency,H2-PROV0002,DEPT020,88363,2026-06-16,2024-05-20
H2-ENC003565,HOSP025539,2025-04-20,Inpatient,H2-PROV0019,DEPT008,33961,2022-06-02,2025-08-31
H2-ENC003566,HOSP006766,2022-07-07,Routine Checkup,H2-PROV0025,DEPT010,97715,2022-12-26,2020-11-24
H2-ENC003567,HOSP031643,2020-04-28,Routine Checkup,H2-PROV0027,DEPT005,59003,2021-09-12,2023-01-08
H2-ENC003568,HOSP032808,2025-05-17,Telemedicine,H2-PROV0014,DEPT019,45115,2021-06-13,2024-06-12
H2-ENC003569,HOSP033086,2025-04-16,Telemedicine,H2-PROV0001,DEPT020,69233,2024-07-09,2023-05-25
H2-ENC003570,HOSP042104,2020-07-20,Telemedicine,H2-PROV0003,DEPT002,17106,2023-10-21,2021-02-05
H2-ENC003571,HOSP022611,2022-10-28,Routine Checkup,H2-PROV0030,DEPT005,42054,2022-04-22,2022-02-25
H2-ENC003572,HOSP044284,2022-11-24,Emergency,H2-PROV0022,DEPT003,11400,2024-12-05,2021-11-21
H2-ENC003573,HOSP002999,2021-06-28,Outpatient,H2-PROV0020,DEPT010,93015,2023-05-19,2026-08-06
H2-ENC003574,HOSP024701,2021-06-16,Routine Checkup,H2-PROV0023,DEPT004,66976,2025-09-24,2020-10-12
H2-ENC003575,HOSP036683,2024-05-20,Routine Checkup,H2-PROV0011,DEPT001,82294,2024-11-28,2021-11-19
H2-ENC003576,HOSP033344,2024-04-22,Telemedicine,H2-PROV0005,DEPT008,14988,2026-04-03,2022-07-10
H2-ENC003577,HOSP014524,2021-04-20,Routine Checkup,H2-PROV0001,DEPT014,96903,2020-03-16,2025-11-13
H2-ENC003578,HOSP035922,2020-05-11,Outpatient,H2-PROV0030,DEPT017,17730,2025-09-07,2020-07-28
H2-ENC003579,HOSP044743,2020-07-23,Telemedicine,H2-PROV0018,DEPT005,78665,2023-04-06,2025-07-07
H2-ENC003580,HOSP041007,2025-07-30,Emergency,H2-PROV0025,DEPT009,88742,2020-04-02,2020-10-08
H2-ENC003581,HOSP028260,2021-03-31,Inpatient,H2-PROV0018,DEPT018,22696,2022-11-08,2021-02-16
H2-ENC003582,HOSP029967,2025-07-03,Inpatient,H2-PROV0029,DEPT005,38212,2020-01-21,2022-01-14
H2-ENC003583,HOSP046810,2022-03-10,Emergency,H2-PROV0008,DEPT001,65857,2022-09-04,2025-03-20
H2-ENC003584,HOSP016425,2023-06-03,Emergency,H2-PROV0014,DEPT018,68535,2020-01-05,2021-05-09
H2-ENC003585,HOSP045939,2025-05-14,Outpatient,H2-PROV0025,DEPT001,42200,2025-04-23,2022-05-09
H2-ENC003586,HOSP033833,2021-06-20,Outpatient,H2-PROV0008,DEPT020,23150,2023-01-02,2021-05-11
H2-ENC003587,HOSP034608,2024-05-13,Outpatient,H2-PROV0005,DEPT010,13705,2024-09-07,2020-11-26
H2-ENC003588,HOSP008002,2021-10-03,Inpatient,H2-PROV0003,DEPT015,57109,2022-09-11,2025-03-02
H2-ENC003589,HOSP004756,2023-10-09,Telemedicine,H2-PROV0011,DEPT009,40402,2026-08-12,2020-08-05
H2-ENC003590,HOSP009969,2022-01-27,Inpatient,H2-PROV0017,DEPT015,17730,2025-11-01,2025-01-16
H2-ENC003591,HOSP029575,2020-04-22,Telemedicine,H2-PROV0008,DEPT001,37042,2022-10-17,2022-02-15
H2-ENC003592,HOSP006495,2024-07-09,Inpatient,H2-PROV0014,DEPT017,35241,2026-07-09,2021-03-06
H2-ENC003593,HOSP043472,2020-02-25,Outpatient,H2-PROV0007,DEPT019,41276,2026-04-10,2023-03-18
H2-ENC003594,HOSP007743,2021-09-14,Inpatient,H2-PROV0005,DEPT006,37404,2024-09-01,2022-10-22
H2-ENC003595,HOSP031577,2020-01-30,Routine Checkup,H2-PROV0023,DEPT005,12032,2020-01-10,2024-01-21
H2-ENC003596,HOSP000166,2025-06-15,Outpatient,H2-PROV0010,DEPT020,41708,2026-01-02,2026-06-10
H2-ENC003597,HOSP041768,2021-12-24,Inpatient,H2-PROV0014,DEPT008,41811,2022-09-27,2022-11-30
H2-ENC003598,HOSP003374,2022-09-17,Outpatient,H2-PROV0007,DEPT012,39277,2020-09-03,2023-08-05
H2-ENC003599,HOSP033347,2025-12-11,Emergency,H2-PROV0018,DEPT013,25661,2026-01-22,2022-08-07
H2-ENC003600,HOSP016506,2025-04-29,Outpatient,H2-PROV0022,DEPT017,11845,2023-04-24,2023-07-14
H2-ENC003601,HOSP015646,2021-05-27,Inpatient,H2-PROV0015,DEPT010,55376,2026-03-10,2023-09-14
H2-ENC003602,HOSP033699,2025-12-10,Outpatient,H2-PROV0007,DEPT016,49397,2026-02-03,2021-08-03
H2-ENC003603,HOSP040190,2021-09-13,Inpatient,H2-PROV0017,DEPT002,57047,2024-04-06,2023-04-24
H2-ENC003604,HOSP003411,2020-11-29,Routine Checkup,H2-PROV0007,DEPT012,99921,2025-02-03,2026-09-13
H2-ENC003605,HOSP028351,2024-09-01,Outpatient,H2-PROV0021,DEPT007,62879,2021-02-10,2023-12-10
H2-ENC003606,HOSP037092,2021-04-07,Emergency,H2-PROV0028,DEPT016,78841,2021-10-21,2025-10-01
H2-ENC003607,HOSP016636,2025-07-25,Telemedicine,H2-PROV0019,DEPT016,23057,2025-03-22,2024-08-04
H2-ENC003608,HOSP003722,2021-01-04,Outpatient,H2-PROV0017,DEPT003,92185,2022-09-29,2021-03-30
H2-ENC003609,HOSP006203,2023-07-10,Inpatient,H2-PROV0018,DEPT019,21826,2020-10-30,2021-05-28
H2-ENC003610,HOSP033750,2020-05-17,Routine Checkup,H2-PROV0010,DEPT011,99663,2022-06-07,2025-03-18
H2-ENC003611,HOSP030380,2023-04-19,Routine Checkup,H2-PROV0023,DEPT009,97202,2023-02-03,2021-08-28
H2-ENC003612,HOSP048413,2024-01-30,Routine Checkup,H2-PROV0002,DEPT018,38566,2025-01-11,2026-04-11
H2-ENC003613,HOSP031739,2025-01-31,Telemedicine,H2-PROV0015,DEPT013,41536,2021-01-19,2020-05-15
H2-ENC003614,HOSP041259,2022-06-08,Routine Checkup,H2-PROV0006,DEPT018,20818,2020-02-02,2022-06-01
H2-ENC003615,HOSP007755,2021-04-14,Routine Checkup,H2-PROV0008,DEPT012,71697,2020-08-02,2020-09-24
H2-ENC003616,HOSP005029,2022-03-02,Telemedicine,H2-PROV0013,DEPT013,60608,2020-02-25,2022-08-31
H2-ENC003617,HOSP047494,2024-06-17,Routine Checkup,H2-PROV0023,DEPT004,31081,2020-06-26,2023-05-25
H2-ENC003618,HOSP024478,2024-02-13,Inpatient,H2-PROV0020,DEPT019,79266,2023-10-22,2025-05-21
H2-ENC003619,HOSP032932,2026-03-14,Outpatient,H2-PROV0006,DEPT001,69344,2021-03-05,2022-05-11
H2-ENC003620,HOSP049574,2025-07-31,Inpatient,H2-PROV0030,DEPT011,43458,2025-10-29,2021-11-17
H2-ENC003621,HOSP048085,2020-02-20,Emergency,H2-PROV0008,DEPT018,67757,2022-07-14,2020-05-14
H2-ENC003622,HOSP009483,2025-07-08,Outpatient,H2-PROV0008,DEPT006,59546,2026-05-02,2020-08-24
H2-ENC003623,HOSP009528,2021-08-14,Emergency,H2-PROV0025,DEPT003,58443,2021-04-14,2025-04-04
H2-ENC003624,HOSP029412,2020-07-19,Outpatient,H2-PROV0017,DEPT001,31734,2022-12-28,2023-08-05
H2-ENC003625,HOSP042289,2020-12-10,Outpatient,H2-PROV0021,DEPT010,53056,2024-08-15,2025-09-19
H2-ENC003626,HOSP012201,2026-04-22,Emergency,H2-PROV0007,DEPT002,17352,2021-04-16,2021-08-16
H2-ENC003627,HOSP033659,2024-05-22,Emergency,H2-PROV0027,DEPT015,71691,2021-01-07,2024-05-16
H2-ENC003628,HOSP042391,2020-09-29,Routine Checkup,H2-PROV0003,DEPT010,59755,2024-01-24,2026-09-12
H2-ENC003629,HOSP017279,2023-03-17,Telemedicine,H2-PROV0005,DEPT016,64423,2025-08-18,2020-06-02
H2-ENC003630,HOSP001692,2022-07-26,Inpatient,H2-PROV0022,DEPT016,39231,2020-03-20,2026-01-12
H2-ENC003631,HOSP013999,2024-05-05,Inpatient,H2-PROV0005,DEPT004,59644,2020-06-22,2025-05-21
H2-ENC003632,HOSP006077,2020-12-04,Emergency,H2-PROV0019,DEPT011,47487,2021-07-19,2024-04-20
H2-ENC003633,HOSP046063,2025-01-10,Emergency,H2-PROV0025,DEPT019,64532,2022-03-04,2020-12-09
H2-ENC003634,HOSP026837,2021-06-10,Routine Checkup,H2-PROV0011,DEPT001,20132,2023-04-15,2021-09-23
H2-ENC003635,HOSP033754,2021-02-17,Telemedicine,H2-PROV0016,DEPT008,41291,2022-05-24,2020-05-17
H2-ENC003636,HOSP043744,2023-09-21,Emergency,H2-PROV0005,DEPT009,32900,2020-06-06,2021-09-22
H2-ENC003637,HOSP025716,2026-01-24,Inpatient,H2-PROV0029,DEPT014,95451,2023-03-31,2022-09-02
H2-ENC003638,HOSP040111,2022-12-29,Outpatient,H2-PROV0008,DEPT020,55214,2024-06-16,2022-07-25
H2-ENC003639,HOSP018294,2021-05-24,Inpatient,H2-PROV0005,DEPT007,77590,2023-06-06,2026-02-03
H2-ENC003640,HOSP012090,2026-05-17,Inpatient,H2-PROV0020,DEPT015,35243,2025-07-27,2023-06-28
H2-ENC003641,HOSP036850,2021-06-14,Routine Checkup,H2-PROV0008,DEPT006,59755,2020-04-14,2022-11-28
H2-ENC003642,HOSP014554,2025-02-24,Telemedicine,H2-PROV0012,DEPT008,46168,2022-01-11,2025-06-27
H2-ENC003643,HOSP004352,2023-03-12,Routine Checkup,H2-PROV0027,DEPT005,79298,2025-04-27,2020-11-11
H2-ENC003644,HOSP002461,2025-06-25,Outpatient,H2-PROV0021,DEPT011,77311,2020-08-22,2024-06-09
H2-ENC003645,HOSP043854,2020-10-16,Routine Checkup,H2-PROV0016,DEPT009,49171,2023-04-12,2025-12-21
H2-ENC003646,HOSP001763,2020-01-01,Emergency,H2-PROV0005,DEPT015,88824,2020-08-26,2023-09-18
H2-ENC003647,HOSP014392,2020-09-05,Emergency,H2-PROV0009,DEPT008,82294,2020-06-15,2024-10-13
H2-ENC003648,HOSP034298,2020-04-28,Telemedicine,H2-PROV0001,DEPT015,70531,2022-03-30,2020-11-10
H2-ENC003649,HOSP003859,2025-04-21,Routine Checkup,H2-PROV0014,DEPT005,52492,2026-04-01,2024-10-01
H2-ENC003650,HOSP006127,2023-08-07,Inpatient,H2-PROV0027,DEPT019,54599,2024-08-31,2024-11-02
H2-ENC003651,HOSP021532,2024-08-10,Routine Checkup,H2-PROV0030,DEPT010,48143,2020-11-07,2021-03-01
H2-ENC003652,HOSP003144,2023-12-30,Inpatient,H2-PROV0004,DEPT012,31282,2026-01-30,2021-07-22
H2-ENC003653,HOSP026402,2020-01-21,Outpatient,H2-PROV0001,DEPT007,39255,2024-05-09,2022-12-02
H2-ENC003654,HOSP041698,2026-03-23,Inpatient,H2-PROV0030,DEPT005,84089,2020-09-10,2024-04-23
H2-ENC003655,HOSP012060,2025-06-28,Routine Checkup,H2-PROV0019,DEPT012,33433,2026-08-16,2021-01-05
H2-ENC003656,HOSP023474,2026-02-07,Telemedicine,H2-PROV0011,DEPT013,34760,2023-03-25,2020-10-01
H2-ENC003657,HOSP038760,2022-09-14,Emergency,H2-PROV0009,DEPT017,41276,2023-06-03,2020-01-12
H2-ENC003658,HOSP019231,2026-03-13,Outpatient,H2-PROV0022,DEPT015,28322,2021-04-20,2025-12-13
H2-ENC003659,HOSP046988,2025-12-18,Outpatient,H2-PROV0015,DEPT012,39610,2022-11-28,2020-11-13
H2-ENC003660,HOSP023200,2021-05-23,Inpatient,H2-PROV0012,DEPT016,82995,2021-09-13,2021-05-20
H2-ENC003661,HOSP004948,2020-09-09,Emergency,H2-PROV0019,DEPT013,76797,2021-06-12,2023-08-04
H2-ENC003662,HOSP034538,2024-12-01,Outpatient,H2-PROV0009,DEPT010,33258,2021-12-17,2022-09-07
H2-ENC003663,HOSP002746,2021-06-02,Outpatient,H2-PROV0021,DEPT018,78411,2021-01-29,2023-12-28
H2-ENC003664,HOSP039123,2024-04-30,Telemedicine,H2-PROV0026,DEPT016,75772,2024-01-09,2023-03-27
H2-ENC003665,HOSP006433,2025-07-26,Outpatient,H2-PROV0005,DEPT010,48754,2024-03-08,2020-12-03
H2-ENC003666,HOSP035965,2021-12-07,Telemedicine,H2-PROV0002,DEPT011,16461,2024-12-09,2025-10-22
H2-ENC003667,HOSP049996,2023-11-09,Inpatient,H2-PROV0018,DEPT011,92521,2023-11-29,2025-04-08
H2-ENC003668,HOSP028636,2025-03-17,Outpatient,H2-PROV0003,DEPT009,30764,2024-12-27,2020-07-04
H2-ENC003669,HOSP040616,2024-11-14,Inpatient,H2-PROV0015,DEPT009,34760,2020-05-26,2020-09-15
H2-ENC003670,HOSP030497,2022-10-06,Outpatient,H2-PROV0005,DEPT016,53629,2026-06-27,2023-09-27
H2-ENC003671,HOSP002249,2022-04-16,Outpatient,H2-PROV0023,DEPT001,41456,2026-07-21,2022-06-14
H2-ENC003672,HOSP028982,2026-04-06,Inpatient,H2-PROV0002,DEPT010,19587,2022-12-08,2021-02-27
H2-ENC003673,HOSP005587,2020-03-05,Emergency,H2-PROV0005,DEPT005,14200,2022-03-24,2021-01-24
H2-ENC003674,HOSP024187,2025-06-09,Routine Checkup,H2-PROV0014,DEPT016,64423,2025-02-27,2021-01-28
H2-ENC003675,HOSP010994,2021-04-11,Outpatient,H2-PROV0004,DEPT004,68587,2022-01-03,2020-09-07
H2-ENC003676,HOSP030327,2026-06-24,Routine Checkup,H2-PROV0012,DEPT002,90838,2026-07-29,2024-12-30
H2-ENC003677,HOSP020199,2022-05-07,Inpatient,H2-PROV0005,DEPT004,34551,2022-07-28,2021-11-22
H2-ENC003678,HOSP044882,2023-09-08,Emergency,H2-PROV0029,DEPT006,64993,2023-12-07,2026-03-16
H2-ENC003679,HOSP004308,2020-11-24,Emergency,H2-PROV0010,DEPT018,92091,2020-07-31,2023-11-16
H2-ENC003680,HOSP026279,2023-09-10,Telemedicine,H2-PROV0002,DEPT005,70855,2026-05-25,2021-07-28
H2-ENC003681,HOSP048130,2025-10-02,Telemedicine,H2-PROV0014,DEPT004,80451,2021-10-12,2022-03-22
H2-ENC003682,HOSP043716,2021-08-19,Outpatient,H2-PROV0021,DEPT018,32072,2025-08-01,2020-06-04
H2-ENC003683,HOSP031321,2026-05-19,Emergency,H2-PROV0007,DEPT005,40842,2022-01-01,2024-01-27
H2-ENC003684,HOSP046741,2026-09-30,Telemedicine,H2-PROV0014,DEPT018,48603,2026-06-24,2020-01-14
H2-ENC003685,HOSP030256,2023-10-13,Emergency,H2-PROV0016,DEPT013,33056,2021-03-25,2026-01-22
H2-ENC003686,HOSP012332,2026-09-21,Routine Checkup,H2-PROV0002,DEPT009,65662,2022-11-23,2020-02-13
H2-ENC003687,HOSP032589,2021-12-23,Emergency,H2-PROV0005,DEPT008,70295,2022-05-20,2022-09-15
H2-ENC003688,HOSP014816,2020-02-22,Outpatient,H2-PROV0012,DEPT009,20581,2023-10-23,2022-08-16
H2-ENC003689,HOSP006236,2021-11-04,Inpatient,H2-PROV0022,DEPT007,42192,2020-11-12,2023-01-22
H2-ENC003690,HOSP024289,2023-11-07,Outpatient,H2-PROV0022,DEPT009,88891,2023-05-28,2022-03-14
H2-ENC003691,HOSP015459,2023-09-20,Routine Checkup,H2-PROV0007,DEPT006,40475,2025-10-06,2020-12-05
H2-ENC003692,HOSP027218,2022-11-12,Telemedicine,H2-PROV0019,DEPT009,55376,2021-10-09,2025-12-06
H2-ENC003693,HOSP000926,2022-10-12,Routine Checkup,H2-PROV0021,DEPT019,30619,2023-01-12,2020-08-01
H2-ENC003694,HOSP045431,2024-06-18,Inpatient,H2-PROV0025,DEPT014,85191,2024-05-01,2026-07-10
H2-ENC003695,HOSP044753,2022-07-02,Routine Checkup,H2-PROV0020,DEPT011,55284,2022-12-17,2022-02-22
H2-ENC003696,HOSP008551,2023-05-03,Inpatient,H2-PROV0026,DEPT005,64993,2025-07-22,2025-08-30
H2-ENC003697,HOSP017856,2026-09-28,Routine Checkup,H2-PROV0024,DEPT009,11421,2020-07-03,2021-04-04
H2-ENC003698,HOSP020385,2024-01-17,Telemedicine,H2-PROV0009,DEPT009,14200,2021-08-26,2025-03-20
H2-ENC003699,HOSP037890,2026-07-21,Routine Checkup,H2-PROV0005,DEPT020,55350,2021-06-28,2026-04-10
H2-ENC003700,HOSP014436,2024-07-16,Routine Checkup,H2-PROV0006,DEPT001,71259,2024-07-10,2021-01-01
H2-ENC003701,HOSP022500,2025-08-02,Telemedicine,H2-PROV0027,DEPT002,81013,2024-01-10,2020-10-06
H2-ENC003702,HOSP009917,2021-08-18,Emergency,H2-PROV0011,DEPT001,92102,2024-02-11,2020-07-08
H2-ENC003703,HOSP017420,2020-08-18,Telemedicine,H2-PROV0023,DEPT013,53463,2025-10-07,2020-01-25
H2-ENC003704,HOSP043753,2024-10-18,Routine Checkup,H2-PROV0012,DEPT006,49410,2024-06-19,2025-07-23
H2-ENC003705,HOSP013215,2021-07-01,Routine Checkup,H2-PROV0030,DEPT004,28151,2023-12-07,2020-01-08
H2-ENC003706,HOSP027971,2025-03-27,Inpatient,H2-PROV0013,DEPT001,46168,2023-08-08,2025-10-12
H2-ENC003707,HOSP037130,2026-01-26,Inpatient,H2-PROV0027,DEPT017,76559,2023-02-09,2023-01-23
H2-ENC003708,HOSP037515,2025-02-17,Routine Checkup,H2-PROV0014,DEPT011,44467,2026-09-21,2021-04-18
H2-ENC003709,HOSP047733,2025-05-08,Telemedicine,H2-PROV0009,DEPT008,39256,2025-11-10,2025-10-18
H2-ENC003710,HOSP002815,2023-09-20,Inpatient,H2-PROV0029,DEPT009,20761,2026-06-24,2025-11-27
H2-ENC003711,HOSP034595,2023-08-07,Telemedicine,H2-PROV0024,DEPT004,70295,2023-06-28,2024-04-05
H2-ENC003712,HOSP031757,2024-08-16,Routine Checkup,H2-PROV0027,DEPT007,41490,2021-01-24,2026-08-15
H2-ENC003713,HOSP034787,2020-02-27,Emergency,H2-PROV0006,DEPT006,18346,2026-02-11,2020-12-01
H2-ENC003714,HOSP020550,2021-11-12,Inpatient,H2-PROV0006,DEPT009,54726,2023-11-04,2020-07-18
H2-ENC003715,HOSP025010,2022-08-28,Telemedicine,H2-PROV0008,DEPT001,12930,2020-05-09,2023-11-09
H2-ENC003716,HOSP049154,2023-02-25,Telemedicine,H2-PROV0006,DEPT009,12930,2024-08-22,2020-08-27
H2-ENC003717,HOSP001934,2020-02-24,Inpatient,H2-PROV0006,DEPT014,68143,2022-10-09,2024-11-20
H2-ENC003718,HOSP009359,2025-05-09,Telemedicine,H2-PROV0025,DEPT014,13814,2024-06-30,2022-03-29
H2-ENC003719,HOSP031658,2025-07-04,Inpatient,H2-PROV0017,DEPT006,75175,2024-10-30,2021-01-16
H2-ENC003720,HOSP028223,2021-05-17,Emergency,H2-PROV0026,DEPT003,81402,2022-02-03,2021-10-15
H2-ENC003721,HOSP048486,2022-02-22,Telemedicine,H2-PROV0011,DEPT009,12747,2026-04-27,2024-12-13
H2-ENC003722,HOSP002253,2025-07-23,Outpatient,H2-PROV0001,DEPT006,95732,2024-03-19,2022-03-15
H2-ENC003723,HOSP011500,2023-10-31,Routine Checkup,H2-PROV0015,DEPT005,73021,2024-08-08,2020-01-04
H2-ENC003724,HOSP015619,2023-10-25,Routine Checkup,H2-PROV0010,DEPT002,90316,2023-09-24,2024-02-09
H2-ENC003725,HOSP041114,2023-01-14,Routine Checkup,H2-PROV0022,DEPT010,21275,2023-10-07,2020-12-08
H2-ENC003726,HOSP043848,2024-05-16,Routine Checkup,H2-PROV0005,DEPT002,97491,2020-05-03,2021-01-27
H2-ENC003727,HOSP029348,2024-12-17,Routine Checkup,H2-PROV0004,DEPT012,98313,2025-05-14,2025-09-03
H2-ENC003728,HOSP013568,2025-12-05,Telemedicine,H2-PROV0015,DEPT006,89746,2022-08-19,2020-12-11
H2-ENC003729,HOSP029268,2023-11-12,Emergency,H2-PROV0010,DEPT018,94872,2025-05-31,2022-04-17
H2-ENC003730,HOSP008247,2023-12-09,Emergency,H2-PROV0003,DEPT017,40137,2026-03-04,2021-08-10
H2-ENC003731,HOSP003779,2025-03-06,Telemedicine,H2-PROV0019,DEPT018,51947,2022-05-05,2026-01-05
H2-ENC003732,HOSP036070,2026-07-19,Outpatient,H2-PROV0023,DEPT016,49171,2024-07-26,2021-06-02
H2-ENC003733,HOSP014928,2021-11-30,Routine Checkup,H2-PROV0027,DEPT010,94566,2023-03-13,2025-02-23
H2-ENC003734,HOSP031456,2020-07-20,Routine Checkup,H2-PROV0029,DEPT012,53889,2020-03-25,2023-02-07
H2-ENC003735,HOSP012331,2020-03-17,Outpatient,H2-PROV0028,DEPT017,60608,2022-03-01,2021-04-07
H2-ENC003736,HOSP035699,2025-05-04,Emergency,H2-PROV0029,DEPT009,22696,2025-04-19,2024-08-25
H2-ENC003737,HOSP013240,2025-04-14,Telemedicine,H2-PROV0019,DEPT010,23047,2020-04-20,2024-09-24
H2-ENC003738,HOSP026474,2021-11-06,Inpatient,H2-PROV0003,DEPT003,14064,2021-10-02,2021-12-24
H2-ENC003739,HOSP041771,2021-09-01,Telemedicine,H2-PROV0015,DEPT001,57109,2025-11-04,2024-06-02
H2-ENC003740,HOSP007873,2026-04-04,Emergency,H2-PROV0016,DEPT016,16060,2020-10-20,2025-07-03
H2-ENC003741,HOSP039603,2022-09-10,Emergency,H2-PROV0022,DEPT018,91391,2024-07-21,2020-03-18
H2-ENC003742,HOSP030873,2022-06-03,Routine Checkup,H2-PROV0007,DEPT001,90497,2023-04-11,2020-02-14
H2-ENC003743,HOSP042436,2023-12-16,Telemedicine,H2-PROV0024,DEPT005,66527,2021-07-25,2022-11-16
H2-ENC003744,HOSP038950,2026-03-12,Telemedicine,H2-PROV0015,DEPT009,91918,2020-04-06,2025-09-04
H2-ENC003745,HOSP016266,2025-04-14,Emergency,H2-PROV0020,DEPT006,74768,2020-09-17,2025-06-05
H2-ENC003746,HOSP048721,2026-08-05,Routine Checkup,H2-PROV0008,DEPT019,82323,2026-08-29,2021-05-27
H2-ENC003747,HOSP031980,2026-07-28,Routine Checkup,H2-PROV0017,DEPT010,99294,2020-09-24,2022-07-30
H2-ENC003748,HOSP038655,2023-02-28,Outpatient,H2-PROV0009,DEPT010,45202,2023-10-28,2021-12-21
H2-ENC003749,HOSP029173,2024-02-26,Telemedicine,H2-PROV0011,DEPT012,96903,2022-09-16,2022-12-06
H2-ENC003750,HOSP041484,2024-12-30,Inpatient,H2-PROV0030,DEPT016,72068,2025-01-04,2020-11-04
H2-ENC003751,HOSP026872,2024-05-13,Outpatient,H2-PROV0003,DEPT017,75774,2021-09-24,2020-07-17
H2-ENC003752,HOSP007864,2025-10-28,Outpatient,H2-PROV0024,DEPT012,55572,2022-06-28,2025-12-03
H2-ENC003753,HOSP028395,2024-12-25,Outpatient,H2-PROV0026,DEPT018,88824,2025-10-16,2023-01-05
H2-ENC003754,HOSP024350,2026-07-28,Inpatient,H2-PROV0013,DEPT006,16614,2025-07-06,2023-11-24
H2-ENC003755,HOSP037478,2026-04-05,Outpatient,H2-PROV0006,DEPT020,95960,2025-09-06,2025-04-29
H2-ENC003756,HOSP048638,2025-09-05,Emergency,H2-PROV0010,DEPT019,70701,2022-01-20,2021-11-28
H2-ENC003757,HOSP031840,2020-10-15,Outpatient,H2-PROV0014,DEPT006,12046,2021-07-03,2025-09-16
H2-ENC003758,HOSP020669,2023-11-08,Outpatient,H2-PROV0006,DEPT019,75182,2021-03-01,2023-11-04
H2-ENC003759,HOSP028866,2026-06-20,Routine Checkup,H2-PROV0010,DEPT001,85792,2023-09-03,2022-07-06
H2-ENC003760,HOSP047851,2023-06-07,Routine Checkup,H2-PROV0001,DEPT002,14517,2026-05-07,2023-03-27
H2-ENC003761,HOSP023612,2026-05-30,Telemedicine,H2-PROV0007,DEPT020,24848,2026-04-10,2020-03-10
H2-ENC003762,HOSP048268,2021-07-05,Emergency,H2-PROV0010,DEPT018,90541,2021-01-13,2023-09-01
H2-ENC003763,HOSP039748,2024-05-09,Telemedicine,H2-PROV0016,DEPT003,90048,2021-02-11,2023-08-02
H2-ENC003764,HOSP003679,2020-07-31,Inpatient,H2-PROV0008,DEPT006,53889,2020-04-25,2022-08-17
H2-ENC003765,HOSP026183,2026-04-02,Outpatient,H2-PROV0013,DEPT008,70100,2022-09-08,2026-07-14
H2-ENC003766,HOSP035677,2025-05-12,Emergency,H2-PROV0004,DEPT015,49338,2022-11-30,2022-04-12
H2-ENC003767,HOSP044648,2025-11-22,Telemedicine,H2-PROV0001,DEPT003,43337,2021-04-13,2022-01-18
H2-ENC003768,HOSP035572,2026-03-21,Outpatient,H2-PROV0020,DEPT017,48801,2021-11-12,2023-09-29
H2-ENC003769,HOSP035078,2023-04-16,Telemedicine,H2-PROV0016,DEPT014,57363,2022-08-28,2026-02-23
H2-ENC003770,HOSP031942,2020-05-07,Telemedicine,H2-PROV0019,DEPT007,51151,2021-03-09,2025-05-26
H2-ENC003771,HOSP008635,2022-03-22,Emergency,H2-PROV0014,DEPT004,23432,2025-12-02,2024-01-05
H2-ENC003772,HOSP042008,2025-02-07,Telemedicine,H2-PROV0017,DEPT003,66263,2024-04-14,2023-12-09
H2-ENC003773,HOSP017223,2022-09-06,Outpatient,H2-PROV0026,DEPT006,75287,2021-05-24,2023-09-05
H2-ENC003774,HOSP047018,2020-06-14,Outpatient,H2-PROV0023,DEPT007,13484,2021-07-29,2022-01-28
H2-ENC003775,HOSP013650,2021-10-07,Routine Checkup,H2-PROV0016,DEPT009,76259,2026-01-11,2024-07-20
H2-ENC003776,HOSP048873,2020-06-05,Inpatient,H2-PROV0030,DEPT014,24476,2020-03-11,2025-10-14
H2-ENC003777,HOSP035945,2020-05-27,Telemedicine,H2-PROV0010,DEPT009,71812,2021-03-19,2020-11-19
H2-ENC003778,HOSP035742,2021-07-31,Routine Checkup,H2-PROV0024,DEPT002,74724,2020-10-03,2022-08-01
H2-ENC003779,HOSP009295,2022-02-20,Outpatient,H2-PROV0011,DEPT008,91329,2020-02-21,2023-03-27
H2-ENC003780,HOSP030151,2025-01-19,Telemedicine,H2-PROV0006,DEPT005,72105,2021-11-28,2023-04-19
H2-ENC003781,HOSP012617,2024-12-30,Routine Checkup,H2-PROV0007,DEPT013,37751,2025-08-12,2021-12-23
H2-ENC003782,HOSP016233,2025-03-27,Inpatient,H2-PROV0009,DEPT001,51097,2022-07-13,2025-12-07
H2-ENC003783,HOSP037306,2025-06-12,Routine Checkup,H2-PROV0016,DEPT011,70414,2021-07-07,2020-08-15
H2-ENC003784,HOSP000545,2021-09-29,Outpatient,H2-PROV0024,DEPT020,51097,2020-08-21,2026-01-10
H2-ENC003785,HOSP024032,2025-07-14,Routine Checkup,H2-PROV0001,DEPT018,11421,2021-12-17,2023-08-06
H2-ENC003786,HOSP000964,2024-05-16,Inpatient,H2-PROV0013,DEPT015,99036,2026-07-14,2021-05-16
H2-ENC003787,HOSP045955,2020-04-17,Telemedicine,H2-PROV0021,DEPT009,84274,2024-11-15,2024-06-06
H2-ENC003788,HOSP042012,2024-09-10,Routine Checkup,H2-PROV0024,DEPT011,77590,2025-12-22,2025-10-21
H2-ENC003789,HOSP005694,2021-03-09,Routine Checkup,H2-PROV0021,DEPT006,27850,2025-05-19,2022-05-06
H2-ENC003790,HOSP028614,2020-04-10,Routine Checkup,H2-PROV0011,DEPT012,50401,2020-05-07,2023-09-01
H2-ENC003791,HOSP044738,2025-12-16,Telemedicine,H2-PROV0025,DEPT006,91746,2024-10-25,2020-10-28
H2-ENC003792,HOSP038703,2021-04-18,Outpatient,H2-PROV0023,DEPT015,76797,2021-05-02,2023-10-16
H2-ENC003793,HOSP024491,2020-03-21,Telemedicine,H2-PROV0025,DEPT020,95732,2025-05-25,2020-05-27
H2-ENC003794,HOSP032377,2020-04-01,Inpatient,H2-PROV0015,DEPT014,24476,2022-06-08,2022-03-01
H2-ENC003795,HOSP048835,2024-02-03,Routine Checkup,H2-PROV0004,DEPT010,52175,2023-11-14,2022-08-18
H2-ENC003796,HOSP035892,2020-03-07,Inpatient,H2-PROV0005,DEPT019,35957,2023-11-12,2026-01-10
H2-ENC003797,HOSP034412,2020-01-19,Routine Checkup,H2-PROV0020,DEPT019,63966,2025-03-02,2023-02-16
H2-ENC003798,HOSP020376,2024-08-09,Inpatient,H2-PROV0026,DEPT001,37015,2025-08-02,2020-07-24
H2-ENC003799,HOSP033066,2022-05-11,Inpatient,H2-PROV0012,DEPT010,21487,2024-03-28,2020-09-10
H2-ENC003800,HOSP006166,2020-04-26,Routine Checkup,H2-PROV0014,DEPT008,75302,2025-08-02,2023-02-26
H2-ENC003801,HOSP008029,2021-02-05,Outpatient,H2-PROV0008,DEPT011,46440,2024-02-15,2020-02-20
H2-ENC003802,HOSP016879,2023-08-13,Outpatient,H2-PROV0023,DEPT017,26828,2023-11-13,2021-10-03
H2-ENC003803,HOSP034421,2021-02-18,Emergency,H2-PROV0027,DEPT020,76559,2023-11-09,2024-10-25
H2-ENC003804,HOSP037693,2026-05-11,Telemedicine,H2-PROV0023,DEPT016,33580,2020-11-13,2023-11-27
H2-ENC003805,HOSP032856,2020-11-14,Outpatient,H2-PROV0014,DEPT010,76332,2020-05-20,2020-12-31
H2-ENC003806,HOSP001011,2022-07-09,Emergency,H2-PROV0021,DEPT013,66263,2020-06-17,2021-02-26
H2-ENC003807,HOSP045996,2020-02-27,Routine Checkup,H2-PROV0023,DEPT016,21275,2025-04-26,2024-10-15
H2-ENC003808,HOSP032654,2025-08-16,Telemedicine,H2-PROV0013,DEPT005,40137,2020-08-05,2021-07-20
H2-ENC003809,HOSP040877,2020-12-21,Emergency,H2-PROV0026,DEPT020,23057,2021-02-27,2023-11-26
H2-ENC003810,HOSP002164,2021-08-31,Routine Checkup,H2-PROV0007,DEPT001,11052,2022-06-24,2022-09-30
H2-ENC003811,HOSP046201,2021-03-19,Routine Checkup,H2-PROV0024,DEPT012,70295,2025-08-18,2021-10-05
H2-ENC003812,HOSP017638,2020-07-29,Routine Checkup,H2-PROV0029,DEPT010,22212,2024-08-27,2024-03-27
H2-ENC003813,HOSP018641,2023-12-11,Outpatient,H2-PROV0009,DEPT003,29273,2024-01-05,2021-07-01
H2-ENC003814,HOSP049297,2022-08-10,Routine Checkup,H2-PROV0020,DEPT003,62807,2021-04-08,2022-06-13
H2-ENC003815,HOSP041571,2022-02-25,Telemedicine,H2-PROV0009,DEPT018,73742,2021-04-08,2024-10-29
H2-ENC003816,HOSP043794,2026-09-30,Inpatient,H2-PROV0015,DEPT009,94426,2022-08-06,2023-11-08
H2-ENC003817,HOSP041293,2021-06-23,Outpatient,H2-PROV0023,DEPT020,26995,2022-05-14,2021-07-22
H2-ENC003818,HOSP007882,2024-07-02,Outpatient,H2-PROV0004,DEPT011,26828,2026-06-02,2024-11-14
H2-ENC003819,HOSP004053,2025-02-18,Telemedicine,H2-PROV0027,DEPT020,75480,2024-06-02,2022-10-08
H2-ENC003820,HOSP043743,2022-06-20,Emergency,H2-PROV0005,DEPT017,42812,2022-03-05,2022-11-09
H2-ENC003821,HOSP001535,2021-11-04,Outpatient,H2-PROV0019,DEPT009,77671,2024-10-23,2024-08-10
H2-ENC003822,HOSP016586,2022-06-01,Outpatient,H2-PROV0026,DEPT012,62879,2025-08-28,2022-10-17
H2-ENC003823,HOSP013542,2022-01-20,Outpatient,H2-PROV0018,DEPT014,26995,2023-03-19,2025-01-26
H2-ENC003824,HOSP015358,2022-11-08,Inpatient,H2-PROV0005,DEPT020,71258,2020-04-07,2024-12-29
H2-ENC003825,HOSP039869,2022-11-11,Outpatient,H2-PROV0009,DEPT017,22142,2024-03-18,2023-05-08
H2-ENC003826,HOSP036964,2022-02-26,Inpatient,H2-PROV0026,DEPT009,52492,2026-08-02,2020-01-13
H2-ENC003827,HOSP017309,2024-09-22,Outpatient,H2-PROV0017,DEPT012,82323,2026-02-20,2024-06-17
H2-ENC003828,HOSP036795,2020-12-27,Emergency,H2-PROV0012,DEPT005,11029,2025-07-08,2022-01-07
H2-ENC003829,HOSP014340,2020-09-23,Inpatient,H2-PROV0027,DEPT013,17106,2022-03-10,2020-08-31
H2-ENC003830,HOSP035300,2021-07-22,Outpatient,H2-PROV0023,DEPT018,91746,2023-05-06,2022-06-03
H2-ENC003831,HOSP018344,2023-11-26,Telemedicine,H2-PROV0004,DEPT013,38675,2023-11-07,2024-09-15
H2-ENC003832,HOSP047336,2020-11-06,Inpatient,H2-PROV0021,DEPT005,36009,2021-10-06,2022-01-01
H2-ENC003833,HOSP048570,2023-12-31,Routine Checkup,H2-PROV0009,DEPT013,96257,2020-08-14,2023-09-30
H2-ENC003834,HOSP040261,2023-04-04,Outpatient,H2-PROV0026,DEPT005,80451,2024-04-24,2026-04-17
H2-ENC003835,HOSP003665,2023-04-13,Outpatient,H2-PROV0005,DEPT006,98646,2021-09-28,2024-02-23
H2-ENC003836,HOSP024603,2024-12-02,Inpatient,H2-PROV0028,DEPT006,43756,2023-06-08,2026-07-19
H2-ENC003837,HOSP016753,2024-11-07,Inpatient,H2-PROV0027,DEPT019,17178,2023-05-22,2020-09-28
H2-ENC003838,HOSP002623,2022-09-07,Emergency,H2-PROV0030,DEPT004,59727,2023-10-25,2020-07-09
H2-ENC003839,HOSP002335,2021-02-18,Inpatient,H2-PROV0005,DEPT016,30265,2020-07-15,2026-04-24
H2-ENC003840,HOSP016069,2022-11-06,Routine Checkup,H2-PROV0012,DEPT020,40845,2024-06-01,2024-03-04
H2-ENC003841,HOSP041441,2022-10-30,Outpatient,H2-PROV0018,DEPT006,52613,2020-11-17,2020-02-29
H2-ENC003842,HOSP002040,2023-12-14,Inpatient,H2-PROV0014,DEPT015,17139,2025-01-05,2020-06-21
H2-ENC003843,HOSP036600,2020-07-14,Outpatient,H2-PROV0029,DEPT012,53188,2021-11-20,2020-02-21
H2-ENC003844,HOSP027303,2021-04-02,Inpatient,H2-PROV0016,DEPT005,90489,2021-06-24,2020-12-02
H2-ENC003845,HOSP003706,2023-08-09,Outpatient,H2-PROV0016,DEPT013,72979,2020-05-12,2020-07-07
H2-ENC003846,HOSP005585,2024-03-07,Outpatient,H2-PROV0018,DEPT007,98121,2022-02-13,2022-05-29
H2-ENC003847,HOSP006544,2021-04-30,Inpatient,H2-PROV0023,DEPT002,72979,2020-05-04,2023-09-30
H2-ENC003848,HOSP046508,2022-03-08,Outpatient,H2-PROV0030,DEPT004,77311,2022-02-13,2024-03-31
H2-ENC003849,HOSP031249,2024-03-29,Inpatient,H2-PROV0006,DEPT008,66840,2022-07-22,2026-05-14
H2-ENC003850,HOSP043386,2026-04-16,Routine Checkup,H2-PROV0004,DEPT015,34493,2025-06-16,2020-08-05
H2-ENC003851,HOSP041390,2022-09-09,Telemedicine,H2-PROV0028,DEPT020,60966,2021-10-28,2024-01-31
H2-ENC003852,HOSP047255,2026-08-07,Routine Checkup,H2-PROV0006,DEPT005,97224,2023-04-08,2025-02-10
H2-ENC003853,HOSP011876,2020-02-16,Routine Checkup,H2-PROV0008,DEPT017,49397,2024-04-10,2022-04-16
H2-ENC003854,HOSP026164,2026-01-12,Telemedicine,H2-PROV0015,DEPT017,81231,2026-08-08,2020-03-16
H2-ENC003855,HOSP039349,2024-03-15,Emergency,H2-PROV0027,DEPT010,65795,2021-07-14,2020-02-18
H2-ENC003856,HOSP035721,2025-06-12,Emergency,H2-PROV0008,DEPT010,81013,2020-07-19,2021-12-15
H2-ENC003857,HOSP008488,2024-07-29,Routine Checkup,H2-PROV0013,DEPT014,48917,2021-08-14,2021-10-30
H2-ENC003858,HOSP000126,2022-01-16,Emergency,H2-PROV0029,DEPT018,34672,2020-04-23,2025-05-31
H2-ENC003859,HOSP007373,2024-06-22,Inpatient,H2-PROV0027,DEPT012,90758,2026-03-31,2020-04-23
H2-ENC003860,HOSP004636,2021-07-05,Outpatient,H2-PROV0023,DEPT015,26828,2024-02-15,2023-10-24
H2-ENC003861,HOSP027105,2026-09-18,Telemedicine,H2-PROV0012,DEPT007,17969,2020-06-11,2021-03-26
H2-ENC003862,HOSP006710,2021-02-18,Emergency,H2-PROV0007,DEPT002,20782,2025-04-06,2020-09-02
H2-ENC003863,HOSP037678,2024-01-08,Telemedicine,H2-PROV0014,DEPT020,72241,2025-09-08,2022-07-24
H2-ENC003864,HOSP023528,2024-10-20,Emergency,H2-PROV0021,DEPT017,74624,2022-03-22,2024-04-08
H2-ENC003865,HOSP027955,2023-03-31,Outpatient,H2-PROV0030,DEPT005,35241,2024-12-01,2023-12-03
H2-ENC003866,HOSP035053,2022-01-12,Outpatient,H2-PROV0019,DEPT012,73843,2022-12-31,2021-11-06
H2-ENC003867,HOSP030676,2026-08-03,Routine Checkup,H2-PROV0016,DEPT006,76922,2021-02-11,2025-05-15
H2-ENC003868,HOSP026043,2024-06-17,Inpatient,H2-PROV0006,DEPT012,84274,2023-08-05,2026-05-31
H2-ENC003869,HOSP010911,2023-05-27,Inpatient,H2-PROV0012,DEPT004,93323,2021-02-22,2024-05-16
H2-ENC003870,HOSP034271,2022-03-28,Outpatient,H2-PROV0006,DEPT005,75294,2026-08-19,2022-02-23
H2-ENC003871,HOSP031113,2023-08-19,Inpatient,H2-PROV0011,DEPT002,84333,2026-04-19,2022-11-21
H2-ENC003872,HOSP032987,2023-05-02,Emergency,H2-PROV0011,DEPT007,32809,2026-07-08,2022-03-29
H2-ENC003873,HOSP028445,2023-08-20,Outpatient,H2-PROV0006,DEPT014,69052,2024-02-04,2026-06-10
H2-ENC003874,HOSP035553,2023-02-05,Inpatient,H2-PROV0023,DEPT011,55663,2020-09-11,2020-06-26
H2-ENC003875,HOSP015693,2021-11-27,Emergency,H2-PROV0008,DEPT007,42632,2025-12-14,2022-04-21
H2-ENC003876,HOSP024332,2022-05-02,Outpatient,H2-PROV0019,DEPT018,85655,2023-07-19,2022-11-12
H2-ENC003877,HOSP035424,2022-09-07,Routine Checkup,H2-PROV0013,DEPT011,18752,2022-07-29,2024-05-13
H2-ENC003878,HOSP011221,2020-03-28,Telemedicine,H2-PROV0023,DEPT004,16990,2020-10-04,2023-02-03
H2-ENC003879,HOSP026867,2020-01-13,Routine Checkup,H2-PROV0010,DEPT008,55835,2020-12-19,2026-06-07
H2-ENC003880,HOSP006255,2021-05-04,Inpatient,H2-PROV0023,DEPT003,14177,2022-01-22,2025-11-09
H2-ENC003881,HOSP008409,2020-02-14,Inpatient,H2-PROV0029,DEPT009,42632,2026-05-24,2022-12-10
H2-ENC003882,HOSP001481,2021-08-30,Telemedicine,H2-PROV0017,DEPT001,41435,2020-10-14,2023-07-18
H2-ENC003883,HOSP005445,2020-03-02,Inpatient,H2-PROV0001,DEPT006,74701,2022-08-22,2021-09-14
H2-ENC003884,HOSP028451,2021-05-24,Emergency,H2-PROV0012,DEPT020,81231,2022-09-01,2021-05-30
H2-ENC003885,HOSP031673,2024-04-19,Outpatient,H2-PROV0006,DEPT014,36953,2020-03-16,2025-08-17
H2-ENC003886,HOSP005854,2022-12-11,Inpatient,H2-PROV0001,DEPT018,96904,2020-08-06,2022-01-07
H2-ENC003887,HOSP032319,2021-11-02,Routine Checkup,H2-PROV0002,DEPT010,21133,2023-11-14,2024-06-28
H2-ENC003888,HOSP014706,2026-03-19,Telemedicine,H2-PROV0020,DEPT014,18696,2023-04-16,2025-07-12
H2-ENC003889,HOSP027929,2021-04-20,Inpatient,H2-PROV0021,DEPT019,10661,2024-02-22,2024-07-14
H2-ENC003890,HOSP039994,2024-06-19,Telemedicine,H2-PROV0023,DEPT020,21133,2022-02-13,2021-01-19
H2-ENC003891,HOSP040749,2020-04-08,Inpatient,H2-PROV0012,DEPT011,20868,2025-08-06,2025-12-09
H2-ENC003892,HOSP015469,2024-03-10,Telemedicine,H2-PROV0016,DEPT003,84958,2025-12-31,2023-06-21
H2-ENC003893,HOSP025557,2023-06-17,Inpatient,H2-PROV0007,DEPT009,51679,2023-10-03,2026-07-03
H2-ENC003894,HOSP039286,2022-12-27,Telemedicine,H2-PROV0028,DEPT006,10160,2025-09-18,2021-08-11
H2-ENC003895,HOSP022459,2021-06-18,Routine Checkup,H2-PROV0019,DEPT003,18688,2025-08-02,2020-06-08
H2-ENC003896,HOSP030810,2026-05-01,Routine Checkup,H2-PROV0021,DEPT014,76686,2026-04-27,2022-06-28
H2-ENC003897,HOSP031030,2021-06-10,Outpatient,H2-PROV0018,DEPT007,31552,2023-03-22,2026-08-22
H2-ENC003898,HOSP003892,2023-12-19,Routine Checkup,H2-PROV0015,DEPT020,76716,2025-08-22,2026-04-04
H2-ENC003899,HOSP025712,2024-07-11,Inpatient,H2-PROV0027,DEPT006,34151,2020-02-15,2021-02-02
H2-ENC003900,HOSP023434,2026-09-22,Routine Checkup,H2-PROV0025,DEPT015,40533,2020-07-13,2021-08-26
H2-ENC003901,HOSP019059,2021-12-23,Routine Checkup,H2-PROV0009,DEPT018,35802,2020-05-30,2026-06-07
H2-ENC003902,HOSP042442,2021-07-14,Telemedicine,H2-PROV0016,DEPT011,33195,2024-12-23,2026-09-16
H2-ENC003903,HOSP008454,2024-10-05,Inpatient,H2-PROV0020,DEPT014,70701,2021-10-29,2024-02-22
H2-ENC003904,HOSP015923,2023-09-27,Outpatient,H2-PROV0018,DEPT002,64423,2022-12-11,2026-02-12
H2-ENC003905,HOSP048127,2020-04-01,Inpatient,H2-PROV0030,DEPT019,34956,2022-07-20,2024-12-09
H2-ENC003906,HOSP014606,2025-12-26,Inpatient,H2-PROV0004,DEPT011,17846,2020-11-11,2024-03-09
H2-ENC003907,HOSP017355,2026-05-26,Emergency,H2-PROV0024,DEPT017,85154,2025-05-13,2021-01-02
H2-ENC003908,HOSP022958,2022-05-10,Outpatient,H2-PROV0016,DEPT001,90497,2021-08-30,2020-02-02
H2-ENC003909,HOSP049400,2023-02-10,Emergency,H2-PROV0009,DEPT017,39529,2022-07-08,2026-08-24
H2-ENC003910,HOSP018767,2023-01-08,Routine Checkup,H2-PROV0011,DEPT014,56397,2023-11-08,2023-07-24
H2-ENC003911,HOSP048972,2020-03-15,Routine Checkup,H2-PROV0010,DEPT004,34434,2023-01-28,2026-07-26
H2-ENC003912,HOSP021764,2024-01-25,Inpatient,H2-PROV0006,DEPT003,57849,2022-06-07,2026-04-13
H2-ENC003913,HOSP038308,2022-08-09,Telemedicine,H2-PROV0025,DEPT017,73843,2021-02-23,2021-08-01
H2-ENC003914,HOSP009841,2026-01-27,Emergency,H2-PROV0007,DEPT016,75772,2023-08-14,2024-04-29
H2-ENC003915,HOSP031127,2020-03-04,Telemedicine,H2-PROV0015,DEPT009,45650,2026-04-12,2020-03-12
H2-ENC003916,HOSP035819,2026-09-04,Inpatient,H2-PROV0025,DEPT017,14177,2023-02-25,2024-05-16
H2-ENC003917,HOSP007848,2020-07-31,Telemedicine,H2-PROV0025,DEPT004,30764,2023-10-16,2022-01-15
H2-ENC003918,HOSP037885,2023-10-11,Outpatient,H2-PROV0023,DEPT007,14517,2022-03-09,2021-08-05
H2-ENC003919,HOSP001660,2021-11-03,Emergency,H2-PROV0007,DEPT008,28115,2020-12-03,2023-07-07
H2-ENC003920,HOSP035977,2020-01-13,Emergency,H2-PROV0001,DEPT011,84874,2020-05-02,2026-09-18
H2-ENC003921,HOSP036973,2021-01-15,Routine Checkup,H2-PROV0006,DEPT014,13682,2025-09-17,2025-07-30
H2-ENC003922,HOSP043157,2023-07-15,Routine Checkup,H2-PROV0014,DEPT011,33056,2026-04-09,2022-12-14
H2-ENC003923,HOSP000629,2026-02-24,Routine Checkup,H2-PROV0025,DEPT004,58567,2021-11-09,2026-09-27
H2-ENC003924,HOSP023537,2020-01-08,Telemedicine,H2-PROV0015,DEPT001,88969,2020-12-23,2026-08-25
H2-ENC003925,HOSP030919,2026-09-18,Emergency,H2-PROV0023,DEPT019,37375,2020-05-23,2021-07-27
H2-ENC003926,HOSP001543,2024-05-14,Emergency,H2-PROV0008,DEPT001,98690,2024-01-10,2024-05-01
H2-ENC003927,HOSP024288,2022-07-18,Telemedicine,H2-PROV0021,DEPT010,94872,2025-09-30,2026-06-11
H2-ENC003928,HOSP045596,2024-09-15,Routine Checkup,H2-PROV0023,DEPT016,37751,2026-02-21,2024-06-01
H2-ENC003929,HOSP041461,2023-04-08,Outpatient,H2-PROV0030,DEPT006,40502,2025-06-03,2020-03-26
H2-ENC003930,HOSP000190,2023-08-23,Routine Checkup,H2-PROV0022,DEPT011,70701,2020-06-12,2023-09-09
H2-ENC003931,HOSP014391,2025-11-16,Telemedicine,H2-PROV0024,DEPT018,71185,2021-11-14,2023-08-14
H2-ENC003932,HOSP000491,2022-12-07,Outpatient,H2-PROV0004,DEPT017,74366,2022-11-08,2024-02-18
H2-ENC003933,HOSP005791,2022-12-09,Routine Checkup,H2-PROV0014,DEPT012,65252,2022-08-01,2020-03-19
H2-ENC003934,HOSP021277,2025-07-01,Telemedicine,H2-PROV0006,DEPT003,31649,2025-04-14,2026-06-30
H2-ENC003935,HOSP045860,2020-03-02,Routine Checkup,H2-PROV0020,DEPT011,73021,2026-08-29,2022-06-20
H2-ENC003936,HOSP016875,2024-07-01,Telemedicine,H2-PROV0012,DEPT004,27801,2022-12-11,2024-06-19
H2-ENC003937,HOSP014952,2023-01-20,Inpatient,H2-PROV0023,DEPT016,98313,2023-09-10,2025-12-17
H2-ENC003938,HOSP024481,2020-12-28,Inpatient,H2-PROV0005,DEPT019,71812,2023-05-05,2023-07-10
H2-ENC003939,HOSP021934,2023-05-17,Telemedicine,H2-PROV0011,DEPT012,40475,2022-03-12,2021-06-15
H2-ENC003940,HOSP041972,2021-05-11,Emergency,H2-PROV0012,DEPT013,71994,2022-10-28,2022-04-12
H2-ENC003941,HOSP012317,2021-07-13,Emergency,H2-PROV0028,DEPT011,21275,2021-09-25,2023-12-09
H2-ENC003942,HOSP006950,2025-01-15,Outpatient,H2-PROV0016,DEPT005,32873,2022-03-03,2021-11-01
H2-ENC003943,HOSP022529,2022-02-24,Outpatient,H2-PROV0019,DEPT005,94100,2025-11-06,2021-02-08
H2-ENC003944,HOSP018141,2022-10-28,Inpatient,H2-PROV0021,DEPT014,44323,2025-05-09,2024-02-06
H2-ENC003945,HOSP044142,2022-03-11,Emergency,H2-PROV0008,DEPT018,80441,2024-03-01,2025-12-17
H2-ENC003946,HOSP023784,2026-05-16,Emergency,H2-PROV0016,DEPT007,50462,2026-05-21,2022-11-11
H2-ENC003947,HOSP022649,2024-09-17,Inpatient,H2-PROV0016,DEPT019,92091,2023-09-14,2025-02-26
H2-ENC003948,HOSP028699,2021-05-09,Inpatient,H2-PROV0028,DEPT012,28814,2022-01-13,2025-01-21
H2-ENC003949,HOSP003257,2025-09-23,Outpatient,H2-PROV0005,DEPT008,41456,2026-09-07,2021-01-27
H2-ENC003950,HOSP009761,2025-10-22,Emergency,H2-PROV0007,DEPT011,90316,2021-04-21,2022-11-04
H2-ENC003951,HOSP015644,2024-01-17,Inpatient,H2-PROV0028,DEPT009,56966,2026-07-26,2023-01-23
H2-ENC003952,HOSP004474,2025-08-02,Telemedicine,H2-PROV0009,DEPT017,53463,2025-09-17,2024-12-21
H2-ENC003953,HOSP004736,2025-11-09,Inpatient,H2-PROV0015,DEPT003,49874,2025-11-11,2020-04-01
H2-ENC003954,HOSP019545,2020-02-10,Emergency,H2-PROV0009,DEPT017,39840,2021-09-10,2025-03-12
H2-ENC003955,HOSP023531,2026-04-30,Outpatient,H2-PROV0006,DEPT011,12355,2024-05-16,2021-04-09
H2-ENC003956,HOSP043162,2021-05-27,Routine Checkup,H2-PROV0002,DEPT001,50750,2024-11-02,2021-02-07
H2-ENC003957,HOSP011235,2024-06-22,Routine Checkup,H2-PROV0005,DEPT015,12166,2023-05-02,2024-05-20
H2-ENC003958,HOSP049440,2024-11-01,Outpatient,H2-PROV0029,DEPT019,18032,2021-06-20,2022-05-16
H2-ENC003959,HOSP029772,2026-02-04,Inpatient,H2-PROV0012,DEPT012,72365,2026-09-03,2020-08-21
H2-ENC003960,HOSP024550,2023-03-01,Telemedicine,H2-PROV0002,DEPT014,68535,2020-10-25,2022-04-25
H2-ENC003961,HOSP019967,2023-03-20,Inpatient,H2-PROV0009,DEPT018,39231,2025-07-18,2023-03-04
H2-ENC003962,HOSP025814,2024-04-07,Inpatient,H2-PROV0003,DEPT020,32809,2023-04-30,2021-07-20
H2-ENC003963,HOSP033788,2021-02-16,Routine Checkup,H2-PROV0019,DEPT003,88969,2021-04-23,2023-07-02
H2-ENC003964,HOSP006951,2025-08-27,Outpatient,H2-PROV0027,DEPT011,40402,2020-06-25,2020-01-17
H2-ENC003965,HOSP023844,2026-03-06,Inpatient,H2-PROV0006,DEPT014,63116,2024-03-23,2021-11-10
H2-ENC003966,HOSP013330,2021-12-23,Outpatient,H2-PROV0028,DEPT006,38013,2021-07-13,2023-11-18
H2-ENC003967,HOSP018510,2024-08-16,Telemedicine,H2-PROV0009,DEPT002,53313,2022-04-26,2020-10-01
H2-ENC003968,HOSP019331,2024-05-26,Routine Checkup,H2-PROV0027,DEPT019,45202,2024-03-21,2025-10-26
H2-ENC003969,HOSP005376,2022-07-21,Emergency,H2-PROV0018,DEPT009,58651,2026-09-19,2025-12-17
H2-ENC003970,HOSP025768,2022-09-27,Routine Checkup,H2-PROV0012,DEPT020,86865,2026-03-25,2020-03-17
H2-ENC003971,HOSP046118,2023-08-06,Inpatient,H2-PROV0010,DEPT019,96411,2022-03-15,2025-10-17
H2-ENC003972,HOSP006533,2022-02-07,Routine Checkup,H2-PROV0027,DEPT005,98121,2022-06-06,2025-09-07
H2-ENC003973,HOSP022622,2020-08-20,Emergency,H2-PROV0004,DEPT006,56195,2021-12-20,2021-11-13
H2-ENC003974,HOSP044322,2025-07-21,Telemedicine,H2-PROV0021,DEPT003,25152,2024-11-17,2021-05-05
H2-ENC003975,HOSP028540,2021-10-31,Telemedicine,H2-PROV0015,DEPT004,80367,2025-11-13,2025-03-10
H2-ENC003976,HOSP048172,2024-09-04,Routine Checkup,H2-PROV0009,DEPT010,39592,2024-06-04,2022-02-03
H2-ENC003977,HOSP015016,2021-11-25,Inpatient,H2-PROV0028,DEPT008,90708,2026-06-18,2025-11-20
H2-ENC003978,HOSP037068,2025-08-22,Emergency,H2-PROV0002,DEPT009,17070,2023-11-13,2020-07-15
H2-ENC003979,HOSP036879,2021-08-13,Inpatient,H2-PROV0011,DEPT006,37015,2022-03-29,2025-11-09
H2-ENC003980,HOSP025335,2025-04-28,Telemedicine,H2-PROV0022,DEPT018,75794,2023-07-25,2020-08-12
H2-ENC003981,HOSP024084,2021-01-17,Telemedicine,H2-PROV0003,DEPT018,58651,2025-12-19,2022-01-29
H2-ENC003982,HOSP018664,2025-04-14,Inpatient,H2-PROV0016,DEPT010,18148,2020-05-02,2026-07-21
H2-ENC003983,HOSP037963,2020-05-20,Inpatient,H2-PROV0020,DEPT010,17163,2026-08-23,2022-05-26
H2-ENC003984,HOSP023230,2026-04-15,Outpatient,H2-PROV0029,DEPT004,99695,2022-09-06,2024-08-06
H2-ENC003985,HOSP043943,2023-10-31,Inpatient,H2-PROV0023,DEPT014,32227,2020-08-28,2023-03-31
H2-ENC003986,HOSP042844,2026-05-30,Inpatient,H2-PROV0018,DEPT007,17969,2021-11-14,2021-02-09
H2-ENC003987,HOSP010762,2023-09-27,Emergency,H2-PROV0017,DEPT010,65668,2024-04-24,2024-08-11
H2-ENC003988,HOSP027440,2021-12-20,Routine Checkup,H2-PROV0030,DEPT009,17070,2025-06-07,2025-10-31
H2-ENC003989,HOSP036852,2021-02-20,Inpatient,H2-PROV0016,DEPT016,99695,2021-04-26,2021-11-12
H2-ENC003990,HOSP041034,2024-05-29,Emergency,H2-PROV0024,DEPT009,80084,2023-02-04,2023-07-22
H2-ENC003991,HOSP028503,2020-08-14,Telemedicine,H2-PROV0026,DEPT017,54731,2023-08-15,2026-08-04
H2-ENC003992,HOSP016643,2023-01-19,Emergency,H2-PROV0003,DEPT009,18657,2025-01-14,2026-09-28
H2-ENC003993,HOSP020488,2020-11-19,Outpatient,H2-PROV0017,DEPT018,23826,2023-06-15,2023-08-20
H2-ENC003994,HOSP007466,2026-09-20,Emergency,H2-PROV0002,DEPT003,84517,2025-07-02,2026-05-03
H2-ENC003995,HOSP035639,2025-06-04,Emergency,H2-PROV0021,DEPT002,59003,2023-01-18,2026-03-17
H2-ENC003996,HOSP014487,2022-07-08,Routine Checkup,H2-PROV0016,DEPT011,56599,2026-03-03,2024-07-23
H2-ENC003997,HOSP002655,2024-02-27,Routine Checkup,H2-PROV0001,DEPT016,55029,2020-10-05,2023-04-14
H2-ENC003998,HOSP005077,2025-07-08,Inpatient,H2-PROV0023,DEPT010,37015,2022-02-11,2025-01-26
H2-ENC003999,HOSP000150,2023-06-03,Outpatient,H2-PROV0003,DEPT004,93338,2023-08-16,2023-03-31
H2-ENC004000,HOSP006858,2023-04-08,Inpatient,H2-PROV0022,DEPT002,41708,2021-08-10,2026-07-17
H2-ENC004001,HOSP008879,2023-10-27,Inpatient,H2-PROV0030,DEPT002,68044,2021-02-23,2024-11-27
H2-ENC004002,HOSP043452,2024-05-11,Inpatient,H2-PROV0015,DEPT017,12280,2020-04-09,2020-02-21
H2-ENC004003,HOSP037851,2025-11-01,Outpatient,H2-PROV0024,DEPT006,40502,2024-01-05,2020-01-16
H2-ENC004004,HOSP032809,2025-05-10,Telemedicine,H2-PROV0014,DEPT004,60075,2020-03-06,2025-02-05
H2-ENC004005,HOSP032052,2021-09-04,Emergency,H2-PROV0030,DEPT011,36115,2026-06-11,2020-09-28
H2-ENC004006,HOSP040419,2020-03-02,Emergency,H2-PROV0008,DEPT004,49502,2023-08-06,2024-05-26
H2-ENC004007,HOSP033630,2026-03-08,Telemedicine,H2-PROV0028,DEPT018,40502,2023-08-25,2025-01-31
H2-ENC004008,HOSP013082,2022-10-01,Outpatient,H2-PROV0010,DEPT007,59662,2022-06-25,2026-02-10
H2-ENC004009,HOSP027517,2020-04-16,Emergency,H2-PROV0018,DEPT020,34551,2020-10-21,2023-10-03
H2-ENC004010,HOSP041780,2022-07-23,Routine Checkup,H2-PROV0006,DEPT018,44467,2025-08-28,2024-06-21
H2-ENC004011,HOSP003481,2026-04-23,Inpatient,H2-PROV0008,DEPT006,40000,2023-04-16,2026-08-29
H2-ENC004012,HOSP045661,2022-09-06,Telemedicine,H2-PROV0017,DEPT001,61976,2025-03-09,2023-07-24
H2-ENC004013,HOSP003888,2020-09-24,Telemedicine,H2-PROV0005,DEPT013,49292,2021-10-11,2023-02-22
H2-ENC004014,HOSP038773,2020-09-11,Inpatient,H2-PROV0027,DEPT002,30420,2023-05-16,2025-02-21
H2-ENC004015,HOSP034439,2020-08-31,Inpatient,H2-PROV0022,DEPT011,97181,2024-09-30,2026-08-08
H2-ENC004016,HOSP033472,2023-03-02,Emergency,H2-PROV0026,DEPT010,55566,2022-06-30,2020-09-21
H2-ENC004017,HOSP025207,2021-06-13,Inpatient,H2-PROV0003,DEPT016,15804,2023-11-01,2026-06-14
H2-ENC004018,HOSP011556,2020-02-15,Inpatient,H2-PROV0016,DEPT004,37641,2023-09-26,2024-11-07
H2-ENC004019,HOSP025625,2020-01-31,Emergency,H2-PROV0002,DEPT010,46168,2020-07-06,2026-06-10
H2-ENC004020,HOSP027448,2024-06-27,Outpatient,H2-PROV0003,DEPT018,99977,2023-02-10,2025-08-29
H2-ENC004021,HOSP027366,2020-05-10,Outpatient,H2-PROV0012,DEPT009,23150,2020-03-03,2022-01-21
H2-ENC004022,HOSP006255,2026-09-03,Inpatient,H2-PROV0030,DEPT020,78730,2026-09-28,2020-12-22
H2-ENC004023,HOSP008493,2024-06-29,Outpatient,H2-PROV0028,DEPT016,12259,2025-01-09,2021-01-24
H2-ENC004024,HOSP021769,2020-02-11,Routine Checkup,H2-PROV0002,DEPT005,97505,2026-01-24,2023-05-01
H2-ENC004025,HOSP017775,2024-11-02,Outpatient,H2-PROV0003,DEPT002,51588,2026-02-11,2021-02-18
H2-ENC004026,HOSP024777,2025-01-13,Telemedicine,H2-PROV0016,DEPT020,79936,2022-07-20,2026-02-26
H2-ENC004027,HOSP013491,2026-08-31,Emergency,H2-PROV0013,DEPT009,76194,2021-08-16,2026-01-15
H2-ENC004028,HOSP026807,2023-07-23,Telemedicine,H2-PROV0014,DEPT009,57322,2023-05-16,2023-12-06
H2-ENC004029,HOSP016651,2023-06-22,Telemedicine,H2-PROV0007,DEPT003,55369,2020-12-11,2026-05-09
H2-ENC004030,HOSP034239,2022-09-06,Inpatient,H2-PROV0007,DEPT007,31189,2024-03-19,2020-09-12
H2-ENC004031,HOSP026143,2021-08-22,Emergency,H2-PROV0015,DEPT003,75287,2025-08-14,2023-09-17
H2-ENC004032,HOSP005885,2022-12-25,Telemedicine,H2-PROV0001,DEPT014,28906,2020-09-15,2020-02-28
H2-ENC004033,HOSP008778,2024-12-27,Telemedicine,H2-PROV0030,DEPT005,28759,2025-04-04,2021-05-19
H2-ENC004034,HOSP032874,2021-03-08,Emergency,H2-PROV0017,DEPT004,25274,2021-02-28,2025-10-01
H2-ENC004035,HOSP014313,2023-07-07,Routine Checkup,H2-PROV0026,DEPT009,56393,2023-08-06,2025-01-27
H2-ENC004036,HOSP047795,2021-10-29,Telemedicine,H2-PROV0006,DEPT012,16146,2021-09-30,2021-03-26
H2-ENC004037,HOSP021618,2022-09-11,Outpatient,H2-PROV0016,DEPT014,42691,2021-09-12,2025-09-22
H2-ENC004038,HOSP023863,2020-09-13,Emergency,H2-PROV0015,DEPT005,45650,2021-12-22,2025-05-20
H2-ENC004039,HOSP010257,2021-03-28,Outpatient,H2-PROV0001,DEPT008,76778,2024-07-09,2024-08-23
H2-ENC004040,HOSP049810,2020-10-21,Routine Checkup,H2-PROV0010,DEPT019,91985,2024-03-18,2026-02-26
H2-ENC004041,HOSP040653,2025-03-13,Routine Checkup,H2-PROV0022,DEPT011,16578,2024-05-31,2021-10-26
H2-ENC004042,HOSP017645,2022-06-12,Outpatient,H2-PROV0008,DEPT006,99036,2022-04-15,2020-05-02
H2-ENC004043,HOSP030143,2025-01-23,Emergency,H2-PROV0016,DEPT002,34845,2026-07-03,2025-08-11
H2-ENC004044,HOSP016423,2025-10-26,Inpatient,H2-PROV0017,DEPT014,63721,2024-08-01,2023-12-31
H2-ENC004045,HOSP024631,2020-12-17,Inpatient,H2-PROV0015,DEPT005,45650,2021-10-26,2026-08-02
H2-ENC004046,HOSP022769,2023-07-02,Inpatient,H2-PROV0006,DEPT010,47609,2026-09-27,2023-07-27
H2-ENC004047,HOSP024239,2025-08-09,Routine Checkup,H2-PROV0021,DEPT014,11400,2023-09-04,2023-06-02
H2-ENC004048,HOSP030469,2022-05-28,Routine Checkup,H2-PROV0010,DEPT018,79266,2021-06-25,2026-03-06
H2-ENC004049,HOSP037774,2021-12-02,Outpatient,H2-PROV0010,DEPT003,19403,2024-08-10,2021-01-17
H2-ENC004050,HOSP045734,2026-06-27,Telemedicine,H2-PROV0010,DEPT013,81065,2023-05-31,2020-07-25
H2-ENC004051,HOSP008326,2026-04-21,Routine Checkup,H2-PROV0013,DEPT001,96257,2025-05-31,2023-01-31
H2-ENC004052,HOSP047092,2024-09-14,Routine Checkup,H2-PROV0001,DEPT004,39529,2021-06-06,2022-03-16
H2-ENC004053,HOSP001827,2025-04-28,Inpatient,H2-PROV0020,DEPT004,94218,2026-06-10,2020-06-14
H2-ENC004054,HOSP032905,2023-09-07,Telemedicine,H2-PROV0026,DEPT016,86571,2026-06-12,2026-07-09
H2-ENC004055,HOSP034971,2024-11-27,Routine Checkup,H2-PROV0015,DEPT014,41291,2021-03-15,2025-11-02
H2-ENC004056,HOSP023444,2020-06-01,Telemedicine,H2-PROV0021,DEPT003,16990,2023-03-14,2022-10-26
H2-ENC004057,HOSP014212,2020-07-15,Inpatient,H2-PROV0026,DEPT005,35982,2022-02-05,2021-12-23
H2-ENC004058,HOSP030903,2026-02-19,Outpatient,H2-PROV0030,DEPT012,75182,2025-06-25,2020-09-01
H2-ENC004059,HOSP043634,2022-01-31,Emergency,H2-PROV0018,DEPT013,35802,2025-07-27,2022-10-09
H2-ENC004060,HOSP046159,2023-05-26,Routine Checkup,H2-PROV0025,DEPT003,75884,2022-06-27,2022-06-01
H2-ENC004061,HOSP041099,2022-05-12,Emergency,H2-PROV0006,DEPT018,73059,2026-06-28,2024-05-01
H2-ENC004062,HOSP036725,2026-03-29,Inpatient,H2-PROV0018,DEPT003,70531,2025-05-08,2026-10-06
H2-ENC004063,HOSP020320,2025-01-01,Emergency,H2-PROV0017,DEPT015,19132,2021-08-20,2022-02-21
H2-ENC004064,HOSP015388,2025-09-20,Outpatient,H2-PROV0017,DEPT007,53056,2020-08-01,2022-12-02
H2-ENC004065,HOSP042051,2025-10-21,Telemedicine,H2-PROV0030,DEPT001,88440,2025-06-28,2020-12-16
H2-ENC004066,HOSP044010,2020-07-21,Routine Checkup,H2-PROV0009,DEPT010,24161,2023-04-04,2025-09-18
H2-ENC004067,HOSP003359,2023-08-02,Outpatient,H2-PROV0025,DEPT019,67522,2024-05-09,2021-03-21
H2-ENC004068,HOSP033028,2025-11-25,Inpatient,H2-PROV0009,DEPT019,64270,2024-11-12,2020-08-26
H2-ENC004069,HOSP033880,2020-05-05,Telemedicine,H2-PROV0022,DEPT018,66480,2023-11-29,2026-10-04
H2-ENC004070,HOSP012507,2020-04-03,Outpatient,H2-PROV0016,DEPT017,82717,2023-01-18,2023-04-02
H2-ENC004071,HOSP018809,2025-11-16,Emergency,H2-PROV0011,DEPT007,86172,2021-07-16,2025-12-10
H2-ENC004072,HOSP046209,2025-10-11,Telemedicine,H2-PROV0025,DEPT009,34551,2022-06-21,2021-06-07
H2-ENC004073,HOSP017149,2026-06-30,Emergency,H2-PROV0029,DEPT018,87020,2026-07-07,2023-06-11
H2-ENC004074,HOSP001900,2022-02-10,Emergency,H2-PROV0004,DEPT001,48413,2022-07-12,2024-12-30
H2-ENC004075,HOSP019561,2024-03-22,Emergency,H2-PROV0026,DEPT008,40502,2023-09-25,2023-02-24
H2-ENC004076,HOSP022196,2022-08-13,Telemedicine,H2-PROV0020,DEPT020,32900,2020-06-13,2020-12-10
H2-ENC004077,HOSP033077,2022-03-28,Emergency,H2-PROV0011,DEPT015,34966,2024-06-23,2024-11-11
H2-ENC004078,HOSP010528,2022-09-02,Telemedicine,H2-PROV0018,DEPT007,94566,2026-02-11,2024-10-12
H2-ENC004079,HOSP015408,2020-05-08,Outpatient,H2-PROV0011,DEPT008,86041,2026-04-03,2026-08-22
H2-ENC004080,HOSP023615,2025-12-20,Outpatient,H2-PROV0029,DEPT018,79992,2022-10-24,2025-06-20
H2-ENC004081,HOSP044533,2025-09-11,Outpatient,H2-PROV0022,DEPT006,64287,2023-01-20,2026-04-27
H2-ENC004082,HOSP049748,2023-09-17,Telemedicine,H2-PROV0017,DEPT011,54938,2020-01-30,2026-01-04
H2-ENC004083,HOSP027413,2022-11-19,Outpatient,H2-PROV0022,DEPT006,49338,2022-08-07,2023-11-06
H2-ENC004084,HOSP037864,2026-09-19,Routine Checkup,H2-PROV0005,DEPT010,57109,2021-10-02,2025-11-04
H2-ENC004085,HOSP044002,2021-04-17,Outpatient,H2-PROV0012,DEPT019,87560,2025-06-23,2025-09-09
H2-ENC004086,HOSP037813,2022-12-10,Inpatient,H2-PROV0025,DEPT007,12273,2021-09-01,2021-03-14
H2-ENC004087,HOSP007293,2025-09-30,Routine Checkup,H2-PROV0012,DEPT018,15796,2021-07-26,2023-12-18
H2-ENC004088,HOSP049002,2026-05-04,Outpatient,H2-PROV0011,DEPT012,68535,2024-10-25,2021-08-15
H2-ENC004089,HOSP010215,2025-03-30,Inpatient,H2-PROV0027,DEPT011,14848,2021-12-29,2021-07-18
H2-ENC004090,HOSP019334,2020-06-06,Emergency,H2-PROV0028,DEPT019,85873,2020-06-25,2025-09-16
H2-ENC004091,HOSP016277,2024-01-04,Routine Checkup,H2-PROV0005,DEPT012,88824,2024-07-06,2022-11-13
H2-ENC004092,HOSP021296,2022-07-11,Telemedicine,H2-PROV0021,DEPT006,55284,2022-02-12,2020-08-08
H2-ENC004093,HOSP001945,2022-08-26,Inpatient,H2-PROV0011,DEPT011,77488,2021-06-12,2025-10-08
H2-ENC004094,HOSP029700,2023-01-01,Routine Checkup,H2-PROV0016,DEPT006,41054,2026-10-03,2022-02-12
H2-ENC004095,HOSP000454,2026-03-26,Telemedicine,H2-PROV0024,DEPT002,66462,2020-02-19,2026-06-20
H2-ENC004096,HOSP023919,2022-05-11,Outpatient,H2-PROV0011,DEPT010,99036,2020-07-13,2025-09-06
H2-ENC004097,HOSP020098,2022-07-29,Telemedicine,H2-PROV0012,DEPT001,99977,2024-10-08,2024-04-20
H2-ENC004098,HOSP007493,2024-10-05,Outpatient,H2-PROV0018,DEPT015,31081,2023-06-13,2026-06-08
H2-ENC004099,HOSP008255,2023-05-13,Outpatient,H2-PROV0030,DEPT013,92185,2026-08-11,2020-02-08
H2-ENC004100,HOSP035936,2023-01-09,Outpatient,H2-PROV0008,DEPT020,76686,2022-02-12,2025-03-16
H2-ENC004101,HOSP048660,2026-09-10,Telemedicine,H2-PROV0015,DEPT016,14517,2020-08-24,2025-04-20
H2-ENC004102,HOSP012829,2025-12-07,Emergency,H2-PROV0010,DEPT009,82062,2025-05-19,2024-08-18
H2-ENC004103,HOSP038652,2022-10-30,Routine Checkup,H2-PROV0010,DEPT018,83562,2021-11-17,2021-12-19
H2-ENC004104,HOSP007225,2026-08-15,Telemedicine,H2-PROV0026,DEPT002,66840,2022-11-10,2020-08-23
H2-ENC004105,HOSP045430,2021-04-04,Inpatient,H2-PROV0013,DEPT002,71302,2023-11-12,2021-08-25
H2-ENC004106,HOSP009316,2022-09-14,Inpatient,H2-PROV0021,DEPT005,18752,2021-06-18,2020-09-04
H2-ENC004107,HOSP004051,2021-08-03,Outpatient,H2-PROV0030,DEPT006,20445,2021-12-05,2025-04-04
H2-ENC004108,HOSP025321,2025-04-20,Emergency,H2-PROV0001,DEPT003,28814,2023-10-03,2021-11-04
H2-ENC004109,HOSP016354,2026-03-04,Telemedicine,H2-PROV0019,DEPT018,73021,2023-06-09,2025-04-15
H2-ENC004110,HOSP007647,2021-05-29,Outpatient,H2-PROV0022,DEPT004,18346,2023-04-09,2026-04-18
H2-ENC004111,HOSP016811,2020-07-14,Routine Checkup,H2-PROV0020,DEPT012,21656,2020-05-07,2024-02-06
H2-ENC004112,HOSP024308,2021-12-26,Emergency,H2-PROV0019,DEPT001,89973,2022-06-01,2021-12-22
H2-ENC004113,HOSP036193,2024-01-05,Telemedicine,H2-PROV0007,DEPT008,95392,2022-05-01,2024-02-16
H2-ENC004114,HOSP001214,2020-08-29,Outpatient,H2-PROV0008,DEPT010,97120,2024-01-27,2023-06-15
H2-ENC004115,HOSP046291,2022-03-29,Routine Checkup,H2-PROV0011,DEPT003,33770,2025-01-01,2023-09-24
H2-ENC004116,HOSP018030,2021-11-09,Inpatient,H2-PROV0007,DEPT008,59003,2021-09-04,2025-06-06
H2-ENC004117,HOSP031491,2021-04-30,Outpatient,H2-PROV0012,DEPT004,43756,2025-04-06,2021-06-22
H2-ENC004118,HOSP003822,2021-08-01,Emergency,H2-PROV0025,DEPT017,39840,2021-03-02,2022-08-07
H2-ENC004119,HOSP036256,2024-05-28,Emergency,H2-PROV0017,DEPT007,52492,2024-01-18,2022-11-22
H2-ENC004120,HOSP026501,2026-01-20,Outpatient,H2-PROV0012,DEPT011,38753,2020-03-10,2020-08-12
H2-ENC004121,HOSP016872,2025-05-19,Inpatient,H2-PROV0009,DEPT003,72420,2025-11-23,2020-12-30
H2-ENC004122,HOSP041964,2026-02-11,Inpatient,H2-PROV0005,DEPT009,44484,2025-06-18,2021-10-03
H2-ENC004123,HOSP008589,2023-02-26,Emergency,H2-PROV0026,DEPT005,82533,2022-11-26,2020-07-18
H2-ENC004124,HOSP012477,2020-11-17,Inpatient,H2-PROV0026,DEPT007,85710,2023-12-06,2020-02-03
H2-ENC004125,HOSP031983,2023-05-12,Inpatient,H2-PROV0029,DEPT013,37005,2022-02-09,2026-06-01
H2-ENC004126,HOSP048641,2021-08-22,Outpatient,H2-PROV0021,DEPT010,60263,2025-06-14,2026-07-14
H2-ENC004127,HOSP020963,2020-05-31,Telemedicine,H2-PROV0027,DEPT007,86407,2023-01-21,2024-11-02
H2-ENC004128,HOSP003963,2023-12-08,Telemedicine,H2-PROV0027,DEPT019,84874,2026-01-19,2025-11-19
H2-ENC004129,HOSP040026,2025-07-24,Telemedicine,H2-PROV0004,DEPT013,57322,2026-04-20,2024-08-06
H2-ENC004130,HOSP039328,2023-01-03,Telemedicine,H2-PROV0023,DEPT006,56071,2022-12-19,2023-04-26
H2-ENC004131,HOSP042223,2025-06-24,Inpatient,H2-PROV0027,DEPT008,22142,2023-04-25,2020-06-20
H2-ENC004132,HOSP026795,2021-08-22,Telemedicine,H2-PROV0010,DEPT004,10745,2023-05-12,2020-10-23
H2-ENC004133,HOSP020919,2024-11-20,Inpatient,H2-PROV0008,DEPT007,34551,2023-07-20,2021-03-13
H2-ENC004134,HOSP024482,2023-02-04,Inpatient,H2-PROV0027,DEPT010,59469,2020-11-18,2023-12-14
H2-ENC004135,HOSP046049,2025-03-15,Inpatient,H2-PROV0014,DEPT014,19132,2024-07-10,2021-11-05
H2-ENC004136,HOSP036350,2026-04-14,Inpatient,H2-PROV0015,DEPT004,47378,2025-08-19,2026-04-27
H2-ENC004137,HOSP036661,2025-02-25,Inpatient,H2-PROV0027,DEPT005,12388,2022-01-01,2024-07-01
H2-ENC004138,HOSP028963,2022-10-18,Outpatient,H2-PROV0004,DEPT015,51912,2022-10-24,2022-09-14
H2-ENC004139,HOSP006521,2025-03-31,Inpatient,H2-PROV0012,DEPT004,73034,2021-11-12,2022-06-10
H2-ENC004140,HOSP039566,2024-08-25,Routine Checkup,H2-PROV0021,DEPT019,21258,2021-03-26,2024-05-03
H2-ENC004141,HOSP037291,2025-10-17,Outpatient,H2-PROV0011,DEPT012,26297,2024-08-01,2024-02-17
H2-ENC004142,HOSP031820,2020-03-27,Telemedicine,H2-PROV0003,DEPT005,94909,2023-05-19,2021-11-14
H2-ENC004143,HOSP011045,2021-11-07,Emergency,H2-PROV0018,DEPT001,91391,2020-08-19,2024-10-01
H2-ENC004144,HOSP002349,2021-10-22,Telemedicine,H2-PROV0013,DEPT005,16189,2025-06-19,2026-07-06
H2-ENC004145,HOSP026779,2026-04-25,Inpatient,H2-PROV0028,DEPT002,85710,2025-07-19,2025-10-10
H2-ENC004146,HOSP006076,2025-01-16,Routine Checkup,H2-PROV0013,DEPT015,11845,2024-06-10,2021-07-08
H2-ENC004147,HOSP024187,2022-01-18,Emergency,H2-PROV0022,DEPT006,31734,2025-01-12,2024-06-06
H2-ENC004148,HOSP010481,2020-11-14,Inpatient,H2-PROV0029,DEPT008,87365,2024-03-07,2021-02-10
H2-ENC004149,HOSP015810,2024-04-19,Telemedicine,H2-PROV0005,DEPT003,84212,2025-09-25,2024-06-07
H2-ENC004150,HOSP034441,2026-05-17,Telemedicine,H2-PROV0015,DEPT017,58443,2022-05-31,2024-10-08
H2-ENC004151,HOSP025380,2024-12-03,Routine Checkup,H2-PROV0004,DEPT004,27385,2021-09-28,2025-04-30
H2-ENC004152,HOSP006123,2025-10-12,Emergency,H2-PROV0022,DEPT015,94597,2025-04-03,2025-02-05
H2-ENC004153,HOSP036750,2024-09-12,Outpatient,H2-PROV0003,DEPT008,97802,2023-01-24,2024-11-05
H2-ENC004154,HOSP001913,2024-03-19,Outpatient,H2-PROV0004,DEPT016,16270,2022-11-24,2024-10-18
H2-ENC004155,HOSP006353,2026-05-08,Telemedicine,H2-PROV0002,DEPT010,24440,2024-02-20,2026-03-27
H2-ENC004156,HOSP021357,2023-01-08,Outpatient,H2-PROV0005,DEPT011,88363,2023-11-02,2026-09-16
H2-ENC004157,HOSP040059,2023-12-19,Inpatient,H2-PROV0014,DEPT020,99861,2026-05-15,2026-03-17
H2-ENC004158,HOSP035562,2022-08-02,Emergency,H2-PROV0024,DEPT007,20132,2023-07-28,2026-02-19
H2-ENC004159,HOSP008687,2024-08-07,Telemedicine,H2-PROV0003,DEPT018,64511,2020-02-24,2021-11-05
H2-ENC004160,HOSP017468,2022-06-29,Inpatient,H2-PROV0030,DEPT002,73760,2025-05-01,2020-04-26
H2-ENC004161,HOSP011480,2026-10-05,Telemedicine,H2-PROV0005,DEPT012,23047,2021-01-11,2020-02-13
H2-ENC004162,HOSP006905,2025-07-13,Emergency,H2-PROV0018,DEPT018,20445,2021-04-19,2020-03-30
H2-ENC004163,HOSP039661,2022-05-30,Emergency,H2-PROV0021,DEPT020,46668,2021-09-08,2026-04-28
H2-ENC004164,HOSP049085,2020-05-31,Telemedicine,H2-PROV0017,DEPT003,40255,2022-04-08,2026-03-30
H2-ENC004165,HOSP005453,2022-01-31,Inpatient,H2-PROV0010,DEPT020,25546,2026-03-21,2023-06-07
H2-ENC004166,HOSP023629,2024-07-11,Emergency,H2-PROV0030,DEPT004,74413,2023-08-12,2024-06-08
H2-ENC004167,HOSP042143,2022-06-26,Outpatient,H2-PROV0003,DEPT016,65662,2022-09-13,2023-02-15
H2-ENC004168,HOSP033741,2022-07-29,Routine Checkup,H2-PROV0028,DEPT002,86571,2021-02-04,2023-01-14
H2-ENC004169,HOSP043987,2025-03-29,Outpatient,H2-PROV0011,DEPT010,44323,2025-05-09,2021-07-31
H2-ENC004170,HOSP042285,2025-06-20,Routine Checkup,H2-PROV0004,DEPT020,20483,2022-09-15,2020-02-20
H2-ENC004171,HOSP022054,2022-07-05,Emergency,H2-PROV0001,DEPT012,28826,2025-08-16,2023-02-23
H2-ENC004172,HOSP000713,2024-04-05,Routine Checkup,H2-PROV0016,DEPT012,49978,2024-09-04,2020-12-13
H2-ENC004173,HOSP028438,2022-04-25,Inpatient,H2-PROV0012,DEPT004,97014,2026-07-15,2023-09-29
H2-ENC004174,HOSP022685,2025-10-07,Routine Checkup,H2-PROV0023,DEPT013,33770,2026-04-30,2021-10-18
H2-ENC004175,HOSP048171,2021-10-10,Inpatient,H2-PROV0030,DEPT017,68044,2026-05-28,2022-05-25
H2-ENC004176,HOSP037490,2025-07-31,Inpatient,H2-PROV0026,DEPT012,19403,2025-11-15,2026-03-24
H2-ENC004177,HOSP019263,2025-06-07,Telemedicine,H2-PROV0023,DEPT016,39840,2023-10-25,2022-11-11
H2-ENC004178,HOSP016429,2023-10-08,Routine Checkup,H2-PROV0020,DEPT016,99294,2020-04-16,2021-05-16
H2-ENC004179,HOSP029909,2022-12-03,Routine Checkup,H2-PROV0011,DEPT001,61742,2021-10-15,2022-11-05
H2-ENC004180,HOSP036052,2024-05-10,Routine Checkup,H2-PROV0021,DEPT007,80253,2021-06-23,2020-08-23
H2-ENC004181,HOSP017506,2026-01-06,Inpatient,H2-PROV0014,DEPT001,50025,2020-05-26,2026-08-31
H2-ENC004182,HOSP015502,2022-07-25,Emergency,H2-PROV0013,DEPT002,70295,2021-02-18,2021-05-05
H2-ENC004183,HOSP013342,2022-10-11,Inpatient,H2-PROV0023,DEPT004,23057,2026-05-28,2021-07-26
H2-ENC004184,HOSP035125,2024-05-18,Emergency,H2-PROV0023,DEPT007,33056,2020-11-20,2024-07-24
H2-ENC004185,HOSP042600,2025-02-17,Telemedicine,H2-PROV0027,DEPT001,80461,2024-11-17,2022-04-04
H2-ENC004186,HOSP041992,2025-09-11,Telemedicine,H2-PROV0004,DEPT003,12747,2026-01-18,2025-02-06
H2-ENC004187,HOSP007575,2025-11-11,Emergency,H2-PROV0011,DEPT009,69934,2024-08-05,2026-03-30
H2-ENC004188,HOSP028474,2022-11-04,Outpatient,H2-PROV0014,DEPT008,14989,2026-09-09,2023-09-30
H2-ENC004189,HOSP027995,2026-06-11,Inpatient,H2-PROV0010,DEPT012,93558,2025-01-28,2024-12-09
H2-ENC004190,HOSP004243,2021-12-14,Routine Checkup,H2-PROV0013,DEPT019,51947,2021-06-03,2022-10-10
H2-ENC004191,HOSP040354,2020-07-18,Outpatient,H2-PROV0030,DEPT002,28166,2023-02-25,2024-03-18
H2-ENC004192,HOSP011240,2026-06-11,Telemedicine,H2-PROV0009,DEPT014,46440,2021-11-03,2024-01-22
H2-ENC004193,HOSP009692,2023-05-21,Telemedicine,H2-PROV0018,DEPT012,99036,2023-07-29,2020-10-07
H2-ENC004194,HOSP028667,2022-05-19,Outpatient,H2-PROV0009,DEPT003,37641,2023-02-23,2020-08-03
H2-ENC004195,HOSP007792,2024-07-03,Inpatient,H2-PROV0026,DEPT002,28166,2024-11-25,2022-10-01
H2-ENC004196,HOSP026778,2025-10-11,Outpatient,H2-PROV0007,DEPT012,74366,2020-12-21,2023-12-14
H2-ENC004197,HOSP046068,2020-06-08,Inpatient,H2-PROV0012,DEPT017,94218,2020-03-26,2025-12-04
H2-ENC004198,HOSP041071,2024-07-07,Outpatient,H2-PROV0029,DEPT009,46388,2021-07-31,2024-02-21
H2-ENC004199,HOSP025093,2021-11-20,Routine Checkup,H2-PROV0025,DEPT017,90708,2022-11-01,2026-08-13
H2-ENC004200,HOSP041362,2022-02-08,Outpatient,H2-PROV0027,DEPT004,66480,2025-04-27,2025-12-01
H2-ENC004201,HOSP026820,2021-08-24,Inpatient,H2-PROV0007,DEPT017,10703,2022-09-04,2026-03-09
H2-ENC004202,HOSP047341,2026-08-02,Telemedicine,H2-PROV0013,DEPT005,28294,2021-02-24,2020-02-07
H2-ENC004203,HOSP018668,2024-01-22,Emergency,H2-PROV0025,DEPT007,76908,2020-12-04,2025-11-30
H2-ENC004204,HOSP040642,2021-09-29,Routine Checkup,H2-PROV0027,DEPT017,96789,2026-02-02,2025-01-10
H2-ENC004205,HOSP003451,2023-04-18,Inpatient,H2-PROV0026,DEPT020,27527,2020-04-12,2025-11-18
H2-ENC004206,HOSP031164,2021-12-08,Emergency,H2-PROV0018,DEPT016,33651,2020-01-14,2025-07-19
H2-ENC004207,HOSP015100,2025-03-23,Outpatient,H2-PROV0006,DEPT005,23513,2024-12-16,2020-09-11
H2-ENC004208,HOSP030248,2020-07-22,Routine Checkup,H2-PROV0013,DEPT017,77626,2025-11-14,2022-09-06
H2-ENC004209,HOSP032548,2023-01-10,Emergency,H2-PROV0016,DEPT007,48203,2024-04-30,2020-03-12
H2-ENC004210,HOSP024167,2023-12-13,Routine Checkup,H2-PROV0004,DEPT006,75310,2024-03-04,2023-04-27
H2-ENC004211,HOSP000414,2026-06-05,Telemedicine,H2-PROV0028,DEPT006,12046,2025-11-22,2021-07-31
H2-ENC004212,HOSP004050,2022-03-31,Telemedicine,H2-PROV0030,DEPT008,15787,2020-02-29,2021-07-12
H2-ENC004213,HOSP021948,2026-04-21,Telemedicine,H2-PROV0009,DEPT015,44303,2022-07-10,2021-02-28
H2-ENC004214,HOSP000235,2026-06-20,Emergency,H2-PROV0016,DEPT005,20581,2026-06-03,2022-01-08
H2-ENC004215,HOSP005349,2023-09-16,Emergency,H2-PROV0012,DEPT005,72105,2024-08-19,2023-01-05
H2-ENC004216,HOSP045210,2022-07-05,Inpatient,H2-PROV0008,DEPT001,14988,2024-05-06,2021-09-09
H2-ENC004217,HOSP022398,2020-01-27,Emergency,H2-PROV0001,DEPT010,46677,2025-02-01,2023-03-30
H2-ENC004218,HOSP013648,2022-05-19,Outpatient,H2-PROV0027,DEPT009,91936,2025-05-03,2026-05-20
H2-ENC004219,HOSP022179,2024-11-06,Telemedicine,H2-PROV0014,DEPT003,48603,2025-10-18,2020-05-24
H2-ENC004220,HOSP022405,2022-01-26,Inpatient,H2-PROV0022,DEPT009,96629,2022-09-26,2025-07-26
H2-ENC004221,HOSP049779,2021-07-19,Emergency,H2-PROV0022,DEPT002,12888,2025-03-19,2021-09-28
H2-ENC004222,HOSP039177,2021-04-30,Outpatient,H2-PROV0005,DEPT004,80461,2021-05-18,2022-06-28
H2-ENC004223,HOSP020291,2026-04-03,Routine Checkup,H2-PROV0006,DEPT006,49978,2020-01-30,2021-01-11
H2-ENC004224,HOSP014415,2023-07-28,Outpatient,H2-PROV0027,DEPT015,12415,2022-09-29,2021-05-16
H2-ENC004225,HOSP023712,2026-04-12,Emergency,H2-PROV0009,DEPT011,25350,2024-03-12,2022-11-23
H2-ENC004226,HOSP008049,2021-07-16,Routine Checkup,H2-PROV0010,DEPT011,90316,2025-06-03,2020-02-29
H2-ENC004227,HOSP034378,2026-04-28,Telemedicine,H2-PROV0022,DEPT012,55376,2020-11-13,2023-08-12
H2-ENC004228,HOSP017179,2025-09-17,Routine Checkup,H2-PROV0014,DEPT012,15820,2026-06-15,2020-09-18
H2-ENC004229,HOSP017490,2024-03-13,Telemedicine,H2-PROV0022,DEPT003,90542,2022-07-26,2025-08-18
H2-ENC004230,HOSP016515,2024-03-23,Outpatient,H2-PROV0005,DEPT003,79266,2022-01-22,2026-06-01
H2-ENC004231,HOSP023034,2023-05-29,Outpatient,H2-PROV0008,DEPT014,91726,2021-06-03,2020-09-24
H2-ENC004232,HOSP039277,2020-11-06,Inpatient,H2-PROV0009,DEPT009,98313,2021-11-28,2026-04-04
H2-ENC004233,HOSP045472,2021-06-02,Routine Checkup,H2-PROV0010,DEPT008,23057,2023-09-01,2020-12-28
H2-ENC004234,HOSP015198,2024-12-05,Telemedicine,H2-PROV0002,DEPT004,25824,2021-06-05,2021-11-07
H2-ENC004235,HOSP011104,2022-10-05,Outpatient,H2-PROV0007,DEPT014,90481,2023-01-27,2021-10-05
H2-ENC004236,HOSP038267,2022-12-20,Outpatient,H2-PROV0016,DEPT012,63714,2022-07-13,2022-09-10
H2-ENC004237,HOSP040567,2020-09-10,Routine Checkup,H2-PROV0015,DEPT004,84089,2024-05-21,2022-01-16
H2-ENC004238,HOSP036635,2021-07-04,Telemedicine,H2-PROV0028,DEPT020,27850,2023-12-25,2021-04-28
H2-ENC004239,HOSP013074,2024-03-21,Inpatient,H2-PROV0017,DEPT012,85792,2024-10-22,2024-08-07
H2-ENC004240,HOSP004792,2026-05-25,Outpatient,H2-PROV0028,DEPT016,68044,2026-08-17,2024-09-20
H2-ENC004241,HOSP034126,2022-05-02,Outpatient,H2-PROV0028,DEPT012,62815,2020-12-23,2026-06-14
H2-ENC004242,HOSP034870,2024-03-15,Emergency,H2-PROV0013,DEPT010,48143,2024-06-22,2020-09-01
H2-ENC004243,HOSP017251,2025-06-21,Outpatient,H2-PROV0003,DEPT019,75772,2022-07-24,2024-12-22
H2-ENC004244,HOSP044979,2021-10-04,Inpatient,H2-PROV0004,DEPT017,28322,2020-03-24,2026-06-25
H2-ENC004245,HOSP023780,2023-09-19,Inpatient,H2-PROV0024,DEPT005,53463,2025-07-17,2021-08-31
H2-ENC004246,HOSP042265,2023-07-26,Outpatient,H2-PROV0028,DEPT012,12388,2022-01-15,2023-06-25
H2-ENC004247,HOSP020378,2023-05-07,Inpatient,H2-PROV0005,DEPT007,51011,2022-08-19,2025-01-12
H2-ENC004248,HOSP027523,2023-09-20,Routine Checkup,H2-PROV0018,DEPT008,13974,2026-01-20,2023-02-16
H2-ENC004249,HOSP034663,2020-10-30,Emergency,H2-PROV0030,DEPT015,44484,2021-06-11,2020-11-17
H2-ENC004250,HOSP017281,2020-01-30,Telemedicine,H2-PROV0026,DEPT009,55284,2020-09-10,2024-09-26
H2-ENC004251,HOSP018181,2022-10-19,Outpatient,H2-PROV0021,DEPT014,10346,2023-12-26,2022-11-16
H2-ENC004252,HOSP043094,2023-05-14,Inpatient,H2-PROV0016,DEPT003,48143,2020-07-16,2022-10-10
H2-ENC004253,HOSP037528,2025-03-19,Telemedicine,H2-PROV0016,DEPT010,91936,2020-06-17,2021-04-06
H2-ENC004254,HOSP032491,2026-07-04,Routine Checkup,H2-PROV0014,DEPT017,45073,2021-10-06,2026-09-13
H2-ENC004255,HOSP035531,2021-04-01,Inpatient,H2-PROV0002,DEPT011,16146,2020-04-13,2023-06-25
H2-ENC004256,HOSP013974,2022-04-07,Outpatient,H2-PROV0019,DEPT017,79634,2025-06-17,2024-12-25
H2-ENC004257,HOSP046618,2020-12-15,Telemedicine,H2-PROV0030,DEPT014,11301,2023-11-30,2020-02-02
H2-ENC004258,HOSP009781,2026-03-10,Inpatient,H2-PROV0014,DEPT017,69638,2021-05-27,2022-06-15
H2-ENC004259,HOSP011768,2024-04-02,Routine Checkup,H2-PROV0016,DEPT013,94167,2021-11-16,2022-09-01
H2-ENC004260,HOSP033199,2020-10-07,Telemedicine,H2-PROV0023,DEPT005,56393,2021-12-24,2023-12-05
H2-ENC004261,HOSP008388,2024-07-12,Telemedicine,H2-PROV0010,DEPT003,19132,2021-06-23,2026-07-16
H2-ENC004262,HOSP037261,2023-01-21,Emergency,H2-PROV0027,DEPT011,60969,2020-05-01,2024-08-11
H2-ENC004263,HOSP034955,2021-07-05,Routine Checkup,H2-PROV0004,DEPT015,71051,2024-12-10,2026-08-10
H2-ENC004264,HOSP003284,2025-07-12,Outpatient,H2-PROV0009,DEPT013,32565,2026-08-05,2025-06-11
H2-ENC004265,HOSP005808,2023-07-01,Telemedicine,H2-PROV0019,DEPT001,76394,2025-08-28,2026-02-08
H2-ENC004266,HOSP037762,2026-05-16,Routine Checkup,H2-PROV0014,DEPT008,54726,2023-01-09,2022-02-13
H2-ENC004267,HOSP047834,2026-02-26,Emergency,H2-PROV0027,DEPT011,76908,2022-05-16,2021-04-19
H2-ENC004268,HOSP026930,2020-04-16,Emergency,H2-PROV0026,DEPT009,96652,2020-02-05,2026-03-10
H2-ENC004269,HOSP033181,2026-03-17,Inpatient,H2-PROV0007,DEPT002,43287,2024-02-21,2025-01-27
H2-ENC004270,HOSP006422,2022-09-27,Inpatient,H2-PROV0001,DEPT010,97014,2022-01-10,2024-07-11
H2-ENC004271,HOSP028973,2022-07-09,Inpatient,H2-PROV0017,DEPT017,89421,2026-05-18,2021-05-03
H2-ENC004272,HOSP046695,2026-04-25,Emergency,H2-PROV0009,DEPT019,43247,2024-03-23,2024-04-16
H2-ENC004273,HOSP029837,2022-01-03,Emergency,H2-PROV0007,DEPT002,84212,2025-12-13,2021-04-30
H2-ENC004274,HOSP033312,2020-08-02,Routine Checkup,H2-PROV0028,DEPT017,25875,2021-04-18,2022-12-10
H2-ENC004275,HOSP041113,2026-05-10,Routine Checkup,H2-PROV0005,DEPT002,56397,2020-01-04,2025-08-27
H2-ENC004276,HOSP049596,2022-07-20,Inpatient,H2-PROV0018,DEPT012,33770,2020-07-14,2022-03-30
H2-ENC004277,HOSP030146,2021-12-14,Routine Checkup,H2-PROV0023,DEPT012,26995,2021-10-15,2025-09-03
H2-ENC004278,HOSP011948,2025-01-12,Telemedicine,H2-PROV0023,DEPT007,13755,2021-09-28,2021-03-22
H2-ENC004279,HOSP015058,2020-11-23,Emergency,H2-PROV0025,DEPT012,31441,2024-11-15,2023-02-10
H2-ENC004280,HOSP034164,2021-03-22,Inpatient,H2-PROV0016,DEPT007,95525,2020-01-08,2025-11-01
H2-ENC004281,HOSP030793,2023-03-11,Emergency,H2-PROV0002,DEPT006,99174,2021-09-21,2023-06-05
H2-ENC004282,HOSP023314,2021-01-16,Inpatient,H2-PROV0018,DEPT002,60969,2021-02-15,2026-02-23
H2-ENC004283,HOSP015195,2022-01-05,Telemedicine,H2-PROV0015,DEPT019,90838,2025-05-10,2021-02-01
H2-ENC004284,HOSP019157,2020-07-25,Outpatient,H2-PROV0026,DEPT014,17352,2022-05-12,2024-03-25
H2-ENC004285,HOSP034556,2023-04-13,Emergency,H2-PROV0005,DEPT017,21536,2023-06-26,2024-11-03
H2-ENC004286,HOSP046355,2025-09-22,Inpatient,H2-PROV0012,DEPT010,71459,2020-11-26,2023-02-11
H2-ENC004287,HOSP002402,2020-07-02,Emergency,H2-PROV0017,DEPT012,78665,2022-03-21,2023-12-04
H2-ENC004288,HOSP013101,2020-05-31,Telemedicine,H2-PROV0019,DEPT007,12472,2020-04-20,2026-08-30
H2-ENC004289,HOSP001050,2024-09-05,Outpatient,H2-PROV0021,DEPT003,28518,2024-02-20,2021-08-02
H2-ENC004290,HOSP005668,2020-06-10,Telemedicine,H2-PROV0028,DEPT010,57363,2021-05-06,2024-03-29
H2-ENC004291,HOSP003780,2021-04-28,Emergency,H2-PROV0016,DEPT005,94426,2026-02-20,2022-05-29
H2-ENC004292,HOSP010834,2023-07-28,Inpatient,H2-PROV0030,DEPT015,31282,2023-12-16,2022-09-22
H2-ENC004293,HOSP022663,2020-08-02,Telemedicine,H2-PROV0009,DEPT004,82294,2020-10-31,2026-08-30
H2-ENC004294,HOSP032405,2021-03-31,Routine Checkup,H2-PROV0004,DEPT010,74383,2023-12-10,2026-09-25
H2-ENC004295,HOSP008331,2020-04-17,Outpatient,H2-PROV0024,DEPT002,69233,2021-12-05,2025-04-08
H2-ENC004296,HOSP000206,2024-02-04,Emergency,H2-PROV0010,DEPT005,15696,2020-02-28,2024-05-24
H2-ENC004297,HOSP034002,2023-03-26,Routine Checkup,H2-PROV0008,DEPT006,72979,2026-04-01,2020-09-07
H2-ENC004298,HOSP011022,2020-09-09,Emergency,H2-PROV0030,DEPT010,37751,2022-10-27,2020-07-29
H2-ENC004299,HOSP040147,2022-04-01,Telemedicine,H2-PROV0025,DEPT006,35971,2021-05-22,2020-12-02
H2-ENC004300,HOSP042860,2024-08-07,Outpatient,H2-PROV0017,DEPT007,53687,2025-08-19,2021-01-03
H2-ENC004301,HOSP008661,2025-11-14,Routine Checkup,H2-PROV0029,DEPT005,41299,2025-09-03,2021-08-19
H2-ENC004302,HOSP044544,2025-09-16,Routine Checkup,H2-PROV0010,DEPT015,96652,2021-12-05,2020-04-23
H2-ENC004303,HOSP007097,2026-04-23,Outpatient,H2-PROV0019,DEPT012,42322,2025-12-29,2023-10-03
H2-ENC004304,HOSP002336,2024-02-15,Routine Checkup,H2-PROV0022,DEPT015,17741,2022-06-20,2025-03-25
H2-ENC004305,HOSP047907,2023-11-21,Routine Checkup,H2-PROV0022,DEPT015,20258,2020-02-17,2026-08-08
H2-ENC004306,HOSP030249,2024-04-01,Routine Checkup,H2-PROV0012,DEPT019,91235,2023-06-13,2026-05-09
H2-ENC004307,HOSP027890,2023-05-31,Emergency,H2-PROV0011,DEPT003,59644,2023-09-04,2025-11-10
H2-ENC004308,HOSP001474,2021-05-11,Emergency,H2-PROV0004,DEPT005,46554,2025-05-09,2022-04-05
H2-ENC004309,HOSP017900,2024-04-18,Telemedicine,H2-PROV0022,DEPT012,95020,2024-02-21,2023-09-12
H2-ENC004310,HOSP030772,2024-11-11,Outpatient,H2-PROV0006,DEPT001,37404,2024-05-08,2024-07-26
H2-ENC004311,HOSP007458,2021-03-18,Telemedicine,H2-PROV0026,DEPT015,63043,2026-08-29,2021-10-08
H2-ENC004312,HOSP015974,2020-01-14,Inpatient,H2-PROV0029,DEPT014,51901,2025-02-04,2026-06-13
H2-ENC004313,HOSP041068,2025-03-31,Telemedicine,H2-PROV0015,DEPT006,35215,2023-05-11,2022-12-17
H2-ENC004314,HOSP015331,2023-11-12,Emergency,H2-PROV0024,DEPT014,39840,2024-04-09,2020-06-18
H2-ENC004315,HOSP033691,2025-12-03,Telemedicine,H2-PROV0013,DEPT007,28393,2021-07-09,2026-03-16
H2-ENC004316,HOSP024276,2022-09-04,Outpatient,H2-PROV0012,DEPT010,75720,2026-04-15,2024-07-09
H2-ENC004317,HOSP041520,2025-06-20,Telemedicine,H2-PROV0006,DEPT017,75884,2023-04-20,2020-08-17
H2-ENC004318,HOSP004438,2023-05-16,Emergency,H2-PROV0012,DEPT004,91936,2024-08-16,2021-08-01
H2-ENC004319,HOSP021951,2025-09-19,Routine Checkup,H2-PROV0029,DEPT017,66028,2021-08-04,2026-05-09
H2-ENC004320,HOSP030460,2022-09-20,Inpatient,H2-PROV0011,DEPT013,72241,2025-01-01,2021-10-08
H2-ENC004321,HOSP036208,2020-02-24,Outpatient,H2-PROV0008,DEPT005,79458,2024-02-06,2023-01-20
H2-ENC004322,HOSP005445,2025-07-16,Emergency,H2-PROV0002,DEPT018,40219,2025-01-27,2022-05-31
H2-ENC004323,HOSP027074,2025-07-17,Outpatient,H2-PROV0015,DEPT016,28826,2026-03-20,2022-02-16
H2-ENC004324,HOSP042140,2020-11-14,Telemedicine,H2-PROV0004,DEPT015,77671,2023-06-14,2024-02-05
H2-ENC004325,HOSP045581,2023-06-23,Routine Checkup,H2-PROV0016,DEPT015,67844,2022-06-04,2020-05-17
H2-ENC004326,HOSP014560,2022-06-18,Inpatient,H2-PROV0019,DEPT013,70855,2020-02-18,2025-04-28
H2-ENC004327,HOSP028867,2020-06-09,Emergency,H2-PROV0024,DEPT020,35617,2026-04-03,2024-03-25
H2-ENC004328,HOSP002352,2020-07-30,Outpatient,H2-PROV0019,DEPT011,35957,2021-01-27,2025-11-20
H2-ENC004329,HOSP042167,2022-12-17,Outpatient,H2-PROV0023,DEPT001,59469,2024-05-23,2024-05-08
H2-ENC004330,HOSP023858,2025-10-01,Outpatient,H2-PROV0009,DEPT015,29618,2021-07-18,2020-01-21
H2-ENC004331,HOSP023853,2025-11-19,Telemedicine,H2-PROV0021,DEPT001,63721,2023-03-13,2024-01-14
H2-ENC004332,HOSP033478,2024-12-21,Outpatient,H2-PROV0013,DEPT008,59028,2021-08-02,2022-01-31
H2-ENC004333,HOSP018067,2021-07-07,Telemedicine,H2-PROV0026,DEPT011,93323,2025-04-08,2022-09-04
H2-ENC004334,HOSP049592,2022-07-04,Outpatient,H2-PROV0002,DEPT020,63043,2024-04-21,2025-01-03
H2-ENC004335,HOSP013765,2020-01-23,Telemedicine,H2-PROV0015,DEPT015,81495,2022-09-06,2026-02-08
H2-ENC004336,HOSP005276,2021-08-12,Telemedicine,H2-PROV0002,DEPT014,49338,2020-01-02,2022-06-16
H2-ENC004337,HOSP001326,2026-05-31,Emergency,H2-PROV0002,DEPT003,12718,2020-11-22,2020-05-22
H2-ENC004338,HOSP047258,2020-09-19,Emergency,H2-PROV0018,DEPT017,24848,2021-02-10,2023-10-02
H2-ENC004339,HOSP022534,2025-12-31,Inpatient,H2-PROV0027,DEPT009,93648,2022-05-19,2024-07-20
H2-ENC004340,HOSP019906,2025-08-12,Telemedicine,H2-PROV0011,DEPT005,55805,2022-03-11,2025-05-27
H2-ENC004341,HOSP021220,2026-10-06,Outpatient,H2-PROV0017,DEPT005,97224,2026-08-20,2024-11-16
H2-ENC004342,HOSP011502,2025-08-21,Routine Checkup,H2-PROV0026,DEPT020,92133,2023-10-15,2025-12-05
H2-ENC004343,HOSP010438,2020-05-31,Telemedicine,H2-PROV0021,DEPT015,66462,2024-01-04,2023-12-12
H2-ENC004344,HOSP007899,2025-08-19,Routine Checkup,H2-PROV0019,DEPT004,66033,2021-04-18,2024-11-21
H2-ENC004345,HOSP004559,2021-01-15,Routine Checkup,H2-PROV0016,DEPT006,79936,2026-09-20,2025-08-22
H2-ENC004346,HOSP012634,2023-09-17,Inpatient,H2-PROV0004,DEPT015,17969,2020-12-18,2023-09-19
H2-ENC004347,HOSP030234,2025-04-11,Inpatient,H2-PROV0017,DEPT010,79992,2021-05-19,2026-05-07
H2-ENC004348,HOSP007492,2022-07-26,Emergency,H2-PROV0009,DEPT014,91985,2023-08-10,2021-03-20
H2-ENC004349,HOSP020053,2021-05-19,Telemedicine,H2-PROV0007,DEPT019,41299,2021-02-13,2026-06-18
H2-ENC004350,HOSP014698,2021-10-10,Outpatient,H2-PROV0004,DEPT019,90542,2025-07-24,2024-08-06
H2-ENC004351,HOSP014044,2022-09-25,Routine Checkup,H2-PROV0013,DEPT020,28115,2026-02-11,2024-08-17
H2-ENC004352,HOSP042042,2020-02-04,Routine Checkup,H2-PROV0020,DEPT007,41594,2024-01-23,2020-07-01
H2-ENC004353,HOSP031457,2021-03-02,Telemedicine,H2-PROV0021,DEPT004,82533,2022-06-12,2026-05-15
H2-ENC004354,HOSP011932,2021-07-21,Outpatient,H2-PROV0025,DEPT006,85873,2026-05-23,2022-07-16
H2-ENC004355,HOSP003622,2024-06-23,Telemedicine,H2-PROV0019,DEPT019,66383,2023-04-24,2021-04-19
H2-ENC004356,HOSP035512,2022-10-11,Telemedicine,H2-PROV0003,DEPT009,80524,2025-09-05,2025-02-21
H2-ENC004357,HOSP025487,2025-01-16,Routine Checkup,H2-PROV0024,DEPT015,31189,2025-03-22,2026-01-10
H2-ENC004358,HOSP034198,2025-03-26,Routine Checkup,H2-PROV0018,DEPT019,81171,2026-06-04,2020-10-08
H2-ENC004359,HOSP029760,2020-06-17,Emergency,H2-PROV0001,DEPT018,78117,2025-07-18,2025-03-28
H2-ENC004360,HOSP010881,2025-04-23,Emergency,H2-PROV0017,DEPT005,80253,2021-09-04,2022-06-03
H2-ENC004361,HOSP024354,2025-01-11,Emergency,H2-PROV0005,DEPT006,65662,2020-09-23,2024-07-04
H2-ENC004362,HOSP019363,2022-12-08,Routine Checkup,H2-PROV0009,DEPT009,25738,2023-10-05,2024-08-04
H2-ENC004363,HOSP036035,2020-12-17,Inpatient,H2-PROV0012,DEPT007,75599,2024-10-08,2024-07-16
H2-ENC004364,HOSP045482,2022-12-12,Routine Checkup,H2-PROV0022,DEPT019,37001,2020-08-02,2022-01-17
H2-ENC004365,HOSP005682,2025-11-13,Routine Checkup,H2-PROV0020,DEPT010,96904,2021-02-26,2021-10-11
H2-ENC004366,HOSP023480,2022-03-19,Telemedicine,H2-PROV0029,DEPT003,57174,2022-11-04,2026-08-01
H2-ENC004367,HOSP044895,2026-08-28,Emergency,H2-PROV0005,DEPT013,12355,2024-03-18,2021-01-11
H2-ENC004368,HOSP001583,2021-04-29,Outpatient,H2-PROV0003,DEPT019,82175,2021-09-10,2020-09-27
H2-ENC004369,HOSP005737,2022-07-16,Inpatient,H2-PROV0002,DEPT014,21199,2020-04-07,2025-10-26
H2-ENC004370,HOSP049987,2025-03-10,Routine Checkup,H2-PROV0019,DEPT003,18108,2026-04-28,2021-05-10
H2-ENC004371,HOSP013512,2025-04-23,Emergency,H2-PROV0028,DEPT014,41435,2024-07-01,2025-07-26
H2-ENC004372,HOSP007126,2023-12-24,Routine Checkup,H2-PROV0009,DEPT009,42812,2026-02-10,2023-05-25
H2-ENC004373,HOSP012291,2026-08-02,Routine Checkup,H2-PROV0016,DEPT017,17741,2022-05-24,2022-02-05
H2-ENC004374,HOSP011454,2023-04-11,Outpatient,H2-PROV0006,DEPT012,24848,2023-12-19,2023-10-01
H2-ENC004375,HOSP023895,2026-03-05,Inpatient,H2-PROV0022,DEPT017,15544,2021-12-09,2026-07-23
H2-ENC004376,HOSP024087,2022-04-14,Routine Checkup,H2-PROV0026,DEPT015,73686,2024-11-20,2020-12-06
H2-ENC004377,HOSP019114,2024-11-06,Outpatient,H2-PROV0022,DEPT012,34493,2023-11-27,2021-08-07
H2-ENC004378,HOSP033217,2025-12-08,Routine Checkup,H2-PROV0005,DEPT017,11029,2026-05-08,2020-11-08
H2-ENC004379,HOSP019025,2024-02-18,Outpatient,H2-PROV0004,DEPT008,91391,2023-02-23,2020-09-19
H2-ENC004380,HOSP000043,2021-07-30,Routine Checkup,H2-PROV0003,DEPT016,49874,2023-01-28,2026-01-29
H2-ENC004381,HOSP004396,2026-02-14,Emergency,H2-PROV0016,DEPT020,32565,2020-08-27,2024-02-27
H2-ENC004382,HOSP013312,2023-05-03,Inpatient,H2-PROV0026,DEPT011,89421,2022-06-09,2025-01-25
H2-ENC004383,HOSP003966,2026-03-28,Routine Checkup,H2-PROV0026,DEPT007,25961,2020-10-10,2020-01-31
H2-ENC004384,HOSP023837,2024-08-29,Emergency,H2-PROV0017,DEPT015,35331,2021-01-02,2022-06-24
H2-ENC004385,HOSP017674,2025-12-12,Telemedicine,H2-PROV0017,DEPT011,44467,2020-11-07,2025-07-15
H2-ENC004386,HOSP039515,2021-06-07,Telemedicine,H2-PROV0009,DEPT013,65966,2026-04-11,2021-11-14
H2-ENC004387,HOSP033442,2022-11-25,Outpatient,H2-PROV0003,DEPT008,69233,2020-10-01,2023-05-18
H2-ENC004388,HOSP038954,2022-07-31,Inpatient,H2-PROV0027,DEPT009,93338,2021-05-14,2023-03-30
H2-ENC004389,HOSP035906,2023-06-05,Routine Checkup,H2-PROV0010,DEPT018,57047,2020-11-07,2026-08-24
H2-ENC004390,HOSP028059,2020-12-30,Telemedicine,H2-PROV0015,DEPT012,60071,2024-01-01,2023-08-27
H2-ENC004391,HOSP009652,2021-04-18,Emergency,H2-PROV0002,DEPT013,86571,2020-02-11,2025-09-07
H2-ENC004392,HOSP030503,2026-05-06,Emergency,H2-PROV0009,DEPT009,21487,2025-03-20,2024-03-01
H2-ENC004393,HOSP030490,2026-02-13,Outpatient,H2-PROV0007,DEPT009,58265,2021-10-14,2020-03-23
H2-ENC004394,HOSP009633,2024-05-05,Telemedicine,H2-PROV0027,DEPT008,15620,2025-09-01,2023-07-05
H2-ENC004395,HOSP020217,2025-10-21,Outpatient,H2-PROV0028,DEPT019,40948,2023-12-17,2025-02-10
H2-ENC004396,HOSP003099,2020-08-29,Emergency,H2-PROV0004,DEPT010,91329,2023-04-17,2022-05-04
H2-ENC004397,HOSP006123,2021-12-28,Outpatient,H2-PROV0022,DEPT019,16270,2024-03-01,2022-10-19
H2-ENC004398,HOSP031637,2023-07-26,Routine Checkup,H2-PROV0015,DEPT018,57102,2022-06-13,2026-04-04
H2-ENC004399,HOSP010695,2022-10-02,Telemedicine,H2-PROV0015,DEPT004,97014,2020-02-23,2024-04-06
H2-ENC004400,HOSP008851,2020-12-17,Telemedicine,H2-PROV0001,DEPT002,35957,2022-12-01,2025-06-26
H2-ENC004401,HOSP032500,2023-03-06,Inpatient,H2-PROV0018,DEPT015,45115,2024-05-23,2025-08-26
H2-ENC004402,HOSP019950,2025-04-29,Emergency,H2-PROV0027,DEPT019,77235,2020-03-26,2022-07-06
H2-ENC004403,HOSP040302,2024-11-21,Emergency,H2-PROV0009,DEPT003,45549,2024-03-20,2026-06-06
H2-ENC004404,HOSP004505,2023-12-25,Telemedicine,H2-PROV0027,DEPT017,50070,2023-09-23,2025-01-13
H2-ENC004405,HOSP027351,2024-04-30,Outpatient,H2-PROV0003,DEPT012,22696,2020-12-21,2020-10-14
H2-ENC004406,HOSP014643,2026-07-27,Emergency,H2-PROV0024,DEPT003,60864,2026-06-06,2025-12-07
H2-ENC004407,HOSP038311,2023-04-05,Emergency,H2-PROV0001,DEPT013,96781,2022-01-02,2021-03-03
H2-ENC004408,HOSP034749,2023-01-27,Routine Checkup,H2-PROV0002,DEPT020,10034,2023-08-25,2024-09-15
H2-ENC004409,HOSP001999,2024-10-17,Inpatient,H2-PROV0026,DEPT001,28518,2024-03-13,2023-10-21
H2-ENC004410,HOSP010630,2025-03-08,Routine Checkup,H2-PROV0029,DEPT010,51912,2020-12-04,2022-11-19
H2-ENC004411,HOSP017391,2025-12-02,Inpatient,H2-PROV0026,DEPT013,46095,2021-07-26,2025-06-25
H2-ENC004412,HOSP028175,2023-09-08,Emergency,H2-PROV0012,DEPT004,69233,2023-06-20,2023-12-04
H2-ENC004413,HOSP042862,2020-03-07,Emergency,H2-PROV0014,DEPT013,56393,2023-02-11,2025-12-30
H2-ENC004414,HOSP034792,2024-12-26,Outpatient,H2-PROV0017,DEPT020,92133,2024-03-17,2025-05-31
H2-ENC004415,HOSP037048,2021-07-09,Routine Checkup,H2-PROV0019,DEPT003,21258,2024-04-14,2022-05-13
H2-ENC004416,HOSP028233,2020-10-05,Emergency,H2-PROV0011,DEPT010,37486,2020-01-11,2020-12-11
H2-ENC004417,HOSP036975,2022-11-11,Telemedicine,H2-PROV0020,DEPT005,45073,2021-06-07,2023-10-07
H2-ENC004418,HOSP048196,2021-09-04,Routine Checkup,H2-PROV0010,DEPT005,92708,2021-11-25,2026-04-24
H2-ENC004419,HOSP022015,2025-12-17,Emergency,H2-PROV0007,DEPT004,79248,2025-04-05,2020-07-31
H2-ENC004420,HOSP047566,2025-11-06,Telemedicine,H2-PROV0019,DEPT008,95525,2023-11-13,2021-02-14
H2-ENC004421,HOSP046927,2020-02-09,Emergency,H2-PROV0030,DEPT009,90405,2020-09-23,2026-05-25
H2-ENC004422,HOSP049210,2024-01-08,Outpatient,H2-PROV0015,DEPT001,32873,2021-11-29,2024-10-02
H2-ENC004423,HOSP044672,2022-03-27,Telemedicine,H2-PROV0026,DEPT008,24440,2022-08-03,2024-05-18
H2-ENC004424,HOSP017701,2020-09-28,Emergency,H2-PROV0007,DEPT015,32072,2023-10-30,2021-08-20
H2-ENC004425,HOSP043370,2025-09-26,Routine Checkup,H2-PROV0008,DEPT015,66527,2024-11-14,2024-08-09
H2-ENC004426,HOSP048019,2025-04-25,Telemedicine,H2-PROV0016,DEPT005,34493,2025-06-27,2020-09-21
H2-ENC004427,HOSP042608,2021-11-17,Emergency,H2-PROV0010,DEPT001,45009,2022-08-15,2021-09-12
H2-ENC004428,HOSP042396,2025-05-10,Routine Checkup,H2-PROV0004,DEPT014,20483,2024-03-18,2023-06-07
H2-ENC004429,HOSP016667,2025-02-23,Outpatient,H2-PROV0013,DEPT001,46388,2024-06-08,2026-02-08
H2-ENC004430,HOSP044860,2021-08-24,Outpatient,H2-PROV0009,DEPT019,70928,2023-01-22,2020-01-09
H2-ENC004431,HOSP019157,2020-01-10,Outpatient,H2-PROV0019,DEPT013,12930,2025-12-05,2024-07-30
H2-ENC004432,HOSP045121,2025-11-07,Telemedicine,H2-PROV0011,DEPT020,44545,2026-07-15,2025-01-10
H2-ENC004433,HOSP021338,2024-04-10,Inpatient,H2-PROV0027,DEPT006,99921,2026-06-05,2025-02-12
H2-ENC004434,HOSP023847,2024-01-28,Inpatient,H2-PROV0010,DEPT002,96525,2025-04-11,2025-12-08
H2-ENC004435,HOSP004081,2026-04-09,Emergency,H2-PROV0001,DEPT010,45144,2026-08-02,2020-05-17
H2-ENC004436,HOSP017216,2025-09-08,Outpatient,H2-PROV0003,DEPT018,12032,2025-05-14,2026-10-04
H2-ENC004437,HOSP035538,2020-06-02,Routine Checkup,H2-PROV0009,DEPT020,22293,2025-07-12,2023-06-25
H2-ENC004438,HOSP019375,2025-06-23,Inpatient,H2-PROV0007,DEPT017,77634,2025-12-29,2020-03-30
H2-ENC004439,HOSP001835,2020-02-25,Inpatient,H2-PROV0004,DEPT004,68535,2021-10-16,2022-04-06
H2-ENC004440,HOSP037094,2022-11-01,Telemedicine,H2-PROV0010,DEPT008,29563,2021-08-11,2022-08-25
H2-ENC004441,HOSP037675,2022-11-16,Inpatient,H2-PROV0003,DEPT001,53687,2025-08-11,2023-03-10
H2-ENC004442,HOSP048822,2026-06-21,Routine Checkup,H2-PROV0010,DEPT001,93323,2025-11-04,2025-10-05
H2-ENC004443,HOSP049021,2022-05-05,Outpatient,H2-PROV0027,DEPT006,33258,2024-12-10,2022-01-05
H2-ENC004444,HOSP041844,2020-11-15,Inpatient,H2-PROV0018,DEPT007,67757,2022-11-18,2023-04-08
H2-ENC004445,HOSP017786,2020-01-10,Outpatient,H2-PROV0016,DEPT019,79298,2023-02-21,2025-12-26
H2-ENC004446,HOSP004521,2021-02-04,Telemedicine,H2-PROV0017,DEPT017,77671,2024-05-23,2020-10-18
H2-ENC004447,HOSP015341,2025-11-09,Emergency,H2-PROV0022,DEPT020,50313,2023-08-24,2025-04-21
H2-ENC004448,HOSP037013,2026-01-08,Routine Checkup,H2-PROV0011,DEPT012,67997,2022-06-12,2021-02-13
H2-ENC004449,HOSP011990,2023-11-04,Inpatient,H2-PROV0025,DEPT004,57322,2023-07-28,2022-06-06
H2-ENC004450,HOSP024318,2020-11-25,Outpatient,H2-PROV0010,DEPT005,96643,2022-10-11,2022-12-07
H2-ENC004451,HOSP009487,2024-04-29,Emergency,H2-PROV0005,DEPT005,97802,2022-01-05,2024-05-12
H2-ENC004452,HOSP024076,2025-01-11,Inpatient,H2-PROV0006,DEPT018,38753,2025-01-16,2025-10-06
H2-ENC004453,HOSP040388,2024-06-22,Telemedicine,H2-PROV0002,DEPT011,24305,2025-12-03,2026-09-09
H2-ENC004454,HOSP033775,2026-08-11,Inpatient,H2-PROV0013,DEPT016,77833,2020-02-06,2024-12-23
H2-ENC004455,HOSP040263,2023-01-01,Routine Checkup,H2-PROV0027,DEPT012,38566,2022-07-29,2025-06-11
H2-ENC004456,HOSP012735,2023-08-01,Telemedicine,H2-PROV0018,DEPT011,69247,2023-09-19,2024-08-17
H2-ENC004457,HOSP047353,2023-06-08,Routine Checkup,H2-PROV0019,DEPT009,57849,2020-03-03,2021-05-28
H2-ENC004458,HOSP048339,2023-12-27,Inpatient,H2-PROV0029,DEPT018,74724,2022-11-20,2023-02-26
H2-ENC004459,HOSP023397,2022-06-18,Routine Checkup,H2-PROV0002,DEPT012,26754,2024-02-21,2024-11-07
H2-ENC004460,HOSP025681,2021-08-16,Telemedicine,H2-PROV0026,DEPT007,31322,2021-11-29,2026-08-13
H2-ENC004461,HOSP033744,2024-06-21,Emergency,H2-PROV0012,DEPT018,49122,2026-01-11,2022-07-11
H2-ENC004462,HOSP012444,2020-09-06,Inpatient,H2-PROV0014,DEPT006,12355,2020-05-06,2024-07-09
H2-ENC004463,HOSP040994,2022-08-19,Outpatient,H2-PROV0007,DEPT004,70928,2023-03-27,2026-03-28
H2-ENC004464,HOSP003911,2025-02-17,Outpatient,H2-PROV0027,DEPT009,17178,2022-08-26,2022-11-04
H2-ENC004465,HOSP030039,2025-03-01,Inpatient,H2-PROV0017,DEPT006,93175,2020-11-02,2024-12-01
H2-ENC004466,HOSP005917,2023-03-07,Inpatient,H2-PROV0009,DEPT009,46554,2021-12-20,2021-05-21
H2-ENC004467,HOSP046723,2023-04-20,Outpatient,H2-PROV0007,DEPT017,32087,2026-09-26,2025-12-30
H2-ENC004468,HOSP004821,2020-02-10,Routine Checkup,H2-PROV0021,DEPT008,72220,2022-11-19,2021-01-26
H2-ENC004469,HOSP013962,2021-03-03,Telemedicine,H2-PROV0010,DEPT002,33770,2022-11-08,2021-04-06
H2-ENC004470,HOSP049931,2022-07-03,Inpatient,H2-PROV0001,DEPT012,96652,2022-07-12,2022-04-11
H2-ENC004471,HOSP006096,2020-11-07,Routine Checkup,H2-PROV0002,DEPT002,10034,2025-01-23,2025-02-15
H2-ENC004472,HOSP018962,2021-07-07,Outpatient,H2-PROV0007,DEPT020,48801,2020-02-05,2021-07-03
H2-ENC004473,HOSP046784,2021-10-18,Emergency,H2-PROV0007,DEPT020,79355,2021-10-08,2025-06-09
H2-ENC004474,HOSP013069,2022-09-13,Telemedicine,H2-PROV0007,DEPT008,67519,2026-07-30,2022-07-17
H2-ENC004475,HOSP025200,2020-10-03,Telemedicine,H2-PROV0001,DEPT013,18688,2023-04-30,2022-08-16
H2-ENC004476,HOSP024575,2026-09-29,Telemedicine,H2-PROV0017,DEPT018,46669,2021-05-10,2021-07-24
H2-ENC004477,HOSP025904,2020-01-16,Telemedicine,H2-PROV0012,DEPT006,90758,2024-07-30,2026-02-21
H2-ENC004478,HOSP026345,2022-09-20,Inpatient,H2-PROV0029,DEPT008,99846,2020-07-09,2023-12-29
H2-ENC004479,HOSP031300,2023-05-08,Outpatient,H2-PROV0024,DEPT012,38675,2020-07-06,2021-01-16
H2-ENC004480,HOSP046452,2020-02-23,Emergency,H2-PROV0028,DEPT014,45591,2022-02-22,2025-06-20
H2-ENC004481,HOSP030505,2025-01-13,Inpatient,H2-PROV0023,DEPT007,78005,2021-12-24,2022-03-27
H2-ENC004482,HOSP039633,2023-01-13,Inpatient,H2-PROV0014,DEPT007,12490,2021-03-22,2024-01-09
H2-ENC004483,HOSP047180,2020-06-29,Telemedicine,H2-PROV0018,DEPT013,55611,2025-09-11,2022-11-27
H2-ENC004484,HOSP019642,2022-04-26,Telemedicine,H2-PROV0011,DEPT003,35982,2020-06-08,2024-11-25
H2-ENC004485,HOSP012446,2020-12-05,Routine Checkup,H2-PROV0021,DEPT015,79355,2023-10-23,2021-10-14
H2-ENC004486,HOSP043311,2023-10-27,Telemedicine,H2-PROV0006,DEPT002,37785,2024-03-11,2022-03-04
H2-ENC004487,HOSP002922,2023-05-27,Routine Checkup,H2-PROV0007,DEPT003,63966,2024-10-15,2025-12-31
H2-ENC004488,HOSP036773,2022-01-21,Emergency,H2-PROV0024,DEPT017,90316,2021-07-08,2023-04-21
H2-ENC004489,HOSP021615,2023-12-22,Outpatient,H2-PROV0028,DEPT018,88969,2024-12-27,2023-07-16
H2-ENC004490,HOSP004574,2024-08-30,Telemedicine,H2-PROV0004,DEPT005,50070,2024-04-27,2023-12-24
H2-ENC004491,HOSP023474,2022-07-25,Emergency,H2-PROV0007,DEPT002,33195,2023-10-21,2020-07-27
H2-ENC004492,HOSP017964,2023-11-18,Routine Checkup,H2-PROV0005,DEPT014,34845,2026-01-30,2022-12-20
H2-ENC004493,HOSP044255,2024-01-05,Inpatient,H2-PROV0005,DEPT008,55029,2021-09-10,2024-07-17
H2-ENC004494,HOSP016783,2026-10-04,Inpatient,H2-PROV0016,DEPT009,63147,2020-12-24,2025-03-12
H2-ENC004495,HOSP011715,2021-01-04,Routine Checkup,H2-PROV0008,DEPT010,57047,2024-02-15,2022-11-07
H2-ENC004496,HOSP044981,2026-06-07,Emergency,H2-PROV0010,DEPT002,73598,2020-09-01,2024-09-30
H2-ENC004497,HOSP008574,2025-09-20,Telemedicine,H2-PROV0023,DEPT017,95525,2025-04-12,2025-11-20
H2-ENC004498,HOSP043099,2024-01-29,Emergency,H2-PROV0027,DEPT017,94909,2023-09-01,2020-02-28
H2-ENC004499,HOSP026816,2024-12-15,Telemedicine,H2-PROV0007,DEPT004,16614,2021-11-10,2025-11-29
H2-ENC004500,HOSP028983,2025-12-12,Emergency,H2-PROV0002,DEPT018,29466,2025-08-26,2020-03-18
H2-ENC004501,HOSP011978,2021-10-23,Routine Checkup,H2-PROV0017,DEPT013,29466,2022-10-03,2020-04-14
H2-ENC004502,HOSP035284,2020-10-25,Outpatient,H2-PROV0006,DEPT003,58443,2024-05-21,2020-03-04
H2-ENC004503,HOSP008410,2024-03-27,Routine Checkup,H2-PROV0002,DEPT012,85792,2024-05-19,2026-01-08
H2-ENC004504,HOSP046085,2023-04-08,Emergency,H2-PROV0026,DEPT013,73021,2020-11-18,2022-02-06
H2-ENC004505,HOSP004147,2020-12-06,Outpatient,H2-PROV0011,DEPT015,47487,2021-04-30,2020-08-02
H2-ENC004506,HOSP033580,2021-07-17,Emergency,H2-PROV0016,DEPT012,95392,2025-09-03,2024-04-11
H2-ENC004507,HOSP027971,2021-12-18,Routine Checkup,H2-PROV0026,DEPT006,39610,2020-03-21,2020-05-07
H2-ENC004508,HOSP029594,2021-03-26,Routine Checkup,H2-PROV0010,DEPT006,35617,2025-07-24,2021-01-01
H2-ENC004509,HOSP020318,2025-07-08,Routine Checkup,H2-PROV0003,DEPT018,46669,2025-03-11,2023-06-23
H2-ENC004510,HOSP005316,2024-02-15,Outpatient,H2-PROV0001,DEPT016,76611,2025-10-28,2025-01-13
H2-ENC004511,HOSP007572,2020-03-26,Inpatient,H2-PROV0011,DEPT006,99557,2024-03-24,2023-04-24
H2-ENC004512,HOSP021073,2022-01-31,Routine Checkup,H2-PROV0005,DEPT011,99710,2021-04-12,2021-06-19
H2-ENC004513,HOSP023560,2020-11-01,Routine Checkup,H2-PROV0015,DEPT012,19587,2024-03-06,2021-02-04
H2-ENC004514,HOSP011743,2024-04-29,Telemedicine,H2-PROV0024,DEPT013,84274,2022-09-19,2024-03-03
H2-ENC004515,HOSP027617,2025-09-06,Outpatient,H2-PROV0006,DEPT012,39256,2024-10-27,2022-03-14
H2-ENC004516,HOSP021462,2024-01-06,Emergency,H2-PROV0011,DEPT011,22293,2020-07-22,2022-12-29
H2-ENC004517,HOSP026079,2023-04-07,Telemedicine,H2-PROV0010,DEPT001,13974,2021-04-08,2020-11-23
H2-ENC004518,HOSP025488,2021-04-28,Inpatient,H2-PROV0014,DEPT008,28322,2025-10-18,2022-08-20
H2-ENC004519,HOSP006363,2026-07-28,Outpatient,H2-PROV0017,DEPT001,75310,2020-05-23,2022-01-29
H2-ENC004520,HOSP038560,2023-10-01,Routine Checkup,H2-PROV0024,DEPT019,49874,2020-06-19,2026-09-07
H2-ENC004521,HOSP000120,2022-10-19,Telemedicine,H2-PROV0026,DEPT004,21397,2025-02-22,2021-02-07
H2-ENC004522,HOSP040301,2026-09-12,Emergency,H2-PROV0026,DEPT004,41054,2026-05-02,2026-06-21
H2-ENC004523,HOSP049269,2025-04-12,Outpatient,H2-PROV0029,DEPT003,37042,2023-03-18,2023-03-03
H2-ENC004524,HOSP041011,2021-10-26,Emergency,H2-PROV0022,DEPT017,60975,2025-09-30,2023-12-30
H2-ENC004525,HOSP015848,2020-01-08,Routine Checkup,H2-PROV0018,DEPT020,35241,2025-07-21,2025-08-08
H2-ENC004526,HOSP034621,2020-09-04,Routine Checkup,H2-PROV0001,DEPT005,10886,2024-01-19,2023-11-10
H2-ENC004527,HOSP041525,2022-11-30,Telemedicine,H2-PROV0024,DEPT020,72420,2023-07-09,2024-08-27
H2-ENC004528,HOSP017187,2021-07-30,Emergency,H2-PROV0004,DEPT002,79250,2021-12-21,2025-08-10
H2-ENC004529,HOSP025881,2021-03-19,Inpatient,H2-PROV0008,DEPT002,56966,2026-05-13,2020-07-15
H2-ENC004530,HOSP045218,2020-05-21,Telemedicine,H2-PROV0021,DEPT005,72545,2025-10-01,2021-12-21
H2-ENC004531,HOSP034517,2025-07-22,Outpatient,H2-PROV0024,DEPT013,31189,2022-12-10,2024-11-01
H2-ENC004532,HOSP020275,2020-11-14,Routine Checkup,H2-PROV0023,DEPT004,49874,2025-11-12,2021-08-04
H2-ENC004533,HOSP040858,2026-05-25,Inpatient,H2-PROV0015,DEPT010,67290,2020-09-11,2023-02-13
H2-ENC004534,HOSP017785,2023-09-22,Inpatient,H2-PROV0001,DEPT014,85919,2022-10-21,2021-12-18
H2-ENC004535,HOSP001174,2021-03-08,Inpatient,H2-PROV0006,DEPT020,52559,2020-05-01,2022-10-07
H2-ENC004536,HOSP013411,2023-09-12,Outpatient,H2-PROV0005,DEPT001,66309,2020-08-09,2026-05-10
H2-ENC004537,HOSP027093,2026-02-09,Routine Checkup,H2-PROV0025,DEPT007,14684,2025-05-21,2026-06-16
H2-ENC004538,HOSP043398,2025-11-06,Routine Checkup,H2-PROV0019,DEPT007,20113,2021-08-25,2025-10-06
H2-ENC004539,HOSP025633,2024-08-13,Telemedicine,H2-PROV0021,DEPT002,76908,2023-07-30,2024-05-17
H2-ENC004540,HOSP039182,2024-03-13,Outpatient,H2-PROV0020,DEPT009,79425,2020-04-23,2025-09-27
H2-ENC004541,HOSP004253,2025-10-17,Emergency,H2-PROV0017,DEPT005,86796,2024-04-25,2024-01-16
H2-ENC004542,HOSP039143,2024-10-25,Telemedicine,H2-PROV0011,DEPT015,21275,2021-09-23,2023-01-10
H2-ENC004543,HOSP019495,2022-03-24,Emergency,H2-PROV0019,DEPT010,77488,2022-02-18,2023-08-24
H2-ENC004544,HOSP024255,2023-01-26,Telemedicine,H2-PROV0001,DEPT001,94218,2022-01-02,2026-04-19
H2-ENC004545,HOSP003867,2023-11-06,Telemedicine,H2-PROV0026,DEPT004,60751,2021-02-17,2022-12-11
H2-ENC004546,HOSP032457,2023-09-26,Outpatient,H2-PROV0023,DEPT004,63721,2021-07-18,2021-10-07
H2-ENC004547,HOSP028783,2022-04-01,Emergency,H2-PROV0011,DEPT010,31864,2024-03-19,2021-05-19
H2-ENC004548,HOSP043944,2020-09-25,Telemedicine,H2-PROV0030,DEPT013,47378,2023-01-04,2025-12-01
H2-ENC004549,HOSP042682,2026-07-10,Emergency,H2-PROV0017,DEPT020,18346,2026-04-18,2023-08-11
H2-ENC004550,HOSP002429,2024-05-20,Inpatient,H2-PROV0021,DEPT010,73686,2021-01-10,2025-09-21
H2-ENC004551,HOSP001485,2024-12-03,Inpatient,H2-PROV0029,DEPT002,15438,2025-01-13,2023-07-22
H2-ENC004552,HOSP035189,2021-11-10,Routine Checkup,H2-PROV0004,DEPT011,24026,2021-06-15,2026-08-02
H2-ENC004553,HOSP004667,2020-12-04,Outpatient,H2-PROV0017,DEPT017,24305,2025-03-24,2021-10-20
H2-ENC004554,HOSP016443,2024-01-01,Telemedicine,H2-PROV0008,DEPT003,72241,2022-11-15,2023-01-01
H2-ENC004555,HOSP026771,2020-10-23,Outpatient,H2-PROV0018,DEPT013,87524,2022-08-20,2022-08-25
H2-ENC004556,HOSP035397,2021-02-13,Telemedicine,H2-PROV0027,DEPT016,67421,2024-02-04,2021-05-22
H2-ENC004557,HOSP043984,2020-11-10,Emergency,H2-PROV0030,DEPT018,81065,2023-05-13,2026-01-12
H2-ENC004558,HOSP010233,2021-04-30,Routine Checkup,H2-PROV0013,DEPT006,17352,2023-02-08,2025-03-18
H2-ENC004559,HOSP015256,2023-10-10,Emergency,H2-PROV0012,DEPT016,51588,2026-04-12,2025-11-07
H2-ENC004560,HOSP015661,2023-02-03,Outpatient,H2-PROV0018,DEPT008,67519,2025-10-29,2023-06-13
H2-ENC004561,HOSP012539,2023-02-26,Emergency,H2-PROV0011,DEPT005,55663,2020-02-09,2023-08-19
H2-ENC004562,HOSP030815,2023-09-26,Outpatient,H2-PROV0018,DEPT016,24440,2020-05-22,2021-07-13
H2-ENC004563,HOSP034962,2026-06-19,Inpatient,H2-PROV0019,DEPT007,90885,2022-10-20,2021-06-30
H2-ENC004564,HOSP009826,2026-02-14,Telemedicine,H2-PROV0022,DEPT016,49391,2024-12-24,2025-05-08
H2-ENC004565,HOSP041488,2020-11-24,Telemedicine,H2-PROV0001,DEPT002,34493,2021-10-28,2025-03-26
H2-ENC004566,HOSP019390,2022-10-26,Outpatient,H2-PROV0013,DEPT018,32643,2023-02-05,2022-11-02
H2-ENC004567,HOSP002002,2025-10-21,Telemedicine,H2-PROV0011,DEPT004,11301,2022-03-21,2025-12-19
H2-ENC004568,HOSP034456,2021-04-12,Routine Checkup,H2-PROV0027,DEPT009,93323,2020-02-23,2024-02-10
H2-ENC004569,HOSP038516,2022-07-24,Emergency,H2-PROV0001,DEPT008,80648,2025-07-02,2024-10-06
H2-ENC004570,HOSP008088,2023-09-04,Emergency,H2-PROV0019,DEPT006,70855,2026-08-05,2022-12-20
H2-ENC004571,HOSP010587,2026-06-26,Inpatient,H2-PROV0024,DEPT003,15787,2022-10-14,2022-05-26
H2-ENC004572,HOSP025448,2025-08-01,Telemedicine,H2-PROV0029,DEPT012,80524,2020-10-29,2020-05-11
H2-ENC004573,HOSP031622,2024-03-28,Outpatient,H2-PROV0030,DEPT009,72092,2023-09-27,2026-08-11
H2-ENC004574,HOSP043117,2021-12-05,Emergency,H2-PROV0006,DEPT009,24440,2024-03-17,2023-12-13
H2-ENC004575,HOSP014013,2021-09-28,Routine Checkup,H2-PROV0023,DEPT003,72105,2021-06-08,2023-11-12
H2-ENC004576,HOSP016797,2020-10-01,Outpatient,H2-PROV0016,DEPT005,34439,2025-03-10,2022-10-29
H2-ENC004577,HOSP035974,2026-09-05,Outpatient,H2-PROV0026,DEPT019,97181,2022-11-09,2020-09-17
H2-ENC004578,HOSP008232,2022-05-25,Routine Checkup,H2-PROV0011,DEPT006,79719,2023-10-30,2022-10-28
H2-ENC004579,HOSP003262,2022-01-19,Telemedicine,H2-PROV0012,DEPT010,50401,2020-08-10,2025-08-31
H2-ENC004580,HOSP012443,2021-10-03,Telemedicine,H2-PROV0011,DEPT015,17216,2020-01-22,2025-07-04
H2-ENC004581,HOSP005551,2022-10-20,Emergency,H2-PROV0016,DEPT006,15820,2026-07-22,2020-08-06
H2-ENC004582,HOSP037911,2026-08-20,Telemedicine,H2-PROV0019,DEPT002,46719,2024-01-16,2022-02-06
H2-ENC004583,HOSP031316,2021-07-09,Inpatient,H2-PROV0021,DEPT019,51947,2026-02-05,2022-03-22
H2-ENC004584,HOSP016328,2024-11-21,Outpatient,H2-PROV0017,DEPT006,12259,2021-09-26,2024-04-06
H2-ENC004585,HOSP004120,2020-02-06,Inpatient,H2-PROV0007,DEPT015,30076,2023-04-03,2025-04-22
H2-ENC004586,HOSP021029,2024-06-05,Inpatient,H2-PROV0022,DEPT013,52175,2025-12-09,2026-09-08
H2-ENC004587,HOSP020298,2021-10-28,Telemedicine,H2-PROV0008,DEPT017,53233,2020-11-10,2020-12-09
H2-ENC004588,HOSP040357,2023-12-16,Outpatient,H2-PROV0011,DEPT008,31282,2022-01-28,2023-05-17
H2-ENC004589,HOSP013290,2026-06-11,Outpatient,H2-PROV0010,DEPT008,93558,2024-07-26,2022-12-27
H2-ENC004590,HOSP048048,2022-02-22,Inpatient,H2-PROV0018,DEPT004,86172,2021-12-22,2023-04-26
H2-ENC004591,HOSP009736,2025-11-01,Outpatient,H2-PROV0018,DEPT009,27527,2021-10-19,2026-02-26
H2-ENC004592,HOSP011651,2024-03-02,Routine Checkup,H2-PROV0008,DEPT019,15254,2022-12-28,2026-09-12
H2-ENC004593,HOSP011599,2021-01-07,Telemedicine,H2-PROV0013,DEPT020,13814,2021-03-01,2022-05-11
H2-ENC004594,HOSP042969,2023-05-19,Outpatient,H2-PROV0012,DEPT012,54726,2025-04-11,2022-10-08
H2-ENC004595,HOSP018027,2020-07-17,Inpatient,H2-PROV0016,DEPT002,48045,2026-02-08,2025-07-28
H2-ENC004596,HOSP035783,2022-01-13,Inpatient,H2-PROV0027,DEPT016,22628,2024-06-15,2021-11-24
H2-ENC004597,HOSP007182,2020-02-21,Emergency,H2-PROV0029,DEPT004,90048,2020-08-24,2024-12-08
H2-ENC004598,HOSP026250,2021-07-15,Outpatient,H2-PROV0023,DEPT013,99977,2020-04-27,2026-05-01
H2-ENC004599,HOSP023669,2025-01-23,Telemedicine,H2-PROV0009,DEPT004,25961,2021-05-07,2024-03-19
H2-ENC004600,HOSP019893,2020-06-03,Telemedicine,H2-PROV0011,DEPT014,69233,2021-10-26,2026-04-20
H2-ENC004601,HOSP029337,2021-10-22,Telemedicine,H2-PROV0022,DEPT004,49171,2025-10-24,2023-06-15
H2-ENC004602,HOSP008874,2020-07-15,Inpatient,H2-PROV0008,DEPT001,80325,2021-02-11,2022-08-11
H2-ENC004603,HOSP026805,2020-10-12,Routine Checkup,H2-PROV0017,DEPT005,53313,2020-12-26,2020-10-25
H2-ENC004604,HOSP033103,2024-03-22,Routine Checkup,H2-PROV0011,DEPT019,58651,2022-04-12,2023-08-28
H2-ENC004605,HOSP038884,2022-02-03,Telemedicine,H2-PROV0022,DEPT018,66383,2025-09-04,2025-02-21
H2-ENC004606,HOSP029576,2021-03-01,Outpatient,H2-PROV0008,DEPT014,26725,2020-02-15,2023-04-11
H2-ENC004607,HOSP040386,2023-02-13,Routine Checkup,H2-PROV0008,DEPT013,59966,2021-05-07,2022-05-27
H2-ENC004608,HOSP022203,2026-07-28,Emergency,H2-PROV0022,DEPT010,26995,2021-01-03,2026-02-27
H2-ENC004609,HOSP018681,2022-06-05,Outpatient,H2-PROV0004,DEPT017,93755,2026-05-25,2024-06-06
H2-ENC004610,HOSP046964,2021-07-31,Emergency,H2-PROV0016,DEPT013,20782,2025-04-20,2020-11-01
H2-ENC004611,HOSP032525,2024-09-13,Inpatient,H2-PROV0023,DEPT003,54345,2024-08-14,2020-09-12
H2-ENC004612,HOSP005380,2020-01-31,Telemedicine,H2-PROV0030,DEPT018,39255,2021-05-10,2022-07-25
H2-ENC004613,HOSP021959,2022-11-25,Inpatient,H2-PROV0028,DEPT020,96629,2022-07-28,2025-12-06
H2-ENC004614,HOSP035536,2026-08-31,Inpatient,H2-PROV0002,DEPT012,37641,2026-05-07,2023-12-23
H2-ENC004615,HOSP042150,2023-12-22,Inpatient,H2-PROV0011,DEPT005,64840,2023-09-08,2022-05-31
H2-ENC004616,HOSP034568,2025-04-16,Emergency,H2-PROV0011,DEPT006,14989,2026-07-08,2024-08-08
H2-ENC004617,HOSP007888,2026-01-03,Telemedicine,H2-PROV0002,DEPT015,72092,2025-11-07,2023-06-16
H2-ENC004618,HOSP046813,2020-05-21,Routine Checkup,H2-PROV0020,DEPT013,41594,2022-03-23,2021-10-31
H2-ENC004619,HOSP010976,2022-11-22,Routine Checkup,H2-PROV0024,DEPT013,75978,2026-02-28,2025-02-22
H2-ENC004620,HOSP040400,2025-06-22,Routine Checkup,H2-PROV0008,DEPT007,39529,2026-05-05,2025-08-26
H2-ENC004621,HOSP026746,2021-06-01,Telemedicine,H2-PROV0029,DEPT006,99861,2024-11-27,2025-03-28
H2-ENC004622,HOSP013855,2022-06-26,Routine Checkup,H2-PROV0019,DEPT009,37785,2026-08-30,2026-03-13
H2-ENC004623,HOSP022299,2022-01-21,Routine Checkup,H2-PROV0016,DEPT002,79250,2023-12-18,2025-01-12
H2-ENC004624,HOSP049683,2020-07-20,Emergency,H2-PROV0024,DEPT008,30265,2021-10-09,2022-12-01
H2-ENC004625,HOSP006054,2022-10-05,Emergency,H2-PROV0009,DEPT006,63043,2023-11-16,2024-03-18
H2-ENC004626,HOSP027762,2021-03-10,Telemedicine,H2-PROV0019,DEPT015,86407,2022-03-15,2022-12-21
H2-ENC004627,HOSP038577,2022-07-02,Outpatient,H2-PROV0017,DEPT002,40806,2025-11-29,2025-02-25
H2-ENC004628,HOSP027224,2026-03-23,Outpatient,H2-PROV0006,DEPT014,63341,2023-10-03,2025-08-13
H2-ENC004629,HOSP020937,2021-06-18,Inpatient,H2-PROV0016,DEPT009,31864,2020-12-03,2025-06-04
H2-ENC004630,HOSP026821,2026-03-13,Routine Checkup,H2-PROV0024,DEPT016,73598,2025-12-25,2023-02-01
H2-ENC004631,HOSP025113,2025-10-11,Emergency,H2-PROV0029,DEPT004,84805,2025-07-20,2024-01-08
H2-ENC004632,HOSP000807,2021-02-25,Telemedicine,H2-PROV0027,DEPT010,39592,2026-05-07,2025-07-19
H2-ENC004633,HOSP020379,2026-04-24,Emergency,H2-PROV0014,DEPT006,33811,2025-10-18,2023-10-05
H2-ENC004634,HOSP036999,2026-01-04,Outpatient,H2-PROV0004,DEPT009,86796,2022-09-16,2023-03-15
H2-ENC004635,HOSP013027,2024-04-12,Emergency,H2-PROV0007,DEPT008,30248,2024-10-24,2025-11-22
H2-ENC004636,HOSP002358,2025-04-29,Telemedicine,H2-PROV0025,DEPT017,18346,2021-04-28,2023-11-14
H2-ENC004637,HOSP004499,2026-05-04,Inpatient,H2-PROV0026,DEPT011,91726,2020-03-23,2025-01-17
H2-ENC004638,HOSP015548,2025-02-18,Routine Checkup,H2-PROV0020,DEPT010,18688,2022-10-29,2025-07-28
H2-ENC004639,HOSP015952,2023-06-11,Telemedicine,H2-PROV0003,DEPT002,26754,2026-04-19,2024-01-16
H2-ENC004640,HOSP045081,2021-05-30,Outpatient,H2-PROV0011,DEPT020,85655,2024-05-03,2026-01-28
H2-ENC004641,HOSP044811,2024-01-25,Routine Checkup,H2-PROV0011,DEPT019,49502,2021-02-17,2020-04-03
H2-ENC004642,HOSP035072,2026-01-22,Routine Checkup,H2-PROV0016,DEPT009,66033,2025-02-03,2024-02-01
H2-ENC004643,HOSP020280,2021-10-28,Outpatient,H2-PROV0014,DEPT009,95960,2020-04-22,2023-08-15
H2-ENC004644,HOSP006953,2024-11-10,Emergency,H2-PROV0015,DEPT008,40905,2022-02-06,2026-06-21
H2-ENC004645,HOSP037539,2023-09-18,Emergency,H2-PROV0020,DEPT003,94426,2020-07-25,2024-05-10
H2-ENC004646,HOSP005380,2020-05-21,Telemedicine,H2-PROV0003,DEPT020,98313,2021-01-01,2026-08-09
H2-ENC004647,HOSP000791,2026-02-22,Outpatient,H2-PROV0012,DEPT001,17070,2020-06-18,2023-01-24
H2-ENC004648,HOSP010073,2021-11-14,Inpatient,H2-PROV0011,DEPT011,81503,2022-11-30,2020-08-30
H2-ENC004649,HOSP010086,2026-05-29,Emergency,H2-PROV0020,DEPT003,57355,2020-10-30,2020-04-17
H2-ENC004650,HOSP012390,2022-07-21,Emergency,H2-PROV0026,DEPT016,17730,2021-09-24,2021-04-23
H2-ENC004651,HOSP029186,2023-04-06,Routine Checkup,H2-PROV0008,DEPT008,63423,2020-08-05,2022-06-26
H2-ENC004652,HOSP043716,2020-05-06,Routine Checkup,H2-PROV0019,DEPT011,78730,2024-09-21,2024-06-24
H2-ENC004653,HOSP026271,2025-01-20,Routine Checkup,H2-PROV0018,DEPT018,67421,2026-08-21,2022-02-21
H2-ENC004654,HOSP000019,2025-07-17,Routine Checkup,H2-PROV0002,DEPT003,71185,2026-09-22,2021-08-30
H2-ENC004655,HOSP004228,2025-11-24,Telemedicine,H2-PROV0023,DEPT015,41258,2024-01-04,2023-11-22
H2-ENC004656,HOSP011889,2023-04-05,Telemedicine,H2-PROV0004,DEPT012,92521,2022-08-10,2022-04-13
H2-ENC004657,HOSP019683,2023-05-17,Routine Checkup,H2-PROV0019,DEPT018,12388,2023-12-18,2022-11-07
H2-ENC004658,HOSP024778,2023-12-18,Inpatient,H2-PROV0001,DEPT011,77488,2025-01-10,2022-04-22
H2-ENC004659,HOSP041358,2023-04-24,Outpatient,H2-PROV0007,DEPT008,19290,2023-05-24,2020-08-10
H2-ENC004660,HOSP004856,2026-01-17,Routine Checkup,H2-PROV0022,DEPT018,45027,2026-02-26,2021-08-01
H2-ENC004661,HOSP011991,2023-06-20,Emergency,H2-PROV0001,DEPT017,96898,2021-04-27,2026-07-22
H2-ENC004662,HOSP010132,2026-04-24,Telemedicine,H2-PROV0017,DEPT003,48096,2021-08-03,2021-08-10
H2-ENC004663,HOSP008181,2020-03-05,Inpatient,H2-PROV0009,DEPT010,45144,2021-12-01,2025-09-18
H2-ENC004664,HOSP043850,2022-03-14,Outpatient,H2-PROV0004,DEPT006,96652,2022-01-17,2021-06-13
H2-ENC004665,HOSP004072,2021-01-28,Routine Checkup,H2-PROV0024,DEPT001,48045,2023-03-24,2025-05-09
H2-ENC004666,HOSP027493,2022-03-25,Outpatient,H2-PROV0022,DEPT013,28814,2025-09-14,2020-10-29
H2-ENC004667,HOSP034673,2024-08-08,Routine Checkup,H2-PROV0020,DEPT010,28350,2024-05-03,2021-02-27
H2-ENC004668,HOSP019720,2024-05-21,Outpatient,H2-PROV0007,DEPT003,20868,2022-01-28,2023-02-17
H2-ENC004669,HOSP027969,2025-04-23,Emergency,H2-PROV0001,DEPT009,65662,2024-11-25,2022-03-23
H2-ENC004670,HOSP039491,2020-01-25,Emergency,H2-PROV0023,DEPT007,66023,2022-06-23,2022-09-29
H2-ENC004671,HOSP005065,2020-10-29,Outpatient,H2-PROV0028,DEPT007,15076,2022-12-21,2021-01-13
H2-ENC004672,HOSP004851,2020-01-28,Emergency,H2-PROV0019,DEPT017,28115,2023-05-12,2020-03-24
H2-ENC004673,HOSP012162,2024-02-28,Inpatient,H2-PROV0025,DEPT012,32087,2025-01-14,2024-12-04
H2-ENC004674,HOSP022812,2020-02-07,Inpatient,H2-PROV0005,DEPT020,69247,2020-03-31,2020-10-12
H2-ENC004675,HOSP044956,2022-02-02,Outpatient,H2-PROV0021,DEPT019,79248,2025-08-29,2022-03-06
H2-ENC004676,HOSP020125,2021-05-22,Inpatient,H2-PROV0008,DEPT007,21297,2020-06-27,2024-03-30
H2-ENC004677,HOSP022881,2022-07-12,Routine Checkup,H2-PROV0029,DEPT011,12415,2023-06-03,2024-07-15
H2-ENC004678,HOSP047126,2022-03-29,Telemedicine,H2-PROV0006,DEPT014,89746,2026-03-23,2026-04-05
H2-ENC004679,HOSP008706,2022-04-05,Emergency,H2-PROV0025,DEPT019,75480,2020-05-14,2020-03-24
H2-ENC004680,HOSP014040,2022-06-25,Emergency,H2-PROV0010,DEPT014,45202,2021-07-19,2025-12-14
H2-ENC004681,HOSP015204,2022-03-13,Routine Checkup,H2-PROV0006,DEPT015,67246,2022-07-08,2023-09-02
H2-ENC004682,HOSP026593,2023-06-07,Telemedicine,H2-PROV0030,DEPT011,32615,2021-09-26,2023-10-17
H2-ENC004683,HOSP006721,2024-12-03,Telemedicine,H2-PROV0012,DEPT019,32072,2020-08-18,2024-10-10
H2-ENC004684,HOSP035294,2025-07-27,Emergency,H2-PROV0019,DEPT007,61631,2026-07-16,2025-05-01
H2-ENC004685,HOSP038110,2026-05-08,Emergency,H2-PROV0023,DEPT001,64423,2025-01-05,2026-06-11
H2-ENC004686,HOSP003120,2026-02-01,Emergency,H2-PROV0017,DEPT007,48143,2026-07-26,2026-05-24
H2-ENC004687,HOSP016401,2026-03-09,Inpatient,H2-PROV0023,DEPT020,24371,2025-01-16,2023-11-12
H2-ENC004688,HOSP018714,2022-05-13,Routine Checkup,H2-PROV0010,DEPT003,18148,2023-12-27,2023-09-16
H2-ENC004689,HOSP049539,2022-07-08,Routine Checkup,H2-PROV0001,DEPT014,97079,2021-08-02,2026-06-03
H2-ENC004690,HOSP000282,2022-10-31,Inpatient,H2-PROV0007,DEPT020,42405,2021-06-16,2026-01-24
H2-ENC004691,HOSP006502,2024-03-05,Inpatient,H2-PROV0010,DEPT001,94872,2020-09-24,2025-03-07
H2-ENC004692,HOSP020354,2020-09-11,Telemedicine,H2-PROV0002,DEPT014,94566,2022-01-14,2026-01-01
H2-ENC004693,HOSP003674,2021-12-06,Telemedicine,H2-PROV0022,DEPT019,88786,2026-07-01,2021-05-28
H2-ENC004694,HOSP011773,2022-12-18,Outpatient,H2-PROV0022,DEPT019,17178,2022-10-06,2021-03-14
H2-ENC004695,HOSP020887,2025-08-12,Outpatient,H2-PROV0001,DEPT009,75790,2022-12-19,2021-07-11
H2-ENC004696,HOSP003772,2022-12-26,Routine Checkup,H2-PROV0006,DEPT017,66840,2024-11-29,2023-08-16
H2-ENC004697,HOSP009987,2023-06-04,Outpatient,H2-PROV0007,DEPT019,97224,2026-02-27,2026-09-05
H2-ENC004698,HOSP044365,2023-12-27,Inpatient,H2-PROV0011,DEPT010,83819,2022-04-04,2021-03-04
H2-ENC004699,HOSP043760,2025-10-04,Emergency,H2-PROV0009,DEPT014,20445,2021-04-12,2025-10-25
H2-ENC004700,HOSP018815,2026-04-11,Telemedicine,H2-PROV0010,DEPT015,58651,2026-09-08,2026-07-17
H2-ENC004701,HOSP003686,2024-03-12,Routine Checkup,H2-PROV0011,DEPT001,80121,2026-05-09,2021-12-05
H2-ENC004702,HOSP004053,2022-05-18,Routine Checkup,H2-PROV0013,DEPT011,91726,2025-03-06,2022-03-26
H2-ENC004703,HOSP048531,2022-07-22,Inpatient,H2-PROV0016,DEPT008,28826,2023-08-14,2021-01-01
H2-ENC004704,HOSP047074,2022-04-24,Outpatient,H2-PROV0003,DEPT003,35094,2023-10-27,2022-08-13
H2-ENC004705,HOSP030555,2025-09-22,Inpatient,H2-PROV0019,DEPT007,71259,2023-05-30,2025-01-04
H2-ENC004706,HOSP020277,2021-01-15,Inpatient,H2-PROV0005,DEPT003,69344,2021-05-16,2022-06-07
H2-ENC004707,HOSP019307,2023-07-31,Emergency,H2-PROV0020,DEPT004,81495,2025-09-22,2021-03-15
H2-ENC004708,HOSP049373,2022-09-12,Routine Checkup,H2-PROV0026,DEPT005,93733,2021-10-21,2020-05-26
H2-ENC004709,HOSP049760,2026-02-04,Telemedicine,H2-PROV0016,DEPT002,15572,2024-11-22,2022-04-06
H2-ENC004710,HOSP018298,2024-01-24,Emergency,H2-PROV0016,DEPT004,70701,2026-02-23,2020-05-10
H2-ENC004711,HOSP010611,2026-06-19,Telemedicine,H2-PROV0009,DEPT009,80998,2022-11-23,2025-08-22
H2-ENC004712,HOSP042591,2020-03-07,Outpatient,H2-PROV0009,DEPT005,57102,2022-01-23,2024-04-25
H2-ENC004713,HOSP039012,2022-08-28,Outpatient,H2-PROV0006,DEPT019,53056,2020-03-07,2025-11-06
H2-ENC004714,HOSP019894,2022-11-18,Outpatient,H2-PROV0013,DEPT003,48754,2022-06-25,2024-03-23
H2-ENC004715,HOSP016134,2024-03-28,Inpatient,H2-PROV0004,DEPT002,81825,2022-07-12,2023-06-21
H2-ENC004716,HOSP013359,2026-02-08,Outpatient,H2-PROV0021,DEPT004,57322,2025-01-15,2022-09-15
H2-ENC004717,HOSP008726,2023-05-16,Inpatient,H2-PROV0022,DEPT002,81402,2020-04-03,2022-02-25
H2-ENC004718,HOSP006047,2023-11-18,Inpatient,H2-PROV0008,DEPT011,11200,2023-03-25,2026-08-23
H2-ENC004719,HOSP011337,2025-09-12,Telemedicine,H2-PROV0029,DEPT005,68535,2021-04-30,2024-03-13
H2-ENC004720,HOSP043859,2020-11-09,Emergency,H2-PROV0004,DEPT002,11095,2024-05-31,2025-04-06
H2-ENC004721,HOSP014417,2022-05-13,Emergency,H2-PROV0007,DEPT004,22079,2022-04-22,2020-06-13
H2-ENC004722,HOSP040181,2020-05-01,Outpatient,H2-PROV0001,DEPT017,69052,2021-08-31,2022-03-18
H2-ENC004723,HOSP017328,2020-07-17,Emergency,H2-PROV0019,DEPT012,66023,2023-03-31,2021-07-03
H2-ENC004724,HOSP031554,2021-09-28,Telemedicine,H2-PROV0016,DEPT012,27647,2021-03-05,2023-05-15
H2-ENC004725,HOSP009506,2022-12-31,Inpatient,H2-PROV0008,DEPT018,22079,2022-08-21,2025-11-25
H2-ENC004726,HOSP018272,2021-04-15,Telemedicine,H2-PROV0012,DEPT005,66033,2023-10-06,2026-08-28
H2-ENC004727,HOSP044684,2022-02-10,Telemedicine,H2-PROV0008,DEPT019,29273,2023-09-23,2024-04-12
H2-ENC004728,HOSP004025,2022-11-24,Emergency,H2-PROV0011,DEPT011,20203,2026-06-03,2021-11-06
H2-ENC004729,HOSP011096,2025-05-26,Outpatient,H2-PROV0005,DEPT011,56003,2024-10-21,2020-03-25
H2-ENC004730,HOSP039191,2024-01-15,Inpatient,H2-PROV0007,DEPT004,76332,2020-07-02,2022-07-17
H2-ENC004731,HOSP000001,2022-03-06,Routine Checkup,H2-PROV0010,DEPT019,79579,2021-10-14,2020-12-21
H2-ENC004732,HOSP026715,2022-05-13,Routine Checkup,H2-PROV0016,DEPT014,46168,2025-08-17,2023-04-09
H2-ENC004733,HOSP016574,2025-05-15,Outpatient,H2-PROV0024,DEPT018,64840,2020-11-11,2025-03-11
H2-ENC004734,HOSP025819,2024-08-05,Inpatient,H2-PROV0011,DEPT015,42716,2021-01-25,2021-12-09
H2-ENC004735,HOSP038558,2023-04-22,Emergency,H2-PROV0023,DEPT016,46256,2024-11-02,2024-07-26
H2-ENC004736,HOSP049839,2020-06-18,Routine Checkup,H2-PROV0023,DEPT020,28046,2024-07-25,2026-04-18
H2-ENC004737,HOSP038755,2023-03-28,Emergency,H2-PROV0008,DEPT007,92091,2024-09-23,2026-01-17
H2-ENC004738,HOSP016044,2022-09-25,Outpatient,H2-PROV0024,DEPT005,35978,2025-05-05,2020-03-06
H2-ENC004739,HOSP028012,2020-06-12,Inpatient,H2-PROV0008,DEPT004,44424,2021-11-09,2026-06-26
H2-ENC004740,HOSP021118,2024-07-24,Inpatient,H2-PROV0017,DEPT012,67423,2024-08-04,2025-08-05
H2-ENC004741,HOSP013236,2024-07-23,Routine Checkup,H2-PROV0019,DEPT010,77235,2024-08-12,2024-11-16
H2-ENC004742,HOSP007228,2023-04-25,Routine Checkup,H2-PROV0010,DEPT003,64075,2024-05-16,2025-01-05
H2-ENC004743,HOSP039306,2024-05-14,Telemedicine,H2-PROV0005,DEPT008,10877,2026-09-20,2021-01-21
H2-ENC004744,HOSP044980,2025-01-20,Emergency,H2-PROV0006,DEPT017,33369,2026-08-27,2026-06-13
H2-ENC004745,HOSP037969,2025-02-15,Telemedicine,H2-PROV0015,DEPT012,52520,2024-11-19,2020-08-03
H2-ENC004746,HOSP007510,2021-08-03,Telemedicine,H2-PROV0004,DEPT020,24848,2026-04-09,2024-02-17
H2-ENC004747,HOSP037231,2024-09-24,Routine Checkup,H2-PROV0011,DEPT020,83674,2025-12-15,2021-04-26
H2-ENC004748,HOSP005897,2020-06-01,Inpatient,H2-PROV0019,DEPT013,70702,2020-11-14,2022-03-14
H2-ENC004749,HOSP015532,2023-02-24,Inpatient,H2-PROV0026,DEPT011,98690,2026-01-01,2023-03-22
H2-ENC004750,HOSP001189,2026-04-19,Emergency,H2-PROV0002,DEPT016,23057,2022-04-20,2026-01-12
H2-ENC004751,HOSP000452,2025-12-31,Emergency,H2-PROV0004,DEPT012,32615,2024-02-13,2022-01-09
H2-ENC004752,HOSP033399,2021-03-16,Emergency,H2-PROV0022,DEPT018,88891,2020-07-30,2022-03-27
H2-ENC004753,HOSP016954,2023-02-14,Routine Checkup,H2-PROV0003,DEPT017,23057,2023-07-29,2023-08-11
H2-ENC004754,HOSP031249,2024-04-29,Emergency,H2-PROV0018,DEPT007,68044,2024-05-25,2020-09-11
H2-ENC004755,HOSP006760,2023-12-25,Outpatient,H2-PROV0025,DEPT020,78117,2024-08-28,2025-02-11
H2-ENC004756,HOSP008049,2022-02-03,Telemedicine,H2-PROV0018,DEPT010,27527,2025-06-07,2024-01-14
H2-ENC004757,HOSP040354,2022-06-15,Routine Checkup,H2-PROV0007,DEPT007,24028,2026-09-08,2022-09-09
H2-ENC004758,HOSP036240,2021-02-01,Routine Checkup,H2-PROV0025,DEPT004,92185,2022-12-09,2023-11-06
H2-ENC004759,HOSP039647,2025-03-22,Outpatient,H2-PROV0016,DEPT004,84212,2022-12-23,2023-10-02
H2-ENC004760,HOSP026244,2022-11-26,Emergency,H2-PROV0005,DEPT002,63043,2023-03-12,2023-04-24
H2-ENC004761,HOSP001784,2024-07-03,Telemedicine,H2-PROV0019,DEPT013,75984,2023-02-28,2022-07-28
H2-ENC004762,HOSP024271,2021-07-14,Emergency,H2-PROV0024,DEPT005,79579,2022-06-09,2022-06-01
H2-ENC004763,HOSP006083,2025-10-24,Emergency,H2-PROV0023,DEPT016,55611,2021-04-25,2022-07-26
H2-ENC004764,HOSP026068,2022-01-11,Telemedicine,H2-PROV0013,DEPT003,59644,2023-05-05,2020-01-20
H2-ENC004765,HOSP004969,2020-08-15,Routine Checkup,H2-PROV0006,DEPT007,91726,2020-01-30,2022-07-19
H2-ENC004766,HOSP044719,2024-04-13,Telemedicine,H2-PROV0015,DEPT016,44424,2025-05-10,2022-09-12
H2-ENC004767,HOSP031507,2025-11-08,Outpatient,H2-PROV0019,DEPT001,60071,2025-02-07,2022-10-01
H2-ENC004768,HOSP002393,2022-07-16,Telemedicine,H2-PROV0011,DEPT004,48917,2024-08-07,2023-11-19
H2-ENC004769,HOSP022706,2025-03-25,Telemedicine,H2-PROV0023,DEPT006,98646,2023-11-18,2025-03-04
H2-ENC004770,HOSP015753,2021-09-14,Routine Checkup,H2-PROV0010,DEPT006,16060,2020-07-22,2024-07-07
H2-ENC004771,HOSP045860,2020-07-31,Routine Checkup,H2-PROV0006,DEPT003,36009,2021-12-15,2022-05-11
H2-ENC004772,HOSP039777,2025-09-28,Outpatient,H2-PROV0026,DEPT012,24383,2024-08-20,2024-03-17
H2-ENC004773,HOSP015987,2025-01-05,Telemedicine,H2-PROV0008,DEPT002,11301,2025-05-14,2020-08-04
H2-ENC004774,HOSP035014,2026-06-16,Telemedicine,H2-PROV0025,DEPT010,96257,2023-03-01,2022-09-24
H2-ENC004775,HOSP038140,2023-11-12,Telemedicine,H2-PROV0011,DEPT015,94174,2026-08-15,2021-06-22
H2-ENC004776,HOSP009764,2025-01-21,Inpatient,H2-PROV0029,DEPT020,84051,2025-09-23,2023-03-08
H2-ENC004777,HOSP031931,2024-05-20,Telemedicine,H2-PROV0008,DEPT004,47288,2025-04-02,2023-11-29
H2-ENC004778,HOSP023468,2024-07-13,Inpatient,H2-PROV0026,DEPT003,21297,2020-03-12,2020-09-21
H2-ENC004779,HOSP002743,2022-01-28,Routine Checkup,H2-PROV0023,DEPT009,17352,2021-02-16,2020-02-14
H2-ENC004780,HOSP006935,2022-03-24,Inpatient,H2-PROV0020,DEPT019,62879,2024-01-18,2020-12-16
H2-ENC004781,HOSP044424,2021-07-15,Outpatient,H2-PROV0019,DEPT020,76559,2022-02-27,2022-01-15
H2-ENC004782,HOSP043624,2020-10-25,Emergency,H2-PROV0013,DEPT002,59727,2023-03-13,2026-08-20
H2-ENC004783,HOSP026161,2021-01-23,Emergency,H2-PROV0018,DEPT011,21199,2021-03-24,2021-10-20
H2-ENC004784,HOSP040167,2022-09-02,Outpatient,H2-PROV0014,DEPT009,23826,2021-01-19,2025-02-03
H2-ENC004785,HOSP021728,2023-09-28,Emergency,H2-PROV0015,DEPT012,38675,2021-10-08,2025-02-17
H2-ENC004786,HOSP043511,2022-09-28,Emergency,H2-PROV0019,DEPT016,15076,2022-01-12,2026-04-14
H2-ENC004787,HOSP027500,2025-09-21,Telemedicine,H2-PROV0016,DEPT002,60817,2021-01-13,2021-07-09
H2-ENC004788,HOSP041833,2023-04-18,Routine Checkup,H2-PROV0027,DEPT006,20445,2023-07-05,2022-10-08
H2-ENC004789,HOSP015585,2021-12-05,Inpatient,H2-PROV0022,DEPT019,80121,2023-06-18,2023-11-11
H2-ENC004790,HOSP032367,2023-10-12,Routine Checkup,H2-PROV0020,DEPT005,60075,2021-10-07,2024-03-16
H2-ENC004791,HOSP032179,2025-08-09,Emergency,H2-PROV0022,DEPT010,60864,2023-04-17,2025-05-05
H2-ENC004792,HOSP012132,2026-04-02,Routine Checkup,H2-PROV0001,DEPT001,86865,2023-06-03,2021-04-26
H2-ENC004793,HOSP043734,2024-09-02,Routine Checkup,H2-PROV0023,DEPT017,12490,2020-12-03,2020-04-15
H2-ENC004794,HOSP012105,2022-03-01,Routine Checkup,H2-PROV0027,DEPT004,72545,2021-02-08,2025-10-28
H2-ENC004795,HOSP007096,2022-01-27,Inpatient,H2-PROV0003,DEPT003,36953,2022-01-09,2021-11-04
H2-ENC004796,HOSP043969,2025-10-07,Telemedicine,H2-PROV0014,DEPT008,99921,2023-12-14,2020-10-15
H2-ENC004797,HOSP020004,2020-06-01,Telemedicine,H2-PROV0012,DEPT016,94566,2023-08-20,2022-01-27
H2-ENC004798,HOSP001477,2020-12-08,Routine Checkup,H2-PROV0023,DEPT018,54731,2021-06-25,2020-04-26
H2-ENC004799,HOSP023024,2023-03-11,Inpatient,H2-PROV0022,DEPT014,47487,2022-05-20,2024-12-26
H2-ENC004800,HOSP026782,2024-06-17,Emergency,H2-PROV0026,DEPT011,28774,2024-01-27,2025-07-26
H2-ENC004801,HOSP041607,2025-12-30,Inpatient,H2-PROV0004,DEPT012,11029,2023-05-05,2022-11-15
H2-ENC004802,HOSP008631,2022-01-10,Telemedicine,H2-PROV0025,DEPT019,27647,2024-06-21,2020-09-18
H2-ENC004803,HOSP033981,2021-04-28,Inpatient,H2-PROV0019,DEPT004,46444,2023-02-19,2020-07-29
H2-ENC004804,HOSP014411,2020-02-06,Inpatient,H2-PROV0024,DEPT006,59662,2021-12-07,2024-05-15
H2-ENC004805,HOSP041920,2024-06-30,Routine Checkup,H2-PROV0004,DEPT009,55350,2020-02-17,2025-12-03
H2-ENC004806,HOSP041171,2021-04-12,Telemedicine,H2-PROV0024,DEPT001,12930,2023-03-05,2025-01-20
H2-ENC004807,HOSP017638,2022-08-15,Outpatient,H2-PROV0006,DEPT009,18032,2022-11-01,2025-05-27
H2-ENC004808,HOSP023669,2026-04-20,Emergency,H2-PROV0001,DEPT007,52175,2025-04-09,2026-08-29
H2-ENC004809,HOSP037456,2020-02-07,Outpatient,H2-PROV0014,DEPT020,98486,2022-03-08,2020-11-04
H2-ENC004810,HOSP012008,2021-02-25,Routine Checkup,H2-PROV0006,DEPT005,86796,2025-01-20,2023-06-06
H2-ENC004811,HOSP007924,2021-03-16,Routine Checkup,H2-PROV0009,DEPT006,48917,2023-01-27,2025-03-27
H2-ENC004812,HOSP019720,2025-07-08,Emergency,H2-PROV0010,DEPT014,21199,2024-12-30,2020-07-24
H2-ENC004813,HOSP049965,2026-07-31,Telemedicine,H2-PROV0011,DEPT015,66033,2025-05-15,2020-04-13
H2-ENC004814,HOSP013802,2020-06-22,Emergency,H2-PROV0028,DEPT004,43756,2021-06-28,2020-09-14
H2-ENC004815,HOSP045829,2020-12-21,Routine Checkup,H2-PROV0016,DEPT019,93079,2026-02-09,2024-05-04
H2-ENC004816,HOSP017364,2025-05-30,Telemedicine,H2-PROV0025,DEPT014,16020,2021-04-09,2020-10-26
H2-ENC004817,HOSP045138,2021-08-12,Emergency,H2-PROV0005,DEPT005,99977,2026-06-28,2023-01-17
H2-ENC004818,HOSP033959,2020-04-24,Routine Checkup,H2-PROV0012,DEPT003,81979,2023-09-30,2025-06-30
H2-ENC004819,HOSP025729,2024-07-07,Outpatient,H2-PROV0008,DEPT001,73021,2025-12-03,2024-12-18
H2-ENC004820,HOSP005902,2024-05-14,Inpatient,H2-PROV0023,DEPT018,92506,2021-09-22,2020-02-03
H2-ENC004821,HOSP002821,2020-02-23,Emergency,H2-PROV0014,DEPT001,55805,2021-03-30,2024-08-01
H2-ENC004822,HOSP043182,2024-08-20,Routine Checkup,H2-PROV0030,DEPT005,23047,2026-06-26,2026-04-06
H2-ENC004823,HOSP049630,2020-01-07,Outpatient,H2-PROV0023,DEPT002,61631,2024-10-25,2020-07-30
H2-ENC004824,HOSP036837,2025-01-04,Telemedicine,H2-PROV0009,DEPT014,49978,2025-08-15,2023-06-12
H2-ENC004825,HOSP042196,2025-11-07,Routine Checkup,H2-PROV0019,DEPT008,97715,2020-11-10,2023-11-30
H2-ENC004826,HOSP022733,2025-01-23,Telemedicine,H2-PROV0002,DEPT003,79266,2022-01-03,2021-05-14
H2-ENC004827,HOSP049216,2020-05-25,Inpatient,H2-PROV0019,DEPT010,65966,2020-07-28,2022-03-11
H2-ENC004828,HOSP043812,2020-03-10,Outpatient,H2-PROV0024,DEPT005,14177,2023-02-09,2020-11-21
H2-ENC004829,HOSP045043,2022-05-12,Routine Checkup,H2-PROV0014,DEPT019,96629,2022-07-10,2025-03-01
H2-ENC004830,HOSP031280,2026-03-03,Telemedicine,H2-PROV0013,DEPT015,32227,2024-02-26,2022-05-17
H2-ENC004831,HOSP046568,2020-11-19,Telemedicine,H2-PROV0021,DEPT012,67423,2020-05-29,2023-12-21
H2-ENC004832,HOSP037498,2026-01-16,Inpatient,H2-PROV0007,DEPT007,62990,2025-12-29,2026-02-19
H2-ENC004833,HOSP009370,2025-11-23,Inpatient,H2-PROV0003,DEPT014,79683,2026-01-15,2024-12-02
H2-ENC004834,HOSP015034,2021-06-26,Telemedicine,H2-PROV0022,DEPT001,20761,2026-02-26,2023-03-29
H2-ENC004835,HOSP026737,2021-12-19,Outpatient,H2-PROV0019,DEPT005,79683,2024-03-20,2021-01-20
H2-ENC004836,HOSP006630,2023-03-09,Routine Checkup,H2-PROV0030,DEPT010,73761,2022-12-09,2024-10-11
H2-ENC004837,HOSP004727,2026-06-03,Telemedicine,H2-PROV0012,DEPT010,82717,2025-03-08,2020-07-24
H2-ENC004838,HOSP028027,2026-07-21,Routine Checkup,H2-PROV0020,DEPT003,75182,2022-04-09,2026-09-10
H2-ENC004839,HOSP030051,2021-03-15,Telemedicine,H2-PROV0003,DEPT007,72220,2024-01-19,2021-12-26
H2-ENC004840,HOSP009131,2020-06-15,Emergency,H2-PROV0027,DEPT001,76537,2023-02-20,2026-07-30
H2-ENC004841,HOSP046012,2021-11-30,Emergency,H2-PROV0029,DEPT010,73843,2026-08-19,2021-08-31
H2-ENC004842,HOSP028523,2022-02-22,Routine Checkup,H2-PROV0023,DEPT007,66383,2024-08-27,2022-09-13
H2-ENC004843,HOSP030979,2026-03-10,Inpatient,H2-PROV0015,DEPT013,96643,2020-08-15,2020-02-03
H2-ENC004844,HOSP008882,2023-12-28,Inpatient,H2-PROV0026,DEPT005,12032,2024-11-20,2022-01-12
H2-ENC004845,HOSP021375,2023-08-20,Outpatient,H2-PROV0029,DEPT007,40000,2025-12-09,2025-11-19
H2-ENC004846,HOSP041529,2023-06-07,Outpatient,H2-PROV0008,DEPT010,73030,2024-08-03,2021-08-31
H2-ENC004847,HOSP029649,2024-06-07,Inpatient,H2-PROV0013,DEPT014,85191,2023-10-30,2022-10-24
H2-ENC004848,HOSP048557,2026-07-16,Emergency,H2-PROV0029,DEPT012,63714,2026-03-23,2023-07-18
H2-ENC004849,HOSP017631,2025-04-14,Emergency,H2-PROV0002,DEPT005,69247,2023-10-19,2024-05-02
H2-ENC004850,HOSP025885,2022-08-14,Emergency,H2-PROV0007,DEPT005,73059,2026-06-21,2022-11-05
H2-ENC004851,HOSP043609,2024-08-07,Emergency,H2-PROV0016,DEPT016,47378,2025-08-11,2023-12-03
H2-ENC004852,HOSP035054,2025-01-25,Emergency,H2-PROV0012,DEPT001,69052,2023-05-06,2026-03-11
H2-ENC004853,HOSP032406,2020-06-08,Inpatient,H2-PROV0022,DEPT003,87180,2023-02-06,2021-04-09
H2-ENC004854,HOSP020017,2020-10-30,Outpatient,H2-PROV0001,DEPT004,11200,2020-12-23,2024-02-09
H2-ENC004855,HOSP045911,2021-02-13,Inpatient,H2-PROV0006,DEPT019,79250,2023-07-04,2022-07-08
H2-ENC004856,HOSP018259,2020-10-29,Routine Checkup,H2-PROV0012,DEPT007,30208,2025-03-17,2021-10-07
H2-ENC004857,HOSP000580,2021-10-09,Telemedicine,H2-PROV0009,DEPT013,76797,2024-08-18,2022-05-20
H2-ENC004858,HOSP021895,2021-12-03,Emergency,H2-PROV0023,DEPT018,85655,2026-02-13,2022-04-28
H2-ENC004859,HOSP030132,2023-08-05,Telemedicine,H2-PROV0001,DEPT010,41787,2021-06-08,2022-07-14
H2-ENC004860,HOSP014083,2026-08-30,Emergency,H2-PROV0025,DEPT015,17225,2026-03-28,2020-12-31
H2-ENC004861,HOSP044153,2023-02-18,Telemedicine,H2-PROV0023,DEPT013,61123,2022-04-13,2026-04-30
H2-ENC004862,HOSP020904,2024-05-30,Emergency,H2-PROV0002,DEPT020,45115,2023-08-13,2025-06-22
H2-ENC004863,HOSP037480,2024-12-05,Outpatient,H2-PROV0021,DEPT008,34672,2024-09-16,2021-05-23
H2-ENC004864,HOSP014582,2023-09-10,Emergency,H2-PROV0003,DEPT010,62642,2023-09-23,2025-10-15
H2-ENC004865,HOSP006200,2023-06-09,Inpatient,H2-PROV0012,DEPT009,30764,2020-11-12,2026-09-19
H2-ENC004866,HOSP002682,2023-10-12,Routine Checkup,H2-PROV0010,DEPT006,58086,2024-12-01,2023-02-10
H2-ENC004867,HOSP025363,2025-01-17,Outpatient,H2-PROV0013,DEPT015,96904,2024-06-22,2022-11-10
H2-ENC004868,HOSP023728,2025-08-08,Inpatient,H2-PROV0010,DEPT011,24440,2026-09-03,2024-09-21
H2-ENC004869,HOSP035481,2025-09-15,Emergency,H2-PROV0030,DEPT011,51901,2020-02-03,2025-07-09
H2-ENC004870,HOSP005732,2020-07-15,Emergency,H2-PROV0027,DEPT011,80441,2022-03-16,2021-12-20
H2-ENC004871,HOSP018950,2022-06-13,Inpatient,H2-PROV0003,DEPT018,53687,2020-09-16,2023-10-03
H2-ENC004872,HOSP005946,2024-10-14,Telemedicine,H2-PROV0021,DEPT003,99695,2025-01-20,2025-07-23
H2-ENC004873,HOSP045394,2024-07-01,Inpatient,H2-PROV0011,DEPT004,60751,2025-05-28,2025-09-29
H2-ENC004874,HOSP026895,2022-07-28,Routine Checkup,H2-PROV0001,DEPT014,15544,2025-07-26,2022-07-02
H2-ENC004875,HOSP017463,2021-11-02,Routine Checkup,H2-PROV0027,DEPT003,20354,2020-04-25,2020-12-14
H2-ENC004876,HOSP046970,2020-07-18,Routine Checkup,H2-PROV0018,DEPT009,41299,2020-03-30,2026-07-26
H2-ENC004877,HOSP046463,2024-05-03,Inpatient,H2-PROV0029,DEPT005,28138,2021-09-20,2026-02-01
H2-ENC004878,HOSP045721,2024-02-06,Routine Checkup,H2-PROV0018,DEPT019,64993,2025-12-14,2020-03-19
H2-ENC004879,HOSP000064,2024-11-08,Inpatient,H2-PROV0018,DEPT001,12046,2022-07-24,2025-01-22
H2-ENC004880,HOSP018479,2021-11-01,Routine Checkup,H2-PROV0003,DEPT009,53233,2025-01-20,2025-07-30
H2-ENC004881,HOSP024136,2023-01-09,Telemedicine,H2-PROV0017,DEPT006,38389,2023-04-12,2020-02-02
H2-ENC004882,HOSP046226,2025-07-13,Routine Checkup,H2-PROV0013,DEPT004,78999,2021-05-07,2023-06-22
H2-ENC004883,HOSP014471,2020-11-22,Routine Checkup,H2-PROV0012,DEPT010,40845,2025-05-04,2021-05-02
H2-ENC004884,HOSP031829,2023-04-23,Routine Checkup,H2-PROV0020,DEPT015,86698,2024-12-14,2024-08-02
H2-ENC004885,HOSP033276,2025-04-11,Telemedicine,H2-PROV0025,DEPT007,54867,2020-12-19,2020-01-15
H2-ENC004886,HOSP005729,2025-07-18,Routine Checkup,H2-PROV0008,DEPT001,67844,2020-05-10,2020-01-10
H2-ENC004887,HOSP025322,2020-02-27,Telemedicine,H2-PROV0030,DEPT015,45073,2022-11-02,2024-07-30
H2-ENC004888,HOSP007491,2024-02-24,Telemedicine,H2-PROV0021,DEPT008,39256,2025-10-31,2026-02-03
H2-ENC004889,HOSP035867,2025-03-16,Telemedicine,H2-PROV0018,DEPT012,38735,2021-08-29,2026-01-02
H2-ENC004890,HOSP037362,2023-03-28,Inpatient,H2-PROV0025,DEPT011,10160,2024-09-17,2021-02-26
H2-ENC004891,HOSP044139,2026-05-12,Outpatient,H2-PROV0011,DEPT020,19290,2022-12-13,2025-02-28
H2-ENC004892,HOSP024965,2022-11-21,Outpatient,H2-PROV0027,DEPT009,21656,2021-03-12,2024-11-23
H2-ENC004893,HOSP025372,2021-02-04,Inpatient,H2-PROV0007,DEPT003,74107,2023-07-25,2020-06-28
H2-ENC004894,HOSP003065,2021-08-20,Telemedicine,H2-PROV0014,DEPT018,35978,2024-05-17,2025-05-28
H2-ENC004895,HOSP016830,2026-09-25,Telemedicine,H2-PROV0005,DEPT007,13814,2022-03-27,2025-05-27
H2-ENC004896,HOSP043353,2022-07-21,Routine Checkup,H2-PROV0011,DEPT011,89742,2023-10-22,2026-01-05
H2-ENC004897,HOSP021264,2024-06-27,Emergency,H2-PROV0024,DEPT007,69638,2022-07-13,2026-03-26
H2-ENC004898,HOSP049219,2024-05-20,Outpatient,H2-PROV0003,DEPT018,51053,2024-10-14,2024-04-20
H2-ENC004899,HOSP017499,2025-07-24,Telemedicine,H2-PROV0021,DEPT004,59028,2021-05-18,2024-10-10
H2-ENC004900,HOSP036802,2020-06-25,Inpatient,H2-PROV0013,DEPT012,68543,2021-08-05,2025-06-07
H2-ENC004901,HOSP021256,2021-09-20,Emergency,H2-PROV0006,DEPT014,30149,2021-09-01,2020-01-03
H2-ENC004902,HOSP008397,2022-11-29,Emergency,H2-PROV0014,DEPT012,49502,2026-07-13,2025-09-18
H2-ENC004903,HOSP002157,2020-08-07,Inpatient,H2-PROV0018,DEPT006,51053,2023-12-05,2025-08-07
H2-ENC004904,HOSP002164,2021-12-21,Inpatient,H2-PROV0028,DEPT016,64840,2025-02-28,2026-02-11
H2-ENC004905,HOSP024955,2025-09-29,Outpatient,H2-PROV0025,DEPT015,79250,2022-06-18,2021-01-25
H2-ENC004906,HOSP032148,2024-01-09,Inpatient,H2-PROV0002,DEPT020,65857,2021-11-26,2020-01-22
H2-ENC004907,HOSP034775,2023-12-04,Routine Checkup,H2-PROV0019,DEPT001,22142,2022-06-07,2023-02-04
H2-ENC004908,HOSP036104,2022-04-02,Routine Checkup,H2-PROV0014,DEPT017,61429,2024-10-24,2023-10-30
H2-ENC004909,HOSP021219,2020-07-07,Inpatient,H2-PROV0018,DEPT004,28826,2022-06-21,2024-06-18
H2-ENC004910,HOSP041244,2023-07-25,Inpatient,H2-PROV0026,DEPT005,10703,2025-11-30,2022-04-25
H2-ENC004911,HOSP044005,2026-04-07,Telemedicine,H2-PROV0004,DEPT019,33056,2025-07-08,2022-02-14
H2-ENC004912,HOSP036426,2023-01-07,Emergency,H2-PROV0030,DEPT009,90489,2024-08-05,2024-07-29
H2-ENC004913,HOSP025396,2025-07-21,Routine Checkup,H2-PROV0011,DEPT015,52359,2022-07-28,2025-02-07
H2-ENC004914,HOSP004994,2021-05-22,Telemedicine,H2-PROV0016,DEPT001,33469,2025-02-14,2020-07-06
H2-ENC004915,HOSP043281,2022-10-07,Outpatient,H2-PROV0029,DEPT017,27527,2022-03-22,2021-08-30
H2-ENC004916,HOSP043876,2021-08-11,Outpatient,H2-PROV0025,DEPT012,77634,2020-06-16,2026-06-21
H2-ENC004917,HOSP043075,2022-10-29,Inpatient,H2-PROV0021,DEPT006,45591,2025-05-04,2022-03-01
H2-ENC004918,HOSP031527,2022-04-25,Emergency,H2-PROV0025,DEPT015,10755,2025-02-14,2024-03-21
H2-ENC004919,HOSP042623,2026-07-11,Routine Checkup,H2-PROV0009,DEPT007,21536,2020-07-22,2020-07-13
H2-ENC004920,HOSP005245,2026-04-18,Routine Checkup,H2-PROV0027,DEPT020,98121,2022-02-07,2022-03-10
H2-ENC004921,HOSP018527,2026-05-26,Telemedicine,H2-PROV0025,DEPT015,19132,2022-11-23,2024-05-09
H2-ENC004922,HOSP049256,2025-05-22,Outpatient,H2-PROV0024,DEPT013,92506,2025-05-07,2020-01-21
H2-ENC004923,HOSP008205,2023-08-11,Routine Checkup,H2-PROV0018,DEPT009,87180,2024-09-07,2025-06-16
H2-ENC004924,HOSP042719,2021-07-04,Emergency,H2-PROV0025,DEPT008,24383,2020-04-02,2026-05-01
H2-ENC004925,HOSP019677,2023-02-02,Emergency,H2-PROV0012,DEPT010,27107,2024-03-23,2020-07-14
H2-ENC004926,HOSP031506,2024-11-18,Emergency,H2-PROV0012,DEPT013,32087,2023-09-04,2023-02-28
H2-ENC004927,HOSP043130,2026-02-21,Outpatient,H2-PROV0004,DEPT015,91985,2025-02-07,2020-09-24
H2-ENC004928,HOSP027026,2024-03-31,Emergency,H2-PROV0023,DEPT007,94426,2024-03-14,2023-04-30
H2-ENC004929,HOSP040385,2023-10-16,Telemedicine,H2-PROV0027,DEPT020,79579,2021-02-01,2025-08-03
H2-ENC004930,HOSP010205,2022-01-08,Outpatient,H2-PROV0024,DEPT004,76716,2023-09-17,2024-03-27
H2-ENC004931,HOSP001838,2023-01-25,Inpatient,H2-PROV0024,DEPT008,20132,2022-04-10,2022-11-21
H2-ENC004932,HOSP043560,2021-02-03,Emergency,H2-PROV0019,DEPT009,34096,2021-12-05,2020-02-03
H2-ENC004933,HOSP013598,2025-03-14,Inpatient,H2-PROV0014,DEPT018,24028,2021-02-27,2021-04-24
H2-ENC004934,HOSP023084,2021-07-24,Routine Checkup,H2-PROV0011,DEPT012,87524,2026-02-06,2025-12-24
H2-ENC004935,HOSP027067,2025-09-21,Routine Checkup,H2-PROV0023,DEPT019,25738,2024-11-30,2026-01-10
H2-ENC004936,HOSP049518,2025-07-23,Emergency,H2-PROV0029,DEPT018,49103,2025-03-23,2023-02-07
H2-ENC004937,HOSP011322,2021-10-11,Outpatient,H2-PROV0003,DEPT020,17139,2026-06-29,2023-12-26
H2-ENC004938,HOSP032354,2026-04-07,Routine Checkup,H2-PROV0003,DEPT002,49338,2021-01-22,2024-05-09
H2-ENC004939,HOSP014529,2023-09-11,Emergency,H2-PROV0008,DEPT003,54345,2020-04-19,2023-02-23
H2-ENC004940,HOSP037814,2022-09-13,Routine Checkup,H2-PROV0001,DEPT003,51571,2025-08-30,2022-12-28
H2-ENC004941,HOSP010632,2020-06-23,Emergency,H2-PROV0024,DEPT007,56966,2026-04-11,2025-08-19
H2-ENC004942,HOSP011908,2020-05-06,Emergency,H2-PROV0010,DEPT009,88786,2024-02-21,2025-06-25
H2-ENC004943,HOSP027625,2024-02-29,Emergency,H2-PROV0020,DEPT011,63341,2023-11-11,2025-10-30
H2-ENC004944,HOSP020420,2022-04-12,Outpatient,H2-PROV0008,DEPT002,90316,2024-07-30,2025-05-10
H2-ENC004945,HOSP020267,2021-03-24,Outpatient,H2-PROV0005,DEPT006,74340,2020-02-07,2024-12-21
H2-ENC004946,HOSP030162,2021-04-03,Outpatient,H2-PROV0013,DEPT019,45549,2026-05-22,2026-04-10
H2-ENC004947,HOSP008895,2025-04-24,Routine Checkup,H2-PROV0006,DEPT001,75480,2020-11-14,2020-11-24
H2-ENC004948,HOSP021851,2025-07-28,Inpatient,H2-PROV0030,DEPT015,75287,2020-06-29,2026-05-21
H2-ENC004949,HOSP031859,2023-04-10,Emergency,H2-PROV0005,DEPT002,11052,2025-06-18,2026-08-11
H2-ENC004950,HOSP008773,2023-05-30,Emergency,H2-PROV0004,DEPT007,72710,2025-04-04,2021-02-17
H2-ENC004951,HOSP008882,2020-04-18,Telemedicine,H2-PROV0005,DEPT020,87180,2020-09-27,2021-01-30
H2-ENC004952,HOSP013176,2020-12-13,Inpatient,H2-PROV0007,DEPT002,35331,2022-06-12,2021-01-24
H2-ENC004953,HOSP025739,2025-04-20,Outpatient,H2-PROV0010,DEPT009,70855,2022-08-18,2026-05-22
H2-ENC004954,HOSP043528,2024-09-28,Inpatient,H2-PROV0006,DEPT002,30248,2026-08-07,2025-09-02
H2-ENC004955,HOSP013486,2025-10-27,Routine Checkup,H2-PROV0004,DEPT002,65966,2021-10-25,2026-07-21
H2-ENC004956,HOSP025190,2023-03-16,Routine Checkup,H2-PROV0029,DEPT011,62812,2025-10-10,2021-05-26
H2-ENC004957,HOSP015396,2024-03-27,Routine Checkup,H2-PROV0028,DEPT003,12280,2026-04-28,2024-05-21
H2-ENC004958,HOSP015176,2020-08-04,Routine Checkup,H2-PROV0026,DEPT017,15620,2026-03-20,2023-07-07
H2-ENC004959,HOSP014522,2024-08-17,Telemedicine,H2-PROV0014,DEPT010,82995,2025-02-08,2025-04-07
H2-ENC004960,HOSP041001,2024-09-14,Routine Checkup,H2-PROV0015,DEPT008,87524,2026-09-17,2025-01-10
H2-ENC004961,HOSP001528,2020-11-16,Telemedicine,H2-PROV0030,DEPT002,22795,2025-08-19,2025-04-10
H2-ENC004962,HOSP004668,2024-04-04,Inpatient,H2-PROV0026,DEPT019,10346,2022-12-29,2020-03-01
H2-ENC004963,HOSP012099,2024-05-24,Telemedicine,H2-PROV0017,DEPT012,92652,2024-05-29,2020-05-11
H2-ENC004964,HOSP045251,2024-06-24,Telemedicine,H2-PROV0009,DEPT014,49397,2024-07-05,2022-02-07
H2-ENC004965,HOSP018384,2024-05-01,Inpatient,H2-PROV0029,DEPT008,71812,2026-05-27,2021-03-08
H2-ENC004966,HOSP026360,2022-12-29,Outpatient,H2-PROV0002,DEPT003,79936,2023-06-28,2020-11-21
H2-ENC004967,HOSP003838,2020-01-04,Emergency,H2-PROV0030,DEPT013,70100,2020-04-03,2022-04-06
H2-ENC004968,HOSP027017,2026-07-14,Inpatient,H2-PROV0005,DEPT017,19587,2026-07-27,2024-08-27
H2-ENC004969,HOSP021480,2024-07-25,Telemedicine,H2-PROV0005,DEPT007,92185,2023-11-19,2026-04-19
H2-ENC004970,HOSP023695,2024-04-22,Outpatient,H2-PROV0015,DEPT008,95392,2020-10-04,2025-07-15
H2-ENC004971,HOSP005968,2024-03-15,Telemedicine,H2-PROV0022,DEPT005,97491,2025-08-30,2023-12-31
H2-ENC004972,HOSP048443,2021-10-14,Routine Checkup,H2-PROV0026,DEPT004,21258,2021-11-13,2021-11-27
H2-ENC004973,HOSP014955,2025-05-26,Inpatient,H2-PROV0017,DEPT014,96643,2025-06-09,2020-10-29
H2-ENC004974,HOSP009683,2023-12-21,Routine Checkup,H2-PROV0029,DEPT012,48045,2020-08-15,2025-04-06
H2-ENC004975,HOSP034694,2025-10-01,Emergency,H2-PROV0011,DEPT011,35241,2025-05-14,2023-10-05
H2-ENC004976,HOSP035295,2025-04-03,Routine Checkup,H2-PROV0012,DEPT020,91985,2022-11-28,2023-03-14
H2-ENC004977,HOSP021503,2023-04-07,Inpatient,H2-PROV0004,DEPT019,23047,2024-08-14,2022-12-09
H2-ENC004978,HOSP010000,2021-12-24,Outpatient,H2-PROV0014,DEPT020,25661,2023-10-06,2021-01-27
H2-ENC004979,HOSP036907,2022-09-06,Telemedicine,H2-PROV0014,DEPT019,21656,2026-07-25,2025-03-10
H2-ENC004980,HOSP022523,2021-05-13,Outpatient,H2-PROV0027,DEPT005,85919,2025-03-01,2020-02-06
H2-ENC004981,HOSP015062,2025-01-31,Telemedicine,H2-PROV0016,DEPT010,82533,2024-06-10,2026-04-15
H2-ENC004982,HOSP025371,2026-01-28,Outpatient,H2-PROV0024,DEPT010,53889,2025-12-06,2024-04-14
H2-ENC004983,HOSP038603,2024-11-19,Routine Checkup,H2-PROV0023,DEPT016,99841,2026-06-23,2020-12-29
H2-ENC004984,HOSP035703,2022-04-12,Outpatient,H2-PROV0027,DEPT008,43222,2024-02-20,2020-01-02
H2-ENC004985,HOSP040067,2023-08-24,Telemedicine,H2-PROV0015,DEPT002,60877,2023-12-21,2026-09-09
H2-ENC004986,HOSP021061,2024-07-15,Inpatient,H2-PROV0016,DEPT017,31630,2025-02-16,2021-09-28
H2-ENC004987,HOSP031683,2021-08-24,Inpatient,H2-PROV0022,DEPT006,14989,2026-04-29,2021-01-22
H2-ENC004988,HOSP025378,2022-04-19,Emergency,H2-PROV0019,DEPT008,97125,2020-04-25,2023-11-07
H2-ENC004989,HOSP026475,2023-10-26,Inpatient,H2-PROV0020,DEPT018,59003,2020-01-30,2020-10-04
H2-ENC004990,HOSP043376,2023-11-18,Inpatient,H2-PROV0012,DEPT018,24178,2025-07-31,2021-02-16
H2-ENC004991,HOSP033353,2022-05-26,Inpatient,H2-PROV0012,DEPT018,80524,2021-08-17,2023-03-13
H2-ENC004992,HOSP004411,2026-06-06,Outpatient,H2-PROV0028,DEPT008,47609,2026-05-05,2024-01-23
H2-ENC004993,HOSP014979,2022-02-17,Telemedicine,H2-PROV0001,DEPT006,17216,2023-01-28,2026-02-25
H2-ENC004994,HOSP018157,2025-05-27,Emergency,H2-PROV0026,DEPT006,92185,2022-01-28,2022-06-17
H2-ENC004995,HOSP026213,2026-05-16,Emergency,H2-PROV0011,DEPT019,55805,2020-09-01,2024-08-17
H2-ENC004996,HOSP014603,2021-01-26,Inpatient,H2-PROV0006,DEPT003,40806,2024-06-02,2024-09-09
H2-ENC004997,HOSP011077,2025-12-09,Telemedicine,H2-PROV0029,DEPT017,37015,2020-09-18,2023-09-19
H2-ENC004998,HOSP047721,2020-02-29,Telemedicine,H2-PROV0001,DEPT007,76686,2021-02-20,2025-03-06
H2-ENC004999,HOSP046013,2020-05-18,Routine Checkup,H2-PROV0005,DEPT005,35802,2026-09-24,2022-06-18
H2-ENC005000,HOSP049113,2020-01-30,Outpatient,H2-PROV0024,DEPT010,71625,2021-10-05,2022-01-05
H2-ENC005001,HOSP049915,2024-06-07,Emergency,H2-PROV0019,DEPT012,75745,2021-12-19,2021-07-09
H2-ENC005002,HOSP021590,2021-12-03,Telemedicine,H2-PROV0027,DEPT019,74413,2020-06-03,2020-05-19
H2-ENC005003,HOSP006074,2023-07-03,Emergency,H2-PROV0017,DEPT003,16461,2022-06-30,2023-04-09
H2-ENC005004,HOSP000529,2020-09-13,Telemedicine,H2-PROV0020,DEPT005,32643,2021-03-09,2022-03-22
H2-ENC005005,HOSP001574,2026-08-30,Telemedicine,H2-PROV0009,DEPT013,24476,2025-11-14,2024-02-07
H2-ENC005006,HOSP027076,2021-10-09,Outpatient,H2-PROV0008,DEPT009,98614,2020-08-08,2020-10-13
H2-ENC005007,HOSP008289,2025-03-25,Routine Checkup,H2-PROV0006,DEPT003,45144,2023-12-30,2024-05-31
H2-ENC005008,HOSP018899,2022-08-07,Inpatient,H2-PROV0011,DEPT001,17216,2021-06-24,2020-12-28
H2-ENC005009,HOSP045201,2022-11-08,Emergency,H2-PROV0025,DEPT009,35094,2024-05-21,2025-04-10
H2-ENC005010,HOSP022487,2025-04-12,Outpatient,H2-PROV0027,DEPT005,66840,2020-08-28,2024-09-23
H2-ENC005011,HOSP000896,2026-08-20,Outpatient,H2-PROV0006,DEPT015,87524,2024-01-30,2026-07-07
H2-ENC005012,HOSP030387,2025-07-17,Telemedicine,H2-PROV0009,DEPT004,10540,2024-02-03,2021-10-31
H2-ENC005013,HOSP040646,2020-03-13,Routine Checkup,H2-PROV0014,DEPT003,81495,2026-02-07,2023-04-05
H2-ENC005014,HOSP001460,2024-08-31,Telemedicine,H2-PROV0019,DEPT003,33770,2024-02-12,2023-03-27
H2-ENC005015,HOSP011173,2020-10-12,Routine Checkup,H2-PROV0006,DEPT004,15787,2022-05-11,2021-03-01
H2-ENC005016,HOSP012521,2025-07-02,Emergency,H2-PROV0008,DEPT017,26697,2022-11-08,2024-12-26
H2-ENC005017,HOSP010352,2025-10-08,Emergency,H2-PROV0002,DEPT020,92652,2024-12-28,2022-08-14
H2-ENC005018,HOSP043328,2020-03-20,Telemedicine,H2-PROV0025,DEPT015,90497,2025-06-14,2023-10-15
H2-ENC005019,HOSP036917,2022-01-14,Routine Checkup,H2-PROV0017,DEPT010,84212,2025-02-27,2020-01-23
H2-ENC005020,HOSP028215,2025-04-16,Emergency,H2-PROV0012,DEPT001,22795,2022-11-03,2020-01-20
H2-ENC005021,HOSP037185,2024-09-08,Telemedicine,H2-PROV0004,DEPT017,11771,2020-01-25,2026-06-11
H2-ENC005022,HOSP004415,2021-02-03,Routine Checkup,H2-PROV0021,DEPT006,38013,2022-07-12,2023-11-14
H2-ENC005023,HOSP040322,2021-04-14,Routine Checkup,H2-PROV0001,DEPT002,26754,2021-11-29,2020-05-12
H2-ENC005024,HOSP002272,2024-05-13,Routine Checkup,H2-PROV0018,DEPT011,46095,2023-09-25,2025-08-03
H2-ENC005025,HOSP037908,2021-10-26,Inpatient,H2-PROV0006,DEPT012,49978,2020-08-26,2024-11-30
H2-ENC005026,HOSP036159,2023-05-27,Routine Checkup,H2-PROV0011,DEPT006,96903,2025-07-06,2025-07-18
H2-ENC005027,HOSP038944,2026-07-07,Inpatient,H2-PROV0013,DEPT011,84805,2023-06-12,2024-09-02
H2-ENC005028,HOSP047181,2023-06-27,Inpatient,H2-PROV0015,DEPT009,47378,2025-01-13,2025-03-03
H2-ENC005029,HOSP048745,2021-04-12,Telemedicine,H2-PROV0021,DEPT012,85746,2025-08-19,2023-06-30
H2-ENC005030,HOSP009055,2024-02-23,Outpatient,H2-PROV0016,DEPT007,54974,2024-09-21,2022-04-30
H2-ENC005031,HOSP017502,2020-01-21,Inpatient,H2-PROV0001,DEPT003,56624,2020-07-07,2024-04-21
H2-ENC005032,HOSP020161,2022-01-24,Emergency,H2-PROV0029,DEPT017,40845,2021-02-13,2024-05-23
H2-ENC005033,HOSP021092,2025-12-21,Inpatient,H2-PROV0003,DEPT013,89742,2026-04-16,2025-08-27
H2-ENC005034,HOSP017843,2020-01-25,Inpatient,H2-PROV0025,DEPT010,76797,2020-08-28,2024-01-21
H2-ENC005035,HOSP020612,2022-02-28,Telemedicine,H2-PROV0006,DEPT012,65795,2021-10-12,2023-03-21
H2-ENC005036,HOSP026839,2023-10-20,Emergency,H2-PROV0021,DEPT005,75790,2026-05-03,2024-03-17
H2-ENC005037,HOSP015360,2022-06-18,Inpatient,H2-PROV0027,DEPT004,37785,2025-05-23,2023-05-08
H2-ENC005038,HOSP033455,2026-08-05,Routine Checkup,H2-PROV0005,DEPT009,33369,2023-03-10,2020-06-16
H2-ENC005039,HOSP043624,2022-06-06,Emergency,H2-PROV0018,DEPT012,42405,2021-02-26,2024-03-02
H2-ENC005040,HOSP014585,2024-04-11,Routine Checkup,H2-PROV0024,DEPT012,49502,2025-05-20,2021-08-31
H2-ENC005041,HOSP042116,2025-05-21,Emergency,H2-PROV0008,DEPT013,71812,2021-06-15,2022-11-30
H2-ENC005042,HOSP037857,2024-06-26,Outpatient,H2-PROV0010,DEPT013,25742,2021-01-10,2024-04-10
H2-ENC005043,HOSP041558,2023-03-22,Telemedicine,H2-PROV0017,DEPT014,40402,2022-10-27,2025-11-20
H2-ENC005044,HOSP013688,2025-04-03,Inpatient,H2-PROV0014,DEPT014,38389,2021-03-08,2021-12-02
H2-ENC005045,HOSP016427,2026-09-30,Telemedicine,H2-PROV0020,DEPT010,75720,2020-06-29,2026-07-22
H2-ENC005046,HOSP021695,2023-05-14,Inpatient,H2-PROV0012,DEPT001,11421,2022-08-21,2022-03-22
H2-ENC005047,HOSP003984,2023-05-22,Emergency,H2-PROV0026,DEPT016,51570,2025-04-11,2021-07-27
H2-ENC005048,HOSP044743,2026-08-25,Routine Checkup,H2-PROV0001,DEPT014,53463,2026-03-12,2020-08-03
H2-ENC005049,HOSP018780,2026-08-28,Routine Checkup,H2-PROV0028,DEPT019,46168,2026-02-11,2024-04-30
H2-ENC005050,HOSP044375,2022-12-14,Telemedicine,H2-PROV0030,DEPT019,29302,2026-03-09,2024-04-22
H2-ENC005051,HOSP000373,2023-01-21,Outpatient,H2-PROV0028,DEPT002,14982,2021-03-24,2026-06-02
H2-ENC005052,HOSP029382,2025-08-08,Telemedicine,H2-PROV0025,DEPT003,60877,2020-08-08,2024-09-12
H2-ENC005053,HOSP014999,2021-02-23,Inpatient,H2-PROV0020,DEPT017,52175,2020-09-10,2023-02-27
H2-ENC005054,HOSP049781,2024-10-16,Telemedicine,H2-PROV0017,DEPT020,87365,2023-02-17,2026-06-19
H2-ENC005055,HOSP024227,2025-08-03,Routine Checkup,H2-PROV0019,DEPT005,75772,2021-08-22,2023-01-06
H2-ENC005056,HOSP008234,2023-11-23,Routine Checkup,H2-PROV0009,DEPT017,30619,2023-10-30,2021-04-02
H2-ENC005057,HOSP038539,2022-05-14,Emergency,H2-PROV0021,DEPT010,65343,2022-03-27,2025-03-24
H2-ENC005058,HOSP017895,2026-01-28,Telemedicine,H2-PROV0028,DEPT009,51912,2022-08-07,2025-12-23
H2-ENC005059,HOSP002697,2026-04-27,Inpatient,H2-PROV0013,DEPT016,75794,2022-11-08,2023-06-26
H2-ENC005060,HOSP047375,2020-04-28,Emergency,H2-PROV0014,DEPT004,12013,2024-08-25,2021-07-03
H2-ENC005061,HOSP024356,2025-11-29,Inpatient,H2-PROV0007,DEPT011,79992,2024-01-24,2023-08-12
H2-ENC005062,HOSP001208,2022-03-12,Inpatient,H2-PROV0024,DEPT014,99663,2021-10-13,2020-02-19
H2-ENC005063,HOSP046642,2020-08-08,Telemedicine,H2-PROV0010,DEPT016,81402,2020-11-25,2024-10-06
H2-ENC005064,HOSP004487,2022-03-30,Outpatient,H2-PROV0016,DEPT010,38735,2023-03-02,2022-03-29
H2-ENC005065,HOSP043598,2023-12-12,Outpatient,H2-PROV0002,DEPT013,30149,2021-06-17,2023-05-02
H2-ENC005066,HOSP022065,2022-08-11,Inpatient,H2-PROV0010,DEPT017,70414,2022-04-19,2026-07-25
H2-ENC005067,HOSP027136,2020-01-06,Outpatient,H2-PROV0012,DEPT014,87020,2024-03-11,2021-01-03
H2-ENC005068,HOSP010427,2023-07-14,Emergency,H2-PROV0005,DEPT003,27850,2021-10-30,2023-07-22
H2-ENC005069,HOSP032393,2023-11-27,Telemedicine,H2-PROV0027,DEPT015,60075,2022-05-09,2021-08-13
H2-ENC005070,HOSP004435,2022-07-05,Inpatient,H2-PROV0028,DEPT012,90489,2022-12-03,2024-01-30
H2-ENC005071,HOSP022136,2020-04-09,Outpatient,H2-PROV0017,DEPT013,24371,2026-02-19,2023-01-19
H2-ENC005072,HOSP040804,2023-09-26,Emergency,H2-PROV0025,DEPT003,20132,2026-04-24,2022-03-29
H2-ENC005073,HOSP030922,2021-05-18,Emergency,H2-PROV0005,DEPT018,82533,2026-03-18,2024-01-21
H2-ENC005074,HOSP013788,2024-01-23,Emergency,H2-PROV0020,DEPT014,64993,2022-02-04,2020-11-01
H2-ENC005075,HOSP033525,2024-06-10,Routine Checkup,H2-PROV0023,DEPT001,57322,2021-07-30,2021-10-27
H2-ENC005076,HOSP013924,2025-11-18,Inpatient,H2-PROV0009,DEPT019,96903,2021-09-21,2026-05-24
H2-ENC005077,HOSP026333,2024-08-29,Emergency,H2-PROV0025,DEPT012,41258,2022-12-07,2022-07-16
H2-ENC005078,HOSP038435,2024-05-31,Routine Checkup,H2-PROV0024,DEPT013,98486,2023-01-26,2025-12-05
H2-ENC005079,HOSP017618,2021-10-26,Outpatient,H2-PROV0014,DEPT008,34956,2026-04-11,2026-01-05
H2-ENC005080,HOSP030856,2022-09-28,Routine Checkup,H2-PROV0009,DEPT004,63147,2023-08-10,2026-05-16
H2-ENC005081,HOSP030559,2023-01-30,Telemedicine,H2-PROV0020,DEPT019,72092,2020-07-12,2022-01-25
H2-ENC005082,HOSP000747,2020-12-29,Telemedicine,H2-PROV0018,DEPT019,67423,2024-02-13,2023-01-01
H2-ENC005083,HOSP040062,2026-05-10,Inpatient,H2-PROV0026,DEPT001,11095,2025-08-16,2026-07-08
H2-ENC005084,HOSP005624,2021-10-03,Inpatient,H2-PROV0018,DEPT019,52613,2021-06-02,2022-10-02
H2-ENC005085,HOSP045141,2023-01-16,Inpatient,H2-PROV0009,DEPT006,72979,2024-07-09,2022-08-13
H2-ENC005086,HOSP031422,2021-04-29,Emergency,H2-PROV0023,DEPT016,15820,2021-08-29,2024-12-06
H2-ENC005087,HOSP017846,2020-01-16,Routine Checkup,H2-PROV0010,DEPT010,89746,2025-01-20,2026-07-24
H2-ENC005088,HOSP030511,2025-05-20,Inpatient,H2-PROV0018,DEPT003,68428,2024-09-17,2024-06-13
H2-ENC005089,HOSP015334,2025-01-05,Routine Checkup,H2-PROV0008,DEPT011,90392,2020-02-15,2024-09-07
H2-ENC005090,HOSP016199,2023-09-21,Inpatient,H2-PROV0001,DEPT008,62990,2025-06-17,2025-06-03
H2-ENC005091,HOSP018652,2026-05-05,Routine Checkup,H2-PROV0021,DEPT015,16578,2020-06-28,2022-11-22
H2-ENC005092,HOSP035261,2022-08-23,Routine Checkup,H2-PROV0018,DEPT018,63423,2022-07-19,2022-01-28
H2-ENC005093,HOSP002324,2023-05-18,Telemedicine,H2-PROV0024,DEPT016,13814,2024-03-27,2025-12-24
H2-ENC005094,HOSP001749,2022-12-27,Emergency,H2-PROV0006,DEPT002,17666,2026-01-22,2021-10-19
H2-ENC005095,HOSP004925,2024-03-02,Routine Checkup,H2-PROV0019,DEPT011,65420,2024-11-01,2020-06-25
H2-ENC005096,HOSP007029,2022-09-19,Routine Checkup,H2-PROV0030,DEPT015,78323,2022-12-13,2025-01-14
H2-ENC005097,HOSP000462,2020-07-31,Routine Checkup,H2-PROV0027,DEPT018,41435,2023-11-21,2020-07-05
H2-ENC005098,HOSP019292,2020-06-20,Outpatient,H2-PROV0015,DEPT016,60811,2024-11-11,2025-09-22
H2-ENC005099,HOSP017340,2024-04-24,Emergency,H2-PROV0004,DEPT017,28350,2025-09-16,2026-02-28
H2-ENC005100,HOSP017232,2024-06-30,Emergency,H2-PROV0016,DEPT014,66480,2020-06-24,2026-09-13
H2-ENC005101,HOSP015611,2026-05-24,Outpatient,H2-PROV0026,DEPT007,60360,2024-10-15,2020-12-29
H2-ENC005102,HOSP020344,2022-09-10,Routine Checkup,H2-PROV0003,DEPT010,86698,2024-11-14,2021-09-30
H2-ENC005103,HOSP015631,2021-03-22,Telemedicine,H2-PROV0026,DEPT020,38675,2024-11-11,2020-03-20
H2-ENC005104,HOSP036102,2026-01-12,Outpatient,H2-PROV0009,DEPT015,46814,2026-02-14,2026-07-13
H2-ENC005105,HOSP025099,2022-07-05,Emergency,H2-PROV0007,DEPT013,49103,2024-07-06,2024-11-03
H2-ENC005106,HOSP014375,2022-07-07,Inpatient,H2-PROV0003,DEPT001,17666,2025-01-10,2023-11-02
H2-ENC005107,HOSP004130,2021-01-24,Inpatient,H2-PROV0008,DEPT001,44484,2020-12-19,2021-09-04
H2-ENC005108,HOSP007109,2023-04-17,Telemedicine,H2-PROV0001,DEPT014,58567,2023-02-19,2024-07-31
H2-ENC005109,HOSP023693,2024-03-19,Inpatient,H2-PROV0008,DEPT015,64484,2025-07-20,2024-04-15
H2-ENC005110,HOSP009881,2025-09-18,Inpatient,H2-PROV0030,DEPT014,63485,2024-04-11,2023-11-10
H2-ENC005111,HOSP044506,2023-06-12,Inpatient,H2-PROV0008,DEPT013,82294,2021-01-12,2020-01-18
H2-ENC005112,HOSP010862,2023-02-13,Outpatient,H2-PROV0014,DEPT009,30420,2024-05-03,2025-05-11
H2-ENC005113,HOSP023863,2023-01-30,Outpatient,H2-PROV0006,DEPT010,74624,2022-02-03,2026-09-22
H2-ENC005114,HOSP009735,2023-07-08,Telemedicine,H2-PROV0006,DEPT016,29302,2025-02-18,2020-02-10
H2-ENC005115,HOSP044495,2023-05-28,Emergency,H2-PROV0004,DEPT010,64993,2026-09-11,2020-06-01
H2-ENC005116,HOSP026056,2020-06-20,Telemedicine,H2-PROV0029,DEPT007,66462,2025-06-13,2021-10-16
H2-ENC005117,HOSP016015,2023-07-06,Inpatient,H2-PROV0009,DEPT020,56393,2021-12-05,2022-07-12
H2-ENC005118,HOSP008873,2022-07-20,Inpatient,H2-PROV0020,DEPT017,62990,2023-03-30,2021-10-31
H2-ENC005119,HOSP016922,2020-12-17,Telemedicine,H2-PROV0013,DEPT009,26754,2024-01-19,2026-01-26
H2-ENC005120,HOSP038728,2026-06-23,Emergency,H2-PROV0012,DEPT014,41299,2025-06-07,2022-12-05
H2-ENC005121,HOSP028867,2020-02-27,Emergency,H2-PROV0006,DEPT013,41456,2026-06-25,2023-12-06
H2-ENC005122,HOSP016712,2025-01-13,Telemedicine,H2-PROV0001,DEPT006,43756,2021-10-21,2022-11-02
H2-ENC005123,HOSP027874,2020-06-14,Inpatient,H2-PROV0018,DEPT017,89746,2020-11-08,2022-02-11
H2-ENC005124,HOSP013484,2024-07-08,Telemedicine,H2-PROV0004,DEPT015,49874,2026-06-22,2025-03-21
H2-ENC005125,HOSP006765,2022-03-06,Telemedicine,H2-PROV0012,DEPT013,25546,2022-03-12,2025-11-07
H2-ENC005126,HOSP046347,2023-02-03,Telemedicine,H2-PROV0013,DEPT014,50750,2022-05-25,2022-02-23
H2-ENC005127,HOSP028612,2024-11-09,Emergency,H2-PROV0005,DEPT017,37375,2026-02-21,2025-11-20
H2-ENC005128,HOSP001669,2023-09-14,Outpatient,H2-PROV0012,DEPT012,66527,2021-06-18,2021-03-17
H2-ENC005129,HOSP015303,2025-12-11,Telemedicine,H2-PROV0019,DEPT008,10034,2022-03-27,2024-10-04
H2-ENC005130,HOSP021896,2020-07-16,Routine Checkup,H2-PROV0021,DEPT020,96652,2024-06-08,2024-03-13
H2-ENC005131,HOSP048367,2023-03-15,Routine Checkup,H2-PROV0023,DEPT002,79936,2020-02-08,2023-08-02
H2-ENC005132,HOSP040643,2021-04-17,Telemedicine,H2-PROV0014,DEPT005,71625,2026-02-18,2024-04-09
H2-ENC005133,HOSP047754,2021-10-19,Inpatient,H2-PROV0014,DEPT018,91726,2021-06-24,2024-03-27
H2-ENC005134,HOSP020316,2025-04-03,Routine Checkup,H2-PROV0029,DEPT007,72545,2025-09-11,2020-09-07
H2-ENC005135,HOSP027914,2024-06-18,Telemedicine,H2-PROV0025,DEPT002,72092,2021-05-10,2021-11-24
H2-ENC005136,HOSP001479,2026-05-05,Telemedicine,H2-PROV0020,DEPT008,67239,2023-07-31,2025-07-08
H2-ENC005137,HOSP009281,2026-08-06,Routine Checkup,H2-PROV0018,DEPT010,23826,2020-04-13,2024-12-31
H2-ENC005138,HOSP022176,2023-06-02,Outpatient,H2-PROV0024,DEPT002,15764,2024-06-12,2022-07-25
H2-ENC005139,HOSP019503,2021-10-08,Outpatient,H2-PROV0003,DEPT018,12013,2023-05-14,2024-02-22
H2-ENC005140,HOSP049865,2020-02-01,Routine Checkup,H2-PROV0017,DEPT018,40475,2024-09-19,2020-02-16
H2-ENC005141,HOSP011769,2023-10-13,Inpatient,H2-PROV0021,DEPT007,81065,2024-08-02,2021-07-18
H2-ENC005142,HOSP011474,2025-10-20,Routine Checkup,H2-PROV0017,DEPT002,49874,2026-02-08,2021-11-01
H2-ENC005143,HOSP042478,2020-12-21,Outpatient,H2-PROV0009,DEPT004,64881,2023-11-01,2024-07-16
H2-ENC005144,HOSP018977,2023-02-06,Outpatient,H2-PROV0017,DEPT007,22696,2024-07-01,2023-09-08
H2-ENC005145,HOSP026863,2024-11-01,Outpatient,H2-PROV0009,DEPT019,54599,2023-08-31,2022-03-12
H2-ENC005146,HOSP020393,2023-05-01,Outpatient,H2-PROV0012,DEPT018,25392,2023-02-02,2023-11-04
H2-ENC005147,HOSP025060,2020-04-13,Outpatient,H2-PROV0004,DEPT020,42691,2024-06-07,2021-05-11
H2-ENC005148,HOSP031958,2021-03-13,Emergency,H2-PROV0017,DEPT017,12388,2022-01-01,2023-09-24
H2-ENC005149,HOSP017293,2020-04-08,Emergency,H2-PROV0017,DEPT008,45144,2025-01-23,2022-11-28
H2-ENC005150,HOSP013175,2023-11-17,Outpatient,H2-PROV0029,DEPT007,16955,2020-12-05,2025-12-02
H2-ENC005151,HOSP011626,2022-01-30,Inpatient,H2-PROV0007,DEPT015,17070,2022-03-17,2021-08-28
H2-ENC005152,HOSP029441,2020-06-26,Emergency,H2-PROV0021,DEPT002,45766,2025-03-06,2024-06-22
H2-ENC005153,HOSP004186,2024-06-04,Emergency,H2-PROV0022,DEPT013,99846,2025-12-24,2022-02-17
H2-ENC005154,HOSP013371,2025-07-08,Routine Checkup,H2-PROV0022,DEPT016,93650,2022-05-20,2021-01-10
H2-ENC005155,HOSP000978,2023-08-25,Routine Checkup,H2-PROV0029,DEPT005,14848,2025-04-28,2026-02-13
H2-ENC005156,HOSP012801,2024-05-30,Telemedicine,H2-PROV0005,DEPT018,96452,2023-12-31,2021-03-07
H2-ENC005157,HOSP008035,2024-08-21,Routine Checkup,H2-PROV0006,DEPT016,69233,2022-01-10,2024-01-14
H2-ENC005158,HOSP004882,2024-12-07,Emergency,H2-PROV0017,DEPT010,52613,2023-10-06,2022-02-16
H2-ENC005159,HOSP000356,2025-09-24,Inpatient,H2-PROV0018,DEPT007,28151,2022-11-26,2023-09-16
H2-ENC005160,HOSP007206,2021-11-08,Routine Checkup,H2-PROV0025,DEPT011,72710,2022-02-19,2022-12-13
H2-ENC005161,HOSP040195,2023-10-09,Inpatient,H2-PROV0002,DEPT013,24440,2022-10-14,2020-10-19
H2-ENC005162,HOSP044694,2024-05-17,Inpatient,H2-PROV0027,DEPT017,59644,2022-11-11,2024-02-21
H2-ENC005163,HOSP039085,2020-01-07,Outpatient,H2-PROV0024,DEPT014,77671,2025-07-14,2021-12-18
H2-ENC005164,HOSP021017,2023-02-22,Routine Checkup,H2-PROV0021,DEPT007,41594,2024-08-21,2025-08-24
H2-ENC005165,HOSP018943,2021-10-30,Routine Checkup,H2-PROV0015,DEPT003,91726,2026-04-26,2020-04-25
H2-ENC005166,HOSP027619,2020-06-01,Outpatient,H2-PROV0011,DEPT010,14064,2020-06-29,2020-07-05
H2-ENC005167,HOSP003398,2025-04-23,Inpatient,H2-PROV0026,DEPT015,94775,2021-01-14,2020-10-12
H2-ENC005168,HOSP024337,2021-08-29,Telemedicine,H2-PROV0004,DEPT006,41415,2021-11-22,2025-12-24
H2-ENC005169,HOSP048912,2023-01-26,Routine Checkup,H2-PROV0025,DEPT013,41708,2021-06-05,2025-07-31
H2-ENC005170,HOSP005261,2025-05-06,Routine Checkup,H2-PROV0011,DEPT012,72545,2026-05-18,2026-06-04
H2-ENC005171,HOSP011111,2022-03-06,Inpatient,H2-PROV0028,DEPT006,50401,2025-03-23,2026-03-08
H2-ENC005172,HOSP025815,2026-01-21,Telemedicine,H2-PROV0026,DEPT019,10540,2025-02-27,2026-09-10
H2-ENC005173,HOSP043695,2026-03-13,Telemedicine,H2-PROV0024,DEPT005,77590,2024-09-25,2023-01-12
H2-ENC005174,HOSP049573,2023-02-22,Telemedicine,H2-PROV0018,DEPT018,35799,2024-10-01,2022-02-26
H2-ENC005175,HOSP010848,2025-04-24,Inpatient,H2-PROV0022,DEPT012,69052,2020-12-21,2023-05-15
H2-ENC005176,HOSP005933,2025-04-07,Routine Checkup,H2-PROV0001,DEPT006,20203,2022-06-21,2024-01-03
H2-ENC005177,HOSP024021,2026-01-04,Routine Checkup,H2-PROV0025,DEPT008,64075,2026-01-26,2024-03-28
H2-ENC005178,HOSP020011,2021-07-07,Outpatient,H2-PROV0009,DEPT007,49122,2022-05-18,2022-02-20
H2-ENC005179,HOSP039590,2022-03-11,Outpatient,H2-PROV0001,DEPT010,46388,2020-08-22,2023-08-12
H2-ENC005180,HOSP025796,2024-01-29,Outpatient,H2-PROV0019,DEPT016,54726,2022-07-11,2024-12-14
H2-ENC005181,HOSP034050,2022-02-27,Telemedicine,H2-PROV0021,DEPT008,68824,2025-06-11,2026-01-31
H2-ENC005182,HOSP011531,2022-12-17,Outpatient,H2-PROV0023,DEPT012,17225,2026-01-02,2022-07-10
H2-ENC005183,HOSP008041,2024-03-26,Emergency,H2-PROV0030,DEPT017,41594,2021-08-26,2025-11-23
H2-ENC005184,HOSP044723,2025-11-08,Inpatient,H2-PROV0003,DEPT005,69344,2024-11-18,2021-12-10
H2-ENC005185,HOSP045210,2023-05-05,Telemedicine,H2-PROV0025,DEPT010,77311,2026-05-17,2022-08-19
H2-ENC005186,HOSP042425,2026-04-10,Routine Checkup,H2-PROV0024,DEPT011,28294,2020-12-18,2022-11-18
H2-ENC005187,HOSP031468,2025-01-13,Inpatient,H2-PROV0023,DEPT006,75310,2022-05-18,2025-07-28
H2-ENC005188,HOSP018097,2023-10-15,Telemedicine,H2-PROV0009,DEPT002,47580,2026-07-15,2024-03-30
H2-ENC005189,HOSP007662,2025-03-09,Outpatient,H2-PROV0018,DEPT009,93648,2025-07-13,2022-02-25
H2-ENC005190,HOSP010359,2023-11-10,Emergency,H2-PROV0019,DEPT009,34114,2022-09-11,2023-07-11
H2-ENC005191,HOSP045605,2020-02-08,Routine Checkup,H2-PROV0020,DEPT018,14848,2021-10-30,2024-04-22
H2-ENC005192,HOSP003432,2021-05-03,Inpatient,H2-PROV0021,DEPT019,90838,2022-06-23,2022-01-21
H2-ENC005193,HOSP007765,2021-10-23,Emergency,H2-PROV0022,DEPT002,76559,2023-01-30,2024-01-31
H2-ENC005194,HOSP000736,2022-03-15,Inpatient,H2-PROV0005,DEPT018,57355,2026-07-25,2023-02-07
H2-ENC005195,HOSP013506,2022-08-25,Outpatient,H2-PROV0026,DEPT007,12888,2024-01-03,2024-02-25
H2-ENC005196,HOSP017404,2021-02-06,Telemedicine,H2-PROV0005,DEPT013,65995,2023-09-08,2021-02-16
H2-ENC005197,HOSP021408,2023-10-27,Emergency,H2-PROV0015,DEPT011,93323,2025-02-07,2021-02-03
H2-ENC005198,HOSP013724,2021-08-20,Inpatient,H2-PROV0026,DEPT010,35802,2024-08-26,2026-01-22
H2-ENC005199,HOSP041226,2025-10-20,Telemedicine,H2-PROV0014,DEPT019,95960,2026-08-19,2025-08-05
H2-ENC005200,HOSP027021,2025-06-07,Telemedicine,H2-PROV0025,DEPT001,14684,2022-05-16,2021-09-14
H2-ENC005201,HOSP036504,2024-05-22,Outpatient,H2-PROV0016,DEPT008,92395,2024-05-26,2022-03-29
H2-ENC005202,HOSP014375,2020-10-27,Routine Checkup,H2-PROV0015,DEPT004,47487,2021-07-08,2026-07-12
H2-ENC005203,HOSP023298,2025-12-05,Emergency,H2-PROV0022,DEPT007,63721,2020-11-06,2024-05-18
H2-ENC005204,HOSP049664,2023-02-27,Emergency,H2-PROV0008,DEPT007,76711,2022-06-30,2022-03-23
H2-ENC005205,HOSP042752,2022-02-11,Inpatient,H2-PROV0006,DEPT005,81768,2020-12-05,2025-12-19
H2-ENC005206,HOSP030873,2025-03-30,Inpatient,H2-PROV0007,DEPT004,59546,2026-09-04,2025-01-25
H2-ENC005207,HOSP008475,2023-10-04,Inpatient,H2-PROV0024,DEPT015,63714,2022-06-04,2023-11-07
H2-ENC005208,HOSP028195,2023-10-02,Inpatient,H2-PROV0028,DEPT011,63177,2021-12-17,2023-10-04
H2-ENC005209,HOSP020688,2020-06-25,Inpatient,H2-PROV0008,DEPT006,56195,2023-09-15,2024-04-17
H2-ENC005210,HOSP026748,2023-12-31,Emergency,H2-PROV0023,DEPT003,45144,2024-10-29,2024-08-01
H2-ENC005211,HOSP001175,2020-06-11,Emergency,H2-PROV0003,DEPT019,53233,2021-04-23,2024-08-13
H2-ENC005212,HOSP031181,2024-02-27,Inpatient,H2-PROV0025,DEPT017,75790,2025-08-06,2025-12-20
H2-ENC005213,HOSP015797,2020-07-15,Telemedicine,H2-PROV0027,DEPT015,40219,2023-09-01,2021-08-16
H2-ENC005214,HOSP010139,2025-04-04,Telemedicine,H2-PROV0010,DEPT015,63116,2021-10-26,2024-12-19
H2-ENC005215,HOSP033488,2024-05-04,Inpatient,H2-PROV0002,DEPT017,36953,2023-05-19,2025-10-09
H2-ENC005216,HOSP005886,2022-05-31,Emergency,H2-PROV0028,DEPT001,97079,2021-07-19,2026-07-02
H2-ENC005217,HOSP003186,2026-08-11,Emergency,H2-PROV0028,DEPT009,15764,2024-11-18,2020-02-07
H2-ENC005218,HOSP004806,2020-04-12,Emergency,H2-PROV0004,DEPT014,79266,2020-09-27,2021-02-19
H2-ENC005219,HOSP019336,2023-02-09,Telemedicine,H2-PROV0030,DEPT003,71812,2021-04-03,2020-08-28
H2-ENC005220,HOSP011346,2024-08-06,Emergency,H2-PROV0017,DEPT008,40000,2023-09-09,2026-03-16
H2-ENC005221,HOSP008323,2025-04-22,Outpatient,H2-PROV0028,DEPT003,45766,2020-03-23,2025-08-27
H2-ENC005222,HOSP037333,2025-03-04,Outpatient,H2-PROV0007,DEPT010,74413,2023-12-15,2026-05-12
H2-ENC005223,HOSP043651,2023-11-24,Telemedicine,H2-PROV0028,DEPT007,77590,2026-04-01,2024-11-20
H2-ENC005224,HOSP002602,2025-03-31,Telemedicine,H2-PROV0001,DEPT016,75175,2020-01-26,2024-07-30
H2-ENC005225,HOSP017340,2026-05-13,Telemedicine,H2-PROV0007,DEPT013,68535,2020-06-10,2022-10-31
H2-ENC005226,HOSP034141,2025-02-11,Outpatient,H2-PROV0029,DEPT017,38013,2021-10-28,2021-04-06
H2-ENC005227,HOSP030675,2020-06-17,Emergency,H2-PROV0025,DEPT017,84413,2024-12-19,2026-05-18
H2-ENC005228,HOSP032981,2021-09-09,Outpatient,H2-PROV0013,DEPT020,69233,2024-03-11,2023-05-22
H2-ENC005229,HOSP023057,2026-05-31,Emergency,H2-PROV0027,DEPT005,18822,2021-03-31,2025-07-20
H2-ENC005230,HOSP004545,2024-04-16,Inpatient,H2-PROV0004,DEPT009,20581,2022-09-27,2023-01-13
H2-ENC005231,HOSP040497,2023-12-03,Outpatient,H2-PROV0022,DEPT005,20113,2026-03-03,2024-08-14
H2-ENC005232,HOSP035696,2024-03-19,Telemedicine,H2-PROV0016,DEPT004,43706,2024-05-22,2024-03-01
H2-ENC005233,HOSP035543,2026-05-26,Inpatient,H2-PROV0027,DEPT007,52613,2020-05-22,2023-05-20
H2-ENC005234,HOSP038008,2023-09-25,Inpatient,H2-PROV0002,DEPT001,35799,2026-01-22,2021-11-07
H2-ENC005235,HOSP031225,2025-09-29,Emergency,H2-PROV0002,DEPT018,42192,2022-04-23,2020-08-30
H2-ENC005236,HOSP008392,2020-12-15,Emergency,H2-PROV0006,DEPT017,32087,2025-08-25,2020-03-04
H2-ENC005237,HOSP028537,2021-04-27,Outpatient,H2-PROV0020,DEPT008,17730,2025-05-16,2024-10-15
H2-ENC005238,HOSP032050,2024-03-07,Telemedicine,H2-PROV0022,DEPT017,96898,2021-08-10,2025-06-23
H2-ENC005239,HOSP031041,2020-09-07,Telemedicine,H2-PROV0015,DEPT017,56966,2024-09-19,2020-01-10
H2-ENC005240,HOSP047779,2021-03-25,Outpatient,H2-PROV0022,DEPT020,72365,2021-08-22,2024-10-01
H2-ENC005241,HOSP005764,2025-06-17,Outpatient,H2-PROV0007,DEPT007,30149,2025-12-29,2026-05-05
H2-ENC005242,HOSP013054,2022-11-17,Emergency,H2-PROV0009,DEPT005,98646,2022-05-01,2022-04-15
H2-ENC005243,HOSP026087,2021-04-19,Outpatient,H2-PROV0004,DEPT012,40806,2024-09-15,2021-06-05
H2-ENC005244,HOSP029497,2026-06-22,Inpatient,H2-PROV0018,DEPT012,57102,2023-04-11,2021-10-11
H2-ENC005245,HOSP017481,2022-12-06,Routine Checkup,H2-PROV0010,DEPT012,20356,2022-11-16,2022-06-28
H2-ENC005246,HOSP007188,2021-01-18,Telemedicine,H2-PROV0008,DEPT018,47378,2020-09-14,2020-02-12
H2-ENC005247,HOSP031310,2022-06-16,Telemedicine,H2-PROV0026,DEPT004,52359,2021-05-17,2023-07-29
H2-ENC005248,HOSP012887,2021-04-19,Emergency,H2-PROV0005,DEPT014,11400,2024-02-02,2023-10-30
H2-ENC005249,HOSP002006,2025-01-01,Telemedicine,H2-PROV0026,DEPT007,23057,2020-12-27,2024-04-30
H2-ENC005250,HOSP046072,2020-01-11,Telemedicine,H2-PROV0012,DEPT007,76797,2023-08-22,2025-07-09
H2-ENC005251,HOSP004058,2021-01-14,Inpatient,H2-PROV0029,DEPT017,63485,2020-04-03,2022-04-10
H2-ENC005252,HOSP003933,2022-01-14,Telemedicine,H2-PROV0003,DEPT013,11052,2021-09-03,2024-10-21
H2-ENC005253,HOSP015063,2022-08-04,Emergency,H2-PROV0022,DEPT013,68428,2023-03-25,2024-12-10
H2-ENC005254,HOSP036886,2023-02-18,Telemedicine,H2-PROV0023,DEPT001,21309,2023-06-02,2024-09-14
H2-ENC005255,HOSP029850,2022-02-18,Routine Checkup,H2-PROV0030,DEPT002,32643,2025-12-12,2022-08-12
H2-ENC005256,HOSP046546,2021-08-29,Outpatient,H2-PROV0005,DEPT006,90489,2023-01-10,2024-05-06
H2-ENC005257,HOSP021880,2022-10-29,Outpatient,H2-PROV0012,DEPT006,32565,2023-12-11,2022-02-08
H2-ENC005258,HOSP011950,2020-03-16,Emergency,H2-PROV0008,DEPT011,12013,2024-02-03,2022-03-31
H2-ENC005259,HOSP026872,2024-02-06,Outpatient,H2-PROV0022,DEPT009,21826,2022-10-08,2024-12-15
H2-ENC005260,HOSP020857,2026-10-01,Routine Checkup,H2-PROV0028,DEPT012,10755,2023-11-12,2020-11-07
H2-ENC005261,HOSP039662,2023-02-25,Outpatient,H2-PROV0019,DEPT004,75310,2021-08-07,2020-05-27
H2-ENC005262,HOSP038035,2023-03-07,Outpatient,H2-PROV0024,DEPT006,93323,2025-05-22,2024-06-13
H2-ENC005263,HOSP047998,2025-06-19,Telemedicine,H2-PROV0028,DEPT010,28322,2021-11-01,2025-05-04
H2-ENC005264,HOSP018071,2025-04-01,Telemedicine,H2-PROV0002,DEPT002,48143,2023-01-25,2020-11-29
H2-ENC005265,HOSP039949,2025-03-01,Telemedicine,H2-PROV0028,DEPT004,82995,2022-11-14,2021-08-20
H2-ENC005266,HOSP048140,2021-03-31,Inpatient,H2-PROV0008,DEPT017,73476,2022-02-08,2020-02-03
H2-ENC005267,HOSP003175,2023-10-20,Emergency,H2-PROV0003,DEPT008,38566,2025-09-26,2026-08-16
H2-ENC005268,HOSP007029,2020-01-09,Outpatient,H2-PROV0009,DEPT002,48801,2026-07-01,2025-07-29
H2-ENC005269,HOSP013635,2020-10-07,Telemedicine,H2-PROV0006,DEPT014,55805,2023-11-15,2024-09-06
H2-ENC005270,HOSP000038,2023-04-19,Inpatient,H2-PROV0008,DEPT012,80695,2021-01-22,2020-02-19
H2-ENC005271,HOSP021581,2023-04-24,Telemedicine,H2-PROV0008,DEPT011,65857,2024-06-08,2021-10-05
H2-ENC005272,HOSP012607,2023-09-27,Routine Checkup,H2-PROV0025,DEPT005,90048,2023-03-02,2024-06-05
H2-ENC005273,HOSP036094,2026-09-22,Telemedicine,H2-PROV0016,DEPT003,26066,2020-04-14,2026-09-07
H2-ENC005274,HOSP000858,2023-01-31,Emergency,H2-PROV0011,DEPT013,65995,2020-07-19,2022-03-25
H2-ENC005275,HOSP039943,2026-01-09,Inpatient,H2-PROV0029,DEPT005,68428,2020-01-25,2021-10-13
H2-ENC005276,HOSP022748,2025-08-26,Outpatient,H2-PROV0026,DEPT006,45577,2021-02-17,2024-07-11
H2-ENC005277,HOSP049127,2026-10-01,Emergency,H2-PROV0019,DEPT018,42812,2024-03-23,2022-09-02
H2-ENC005278,HOSP000322,2024-11-15,Emergency,H2-PROV0004,DEPT004,32809,2021-02-24,2025-11-05
H2-ENC005279,HOSP014434,2024-01-22,Telemedicine,H2-PROV0009,DEPT013,60817,2025-11-23,2021-04-12
H2-ENC005280,HOSP017245,2026-04-24,Routine Checkup,H2-PROV0004,DEPT011,33651,2023-12-04,2021-07-13
H2-ENC005281,HOSP003034,2024-09-10,Emergency,H2-PROV0028,DEPT008,70928,2020-08-16,2022-08-12
H2-ENC005282,HOSP043770,2022-04-23,Emergency,H2-PROV0008,DEPT010,19403,2022-02-04,2024-06-03
H2-ENC005283,HOSP033624,2025-11-15,Outpatient,H2-PROV0019,DEPT009,67757,2020-06-09,2023-04-01
H2-ENC005284,HOSP024820,2022-04-26,Emergency,H2-PROV0005,DEPT014,16955,2026-01-27,2022-12-19
H2-ENC005285,HOSP023066,2020-07-13,Outpatient,H2-PROV0029,DEPT014,21199,2023-05-02,2025-08-14
H2-ENC005286,HOSP046741,2026-06-29,Telemedicine,H2-PROV0017,DEPT007,47609,2020-08-03,2023-09-25
H2-ENC005287,HOSP020262,2024-02-22,Outpatient,H2-PROV0002,DEPT011,75496,2022-04-16,2025-04-16
H2-ENC005288,HOSP032033,2025-06-22,Telemedicine,H2-PROV0007,DEPT009,29618,2021-10-20,2025-08-29
H2-ENC005289,HOSP028676,2023-01-18,Inpatient,H2-PROV0029,DEPT016,20818,2025-04-24,2024-04-23
H2-ENC005290,HOSP015641,2024-10-23,Emergency,H2-PROV0001,DEPT004,18752,2023-08-25,2022-05-24
H2-ENC005291,HOSP044769,2021-07-26,Routine Checkup,H2-PROV0022,DEPT002,75310,2021-10-15,2023-12-03
H2-ENC005292,HOSP028548,2026-04-07,Inpatient,H2-PROV0008,DEPT006,35243,2022-09-01,2025-12-18
H2-ENC005293,HOSP004968,2023-07-03,Outpatient,H2-PROV0011,DEPT008,14517,2020-03-10,2021-11-07
H2-ENC005294,HOSP004400,2026-09-18,Inpatient,H2-PROV0027,DEPT010,68044,2022-07-03,2022-01-19
H2-ENC005295,HOSP014398,2023-05-26,Inpatient,H2-PROV0007,DEPT003,93648,2025-12-14,2024-12-01
H2-ENC005296,HOSP006983,2022-10-13,Outpatient,H2-PROV0013,DEPT006,10745,2025-03-24,2024-09-05
H2-ENC005297,HOSP033237,2021-03-05,Outpatient,H2-PROV0007,DEPT012,99921,2026-09-14,2022-06-05
H2-ENC005298,HOSP045828,2023-08-12,Telemedicine,H2-PROV0022,DEPT008,38735,2020-10-10,2020-07-27
H2-ENC005299,HOSP040665,2024-07-26,Telemedicine,H2-PROV0026,DEPT009,66309,2021-03-15,2021-11-23
H2-ENC005300,HOSP007064,2023-04-26,Emergency,H2-PROV0019,DEPT002,40000,2026-02-09,2022-05-16
H2-ENC005301,HOSP010093,2023-07-08,Routine Checkup,H2-PROV0022,DEPT018,80367,2025-07-04,2024-03-16
H2-ENC005302,HOSP025037,2021-10-12,Emergency,H2-PROV0017,DEPT002,69638,2026-07-14,2022-06-30
H2-ENC005303,HOSP013616,2024-05-17,Inpatient,H2-PROV0013,DEPT019,55805,2024-12-19,2020-03-16
H2-ENC005304,HOSP020110,2021-10-19,Routine Checkup,H2-PROV0028,DEPT012,90885,2026-09-26,2023-11-10
H2-ENC005305,HOSP025404,2023-05-31,Routine Checkup,H2-PROV0019,DEPT005,47609,2025-09-14,2022-06-24
H2-ENC005306,HOSP028970,2021-07-31,Routine Checkup,H2-PROV0007,DEPT007,80121,2022-05-13,2026-02-28
H2-ENC005307,HOSP046927,2025-02-04,Emergency,H2-PROV0002,DEPT003,16060,2023-05-18,2025-06-04
H2-ENC005308,HOSP017145,2023-01-08,Inpatient,H2-PROV0030,DEPT013,97181,2024-01-07,2021-09-16
H2-ENC005309,HOSP046253,2023-07-25,Inpatient,H2-PROV0027,DEPT019,30265,2022-10-09,2026-02-08
H2-ENC005310,HOSP020107,2024-01-01,Emergency,H2-PROV0017,DEPT015,15796,2024-04-20,2022-09-11
H2-ENC005311,HOSP036063,2024-10-31,Telemedicine,H2-PROV0022,DEPT002,90708,2020-10-03,2022-02-06
H2-ENC005312,HOSP016880,2021-09-23,Inpatient,H2-PROV0006,DEPT015,80084,2020-05-18,2024-08-17
H2-ENC005313,HOSP030096,2021-07-03,Outpatient,H2-PROV0010,DEPT018,17730,2026-05-24,2025-07-31
H2-ENC005314,HOSP005174,2023-08-30,Telemedicine,H2-PROV0015,DEPT003,42200,2021-05-13,2023-07-01
H2-ENC005315,HOSP030012,2022-09-15,Telemedicine,H2-PROV0022,DEPT008,60071,2021-05-18,2024-06-15
H2-ENC005316,HOSP001749,2023-12-18,Emergency,H2-PROV0013,DEPT014,76611,2020-10-31,2021-01-06
H2-ENC005317,HOSP003579,2021-08-29,Outpatient,H2-PROV0007,DEPT004,19290,2023-09-06,2025-05-09
H2-ENC005318,HOSP013975,2021-09-23,Outpatient,H2-PROV0020,DEPT009,25738,2022-07-01,2020-08-01
H2-ENC005319,HOSP021963,2025-10-05,Telemedicine,H2-PROV0010,DEPT016,69450,2020-11-13,2023-06-06
H2-ENC005320,HOSP003291,2020-11-01,Emergency,H2-PROV0009,DEPT012,56966,2025-12-11,2022-11-04
H2-ENC005321,HOSP042701,2024-05-22,Telemedicine,H2-PROV0024,DEPT001,35802,2020-05-30,2024-04-28
H2-ENC005322,HOSP000140,2026-09-20,Routine Checkup,H2-PROV0003,DEPT006,80253,2026-01-03,2022-08-24
H2-ENC005323,HOSP037897,2024-11-22,Inpatient,H2-PROV0018,DEPT016,21199,2021-03-23,2020-01-09
H2-ENC005324,HOSP012742,2021-04-20,Outpatient,H2-PROV0028,DEPT018,51011,2023-10-20,2021-10-23
H2-ENC005325,HOSP045072,2026-09-28,Emergency,H2-PROV0003,DEPT006,28138,2025-01-16,2026-03-19
H2-ENC005326,HOSP042620,2021-06-27,Routine Checkup,H2-PROV0022,DEPT010,78904,2020-12-25,2026-08-04
H2-ENC005327,HOSP000129,2020-09-05,Routine Checkup,H2-PROV0002,DEPT011,12013,2020-07-11,2025-11-14
H2-ENC005328,HOSP035718,2023-05-26,Emergency,H2-PROV0017,DEPT004,24026,2022-12-11,2023-01-13
H2-ENC005329,HOSP009512,2022-07-18,Outpatient,H2-PROV0018,DEPT012,60263,2023-03-05,2022-10-09
H2-ENC005330,HOSP041892,2026-03-19,Outpatient,H2-PROV0007,DEPT017,76611,2025-04-21,2025-09-25
H2-ENC005331,HOSP032009,2021-04-30,Outpatient,H2-PROV0019,DEPT010,59662,2020-03-06,2022-08-05
H2-ENC005332,HOSP017278,2026-07-14,Telemedicine,H2-PROV0022,DEPT006,73021,2020-02-01,2023-09-28
H2-ENC005333,HOSP045704,2024-12-01,Outpatient,H2-PROV0004,DEPT016,17352,2022-05-29,2024-03-03
H2-ENC005334,HOSP017637,2020-03-02,Outpatient,H2-PROV0014,DEPT001,43222,2024-02-13,2025-04-18
H2-ENC005335,HOSP032573,2022-07-30,Emergency,H2-PROV0027,DEPT002,53463,2026-01-05,2025-03-07
H2-ENC005336,HOSP028922,2025-01-05,Telemedicine,H2-PROV0015,DEPT018,47057,2021-12-16,2025-06-02
H2-ENC005337,HOSP040206,2025-05-28,Inpatient,H2-PROV0029,DEPT001,82062,2026-04-04,2026-06-08
H2-ENC005338,HOSP015203,2024-12-06,Emergency,H2-PROV0007,DEPT002,26430,2020-08-10,2020-08-09
H2-ENC005339,HOSP045360,2020-11-04,Telemedicine,H2-PROV0010,DEPT016,47288,2022-05-04,2023-06-15
H2-ENC005340,HOSP027446,2023-06-14,Routine Checkup,H2-PROV0010,DEPT018,11200,2023-11-29,2021-12-09
H2-ENC005341,HOSP024283,2023-12-15,Emergency,H2-PROV0024,DEPT015,83919,2024-11-21,2020-09-27
H2-ENC005342,HOSP021478,2024-09-19,Telemedicine,H2-PROV0016,DEPT007,92708,2024-12-16,2021-11-14
H2-ENC005343,HOSP049595,2026-02-28,Routine Checkup,H2-PROV0010,DEPT014,65668,2021-01-17,2026-05-04
H2-ENC005344,HOSP035971,2022-09-03,Telemedicine,H2-PROV0028,DEPT020,44424,2024-11-20,2021-03-14
H2-ENC005345,HOSP015798,2025-02-27,Telemedicine,H2-PROV0008,DEPT016,46814,2026-05-15,2025-10-12
H2-ENC005346,HOSP017208,2021-09-21,Emergency,H2-PROV0006,DEPT001,69450,2023-04-17,2024-04-25
H2-ENC005347,HOSP031914,2020-05-26,Inpatient,H2-PROV0013,DEPT002,75287,2025-03-15,2022-08-01
H2-ENC005348,HOSP026117,2022-10-07,Routine Checkup,H2-PROV0024,DEPT003,16060,2023-03-07,2023-01-30
H2-ENC005349,HOSP005030,2025-08-20,Telemedicine,H2-PROV0001,DEPT003,82892,2021-07-16,2023-07-06
H2-ENC005350,HOSP049446,2024-02-20,Routine Checkup,H2-PROV0009,DEPT003,53879,2024-08-13,2021-01-19
H2-ENC005351,HOSP020672,2025-08-15,Inpatient,H2-PROV0004,DEPT010,79266,2023-02-27,2024-03-16
H2-ENC005352,HOSP006431,2025-12-04,Telemedicine,H2-PROV0011,DEPT012,25742,2023-04-21,2020-03-04
H2-ENC005353,HOSP035229,2021-10-24,Routine Checkup,H2-PROV0003,DEPT015,20258,2024-08-23,2026-05-24
H2-ENC005354,HOSP001449,2021-12-08,Routine Checkup,H2-PROV0029,DEPT002,42812,2026-09-18,2022-01-14
H2-ENC005355,HOSP028196,2026-09-18,Telemedicine,H2-PROV0030,DEPT011,20258,2020-03-02,2022-08-13
H2-ENC005356,HOSP010462,2020-05-02,Telemedicine,H2-PROV0020,DEPT011,52359,2021-12-09,2020-01-09
H2-ENC005357,HOSP027154,2023-10-09,Telemedicine,H2-PROV0015,DEPT003,71625,2021-03-05,2023-12-27
H2-ENC005358,HOSP004530,2021-12-22,Routine Checkup,H2-PROV0005,DEPT015,14982,2022-11-09,2020-09-04
H2-ENC005359,HOSP044441,2022-05-29,Outpatient,H2-PROV0029,DEPT016,40219,2026-08-05,2024-09-28
H2-ENC005360,HOSP011107,2021-03-16,Emergency,H2-PROV0026,DEPT006,51011,2024-04-11,2021-06-15
H2-ENC005361,HOSP035439,2023-09-18,Routine Checkup,H2-PROV0015,DEPT007,79355,2020-03-09,2021-11-04
H2-ENC005362,HOSP042294,2022-05-13,Inpatient,H2-PROV0018,DEPT017,66620,2026-06-25,2022-12-13
H2-ENC005363,HOSP006314,2022-08-26,Inpatient,H2-PROV0025,DEPT004,19298,2020-12-17,2024-03-14
H2-ENC005364,HOSP036142,2022-02-10,Routine Checkup,H2-PROV0015,DEPT010,21309,2021-06-24,2025-04-17
H2-ENC005365,HOSP010987,2023-01-25,Routine Checkup,H2-PROV0006,DEPT005,96411,2020-10-19,2022-07-13
H2-ENC005366,HOSP011704,2021-10-19,Outpatient,H2-PROV0010,DEPT015,54726,2021-12-02,2025-07-25
H2-ENC005367,HOSP005070,2023-11-22,Routine Checkup,H2-PROV0011,DEPT017,91746,2023-07-17,2022-09-26
H2-ENC005368,HOSP013504,2023-05-17,Inpatient,H2-PROV0026,DEPT006,23815,2025-04-12,2021-11-20
H2-ENC005369,HOSP019801,2023-12-24,Inpatient,H2-PROV0020,DEPT011,43631,2021-08-30,2021-11-08
H2-ENC005370,HOSP021253,2021-10-21,Inpatient,H2-PROV0018,DEPT013,82995,2021-07-17,2022-01-10
H2-ENC005371,HOSP009396,2021-04-08,Emergency,H2-PROV0011,DEPT003,24026,2024-06-19,2020-07-17
H2-ENC005372,HOSP010616,2026-06-08,Inpatient,H2-PROV0014,DEPT002,63066,2023-09-05,2026-04-18
H2-ENC005373,HOSP043968,2023-12-11,Emergency,H2-PROV0019,DEPT008,20476,2023-01-15,2023-11-17
H2-ENC005374,HOSP013347,2026-02-13,Emergency,H2-PROV0002,DEPT010,55866,2023-07-29,2023-01-12
H2-ENC005375,HOSP032481,2024-08-20,Emergency,H2-PROV0010,DEPT001,17846,2022-01-09,2024-07-10
H2-ENC005376,HOSP000338,2020-01-14,Emergency,H2-PROV0020,DEPT017,49292,2026-01-06,2022-05-21
H2-ENC005377,HOSP021724,2025-01-15,Inpatient,H2-PROV0020,DEPT019,76248,2020-03-06,2022-03-15
H2-ENC005378,HOSP013012,2025-12-10,Routine Checkup,H2-PROV0009,DEPT020,18688,2023-01-12,2023-04-18
H2-ENC005379,HOSP044245,2023-07-29,Inpatient,H2-PROV0029,DEPT016,47609,2022-12-18,2024-08-01
H2-ENC005380,HOSP045760,2022-01-05,Telemedicine,H2-PROV0014,DEPT010,48203,2026-05-25,2026-04-04
H2-ENC005381,HOSP002578,2024-03-13,Telemedicine,H2-PROV0017,DEPT008,96368,2020-05-15,2023-05-06
H2-ENC005382,HOSP042194,2021-07-31,Outpatient,H2-PROV0014,DEPT008,54345,2024-06-22,2024-07-29
H2-ENC005383,HOSP015938,2020-01-06,Outpatient,H2-PROV0008,DEPT005,23815,2024-12-04,2024-07-05
H2-ENC005384,HOSP042761,2023-04-28,Outpatient,H2-PROV0006,DEPT009,70531,2025-10-22,2023-06-25
H2-ENC005385,HOSP035604,2025-10-07,Inpatient,H2-PROV0023,DEPT003,31081,2026-08-16,2025-05-30
H2-ENC005386,HOSP020526,2022-04-30,Outpatient,H2-PROV0001,DEPT004,41490,2022-01-02,2025-01-27
H2-ENC005387,HOSP002621,2022-02-27,Inpatient,H2-PROV0020,DEPT018,68428,2024-11-11,2025-11-19
H2-ENC005388,HOSP048094,2024-03-13,Routine Checkup,H2-PROV0005,DEPT011,47378,2022-11-14,2021-02-07
H2-ENC005389,HOSP021331,2023-03-18,Inpatient,H2-PROV0011,DEPT003,50462,2023-10-09,2020-10-03
H2-ENC005390,HOSP026188,2021-02-05,Routine Checkup,H2-PROV0024,DEPT007,41811,2022-02-19,2021-10-28
H2-ENC005391,HOSP007940,2025-07-15,Emergency,H2-PROV0008,DEPT012,82533,2023-07-06,2020-12-16
H2-ENC005392,HOSP036225,2022-01-18,Emergency,H2-PROV0023,DEPT009,55284,2021-10-02,2023-05-01
H2-ENC005393,HOSP000680,2023-11-01,Outpatient,H2-PROV0009,DEPT018,91235,2022-04-17,2023-08-25
H2-ENC005394,HOSP024016,2021-07-04,Emergency,H2-PROV0015,DEPT007,16171,2021-10-26,2023-10-19
H2-ENC005395,HOSP032537,2025-09-01,Inpatient,H2-PROV0008,DEPT020,61429,2026-05-29,2022-05-20
H2-ENC005396,HOSP022102,2021-08-18,Telemedicine,H2-PROV0025,DEPT018,40806,2023-03-12,2021-11-03
H2-ENC005397,HOSP038298,2022-06-19,Outpatient,H2-PROV0007,DEPT006,84333,2023-08-17,2024-05-31
H2-ENC005398,HOSP042181,2025-09-23,Routine Checkup,H2-PROV0027,DEPT010,46256,2021-07-25,2023-11-03
H2-ENC005399,HOSP017653,2021-07-13,Inpatient,H2-PROV0009,DEPT007,11400,2021-06-02,2021-11-01
H2-ENC005400,HOSP043196,2026-02-13,Routine Checkup,H2-PROV0005,DEPT009,90316,2021-03-06,2026-01-20
H2-ENC005401,HOSP008484,2024-12-01,Outpatient,H2-PROV0011,DEPT017,71812,2026-04-02,2023-05-13
H2-ENC005402,HOSP000310,2020-01-28,Telemedicine,H2-PROV0010,DEPT017,17070,2023-09-19,2022-04-16
H2-ENC005403,HOSP021219,2024-02-13,Inpatient,H2-PROV0025,DEPT004,38212,2023-07-05,2024-03-17
H2-ENC005404,HOSP008496,2026-06-09,Telemedicine,H2-PROV0028,DEPT001,47990,2022-06-25,2022-10-05
H2-ENC005405,HOSP025212,2026-01-03,Inpatient,H2-PROV0001,DEPT005,73021,2020-10-13,2020-06-08
H2-ENC005406,HOSP037110,2025-04-11,Telemedicine,H2-PROV0013,DEPT011,51857,2025-02-23,2023-11-03
H2-ENC005407,HOSP037012,2022-11-25,Inpatient,H2-PROV0022,DEPT013,16973,2022-12-08,2024-02-11
H2-ENC005408,HOSP034554,2022-12-16,Routine Checkup,H2-PROV0018,DEPT014,57109,2025-11-23,2021-02-20
H2-ENC005409,HOSP044651,2020-05-15,Outpatient,H2-PROV0023,DEPT015,14982,2024-01-05,2026-08-29
H2-ENC005410,HOSP043931,2025-07-15,Inpatient,H2-PROV0022,DEPT004,31630,2020-06-22,2026-01-24
H2-ENC005411,HOSP033968,2026-03-15,Emergency,H2-PROV0007,DEPT008,46256,2024-03-03,2021-07-12
H2-ENC005412,HOSP012051,2023-08-15,Telemedicine,H2-PROV0004,DEPT013,62815,2025-05-16,2020-12-05
H2-ENC005413,HOSP032080,2021-10-09,Outpatient,H2-PROV0013,DEPT009,63721,2020-10-30,2022-08-05
H2-ENC005414,HOSP031890,2023-12-30,Telemedicine,H2-PROV0003,DEPT010,66840,2022-12-27,2020-07-02
H2-ENC005415,HOSP034226,2024-02-24,Outpatient,H2-PROV0025,DEPT001,83452,2020-07-16,2020-10-13
H2-ENC005416,HOSP030067,2023-09-25,Routine Checkup,H2-PROV0016,DEPT016,46677,2026-03-13,2022-09-10
H2-ENC005417,HOSP011522,2021-04-29,Outpatient,H2-PROV0005,DEPT013,27647,2022-08-17,2021-09-04
H2-ENC005418,HOSP043850,2022-11-13,Emergency,H2-PROV0010,DEPT005,39529,2022-02-14,2023-05-13
H2-ENC005419,HOSP039296,2020-06-15,Emergency,H2-PROV0008,DEPT019,22293,2020-11-21,2021-09-05
H2-ENC005420,HOSP037514,2020-04-18,Routine Checkup,H2-PROV0025,DEPT006,22212,2024-12-23,2021-11-07
H2-ENC005421,HOSP000920,2026-04-02,Inpatient,H2-PROV0026,DEPT010,81825,2020-07-27,2022-02-14
H2-ENC005422,HOSP017815,2023-05-20,Outpatient,H2-PROV0005,DEPT010,78005,2021-10-25,2026-07-12
H2-ENC005423,HOSP020117,2020-12-25,Telemedicine,H2-PROV0003,DEPT009,25961,2026-05-17,2023-04-03
H2-ENC005424,HOSP040980,2024-05-05,Outpatient,H2-PROV0011,DEPT012,51371,2025-10-18,2024-07-21
H2-ENC005425,HOSP029846,2020-05-15,Telemedicine,H2-PROV0025,DEPT004,81768,2023-12-26,2026-04-22
H2-ENC005426,HOSP011391,2024-01-10,Outpatient,H2-PROV0002,DEPT001,89746,2021-09-10,2026-04-23
H2-ENC005427,HOSP013416,2025-08-03,Routine Checkup,H2-PROV0015,DEPT016,47057,2021-01-18,2022-10-20
H2-ENC005428,HOSP001174,2024-06-26,Telemedicine,H2-PROV0024,DEPT007,30764,2021-04-03,2026-01-24
H2-ENC005429,HOSP009324,2020-10-10,Inpatient,H2-PROV0013,DEPT012,28906,2026-06-12,2021-03-02
H2-ENC005430,HOSP023538,2025-08-20,Telemedicine,H2-PROV0011,DEPT006,16060,2026-05-09,2026-04-08
H2-ENC005431,HOSP028892,2022-04-21,Routine Checkup,H2-PROV0025,DEPT005,33961,2021-11-18,2022-09-24
H2-ENC005432,HOSP000879,2023-04-29,Telemedicine,H2-PROV0023,DEPT013,80084,2020-11-23,2026-09-19
H2-ENC005433,HOSP041195,2023-09-22,Outpatient,H2-PROV0017,DEPT019,60966,2021-12-10,2020-02-03
H2-ENC005434,HOSP011047,2023-02-16,Inpatient,H2-PROV0009,DEPT019,28151,2026-08-03,2022-07-10
H2-ENC005435,HOSP045179,2022-03-07,Telemedicine,H2-PROV0019,DEPT011,81608,2025-05-09,2020-10-20
H2-ENC005436,HOSP032399,2024-12-26,Emergency,H2-PROV0010,DEPT004,50070,2024-04-04,2020-10-26
H2-ENC005437,HOSP009823,2026-09-23,Emergency,H2-PROV0026,DEPT005,75175,2026-09-26,2021-11-13
H2-ENC005438,HOSP001628,2025-11-14,Telemedicine,H2-PROV0020,DEPT004,62879,2023-04-13,2023-05-09
H2-ENC005439,HOSP024928,2025-09-08,Routine Checkup,H2-PROV0025,DEPT005,59028,2023-05-09,2024-09-26
H2-ENC005440,HOSP038589,2025-06-26,Telemedicine,H2-PROV0008,DEPT004,65795,2026-04-19,2020-12-14
H2-ENC005441,HOSP009746,2021-04-24,Emergency,H2-PROV0024,DEPT018,46444,2023-03-28,2023-06-16
H2-ENC005442,HOSP021518,2023-08-16,Outpatient,H2-PROV0030,DEPT018,64270,2023-12-09,2026-05-30
H2-ENC005443,HOSP027811,2025-03-30,Outpatient,H2-PROV0025,DEPT010,14988,2026-10-02,2024-04-05
H2-ENC005444,HOSP003890,2024-10-19,Routine Checkup,H2-PROV0016,DEPT012,89688,2020-10-08,2024-08-28
H2-ENC005445,HOSP033865,2022-07-17,Routine Checkup,H2-PROV0014,DEPT019,19298,2025-08-07,2024-10-02
H2-ENC005446,HOSP045310,2024-07-21,Emergency,H2-PROV0011,DEPT019,74413,2024-10-03,2020-03-04
H2-ENC005447,HOSP044478,2020-03-22,Routine Checkup,H2-PROV0002,DEPT005,15820,2020-04-13,2020-09-21
H2-ENC005448,HOSP038330,2026-05-06,Emergency,H2-PROV0002,DEPT013,47609,2022-12-20,2020-11-20
H2-ENC005449,HOSP033833,2026-02-05,Emergency,H2-PROV0006,DEPT012,51151,2025-12-20,2025-03-28
H2-ENC005450,HOSP013080,2022-05-23,Emergency,H2-PROV0007,DEPT011,28759,2022-10-08,2021-02-15
H2-ENC005451,HOSP030927,2020-06-26,Outpatient,H2-PROV0030,DEPT009,72545,2025-01-01,2023-08-09
H2-ENC005452,HOSP024340,2022-10-25,Emergency,H2-PROV0026,DEPT004,21297,2022-11-16,2022-04-30
H2-ENC005453,HOSP045186,2020-04-30,Emergency,H2-PROV0025,DEPT018,39955,2023-01-18,2021-12-12
H2-ENC005454,HOSP000267,2026-03-09,Outpatient,H2-PROV0008,DEPT011,49171,2026-06-01,2025-09-13
H2-ENC005455,HOSP021770,2022-12-20,Inpatient,H2-PROV0009,DEPT002,60817,2023-08-12,2026-03-01
H2-ENC005456,HOSP046033,2021-03-25,Telemedicine,H2-PROV0015,DEPT005,32072,2023-08-01,2026-04-19
H2-ENC005457,HOSP004632,2021-11-12,Routine Checkup,H2-PROV0024,DEPT006,45549,2024-03-22,2023-09-16
H2-ENC005458,HOSP026951,2020-03-28,Outpatient,H2-PROV0009,DEPT015,62815,2025-06-01,2024-02-24
H2-ENC005459,HOSP049255,2022-03-22,Inpatient,H2-PROV0011,DEPT016,67239,2020-12-12,2026-07-21
H2-ENC005460,HOSP001014,2020-08-08,Telemedicine,H2-PROV0020,DEPT006,55611,2020-04-07,2021-10-29
H2-ENC005461,HOSP039986,2020-08-29,Outpatient,H2-PROV0001,DEPT002,32565,2022-08-20,2024-10-20
H2-ENC005462,HOSP039454,2021-07-31,Emergency,H2-PROV0004,DEPT018,93015,2025-12-08,2025-03-18
H2-ENC005463,HOSP024305,2020-04-21,Inpatient,H2-PROV0004,DEPT019,42054,2020-06-06,2026-05-01
H2-ENC005464,HOSP007466,2024-04-21,Routine Checkup,H2-PROV0024,DEPT010,73034,2026-03-11,2026-07-15
H2-ENC005465,HOSP041673,2025-05-18,Telemedicine,H2-PROV0005,DEPT020,79683,2025-08-15,2022-11-11
H2-ENC005466,HOSP010204,2021-07-14,Emergency,H2-PROV0029,DEPT005,11029,2024-11-15,2025-04-19
H2-ENC005467,HOSP013183,2022-01-12,Outpatient,H2-PROV0002,DEPT010,53056,2021-12-31,2023-05-07
H2-ENC005468,HOSP040411,2025-05-14,Emergency,H2-PROV0016,DEPT016,62990,2022-12-01,2023-12-25
H2-ENC005469,HOSP021437,2025-06-12,Emergency,H2-PROV0007,DEPT016,64993,2021-08-02,2023-01-13
H2-ENC005470,HOSP007645,2025-05-10,Inpatient,H2-PROV0030,DEPT011,20581,2026-03-05,2025-01-17
H2-ENC005471,HOSP003122,2021-11-03,Inpatient,H2-PROV0006,DEPT005,49292,2024-07-26,2020-02-10
H2-ENC005472,HOSP042493,2023-09-04,Outpatient,H2-PROV0027,DEPT020,47288,2021-06-01,2022-03-12
H2-ENC005473,HOSP000140,2025-10-27,Emergency,H2-PROV0013,DEPT001,35982,2022-03-06,2022-01-09
H2-ENC005474,HOSP048432,2021-02-03,Routine Checkup,H2-PROV0002,DEPT008,47990,2022-01-26,2025-05-04
H2-ENC005475,HOSP037163,2026-01-04,Inpatient,H2-PROV0005,DEPT014,59644,2020-02-11,2021-11-16
H2-ENC005476,HOSP004390,2020-04-21,Emergency,H2-PROV0005,DEPT004,51151,2020-12-17,2022-12-05
H2-ENC005477,HOSP011877,2020-01-22,Telemedicine,H2-PROV0030,DEPT003,54363,2026-08-31,2021-04-04
H2-ENC005478,HOSP003392,2024-03-01,Inpatient,H2-PROV0002,DEPT006,63116,2025-04-17,2024-08-13
H2-ENC005479,HOSP009085,2022-12-03,Telemedicine,H2-PROV0029,DEPT003,53233,2021-03-16,2024-01-07
H2-ENC005480,HOSP018710,2022-02-17,Inpatient,H2-PROV0018,DEPT003,43458,2021-05-27,2022-08-19
H2-ENC005481,HOSP016811,2024-12-24,Telemedicine,H2-PROV0021,DEPT016,58443,2024-07-11,2020-01-19
H2-ENC005482,HOSP015296,2024-03-16,Routine Checkup,H2-PROV0023,DEPT007,42691,2025-08-25,2020-08-16
H2-ENC005483,HOSP040683,2021-06-23,Telemedicine,H2-PROV0010,DEPT010,60975,2024-05-12,2023-08-24
H2-ENC005484,HOSP010641,2025-11-03,Emergency,H2-PROV0030,DEPT017,51857,2025-03-08,2020-04-01
H2-ENC005485,HOSP032160,2022-04-23,Inpatient,H2-PROV0003,DEPT006,37375,2025-07-07,2020-11-17
H2-ENC005486,HOSP006395,2021-09-12,Inpatient,H2-PROV0025,DEPT007,13484,2025-03-13,2022-10-27
H2-ENC005487,HOSP045806,2024-05-15,Emergency,H2-PROV0001,DEPT016,34114,2024-10-14,2021-06-05
H2-ENC005488,HOSP000121,2022-05-02,Inpatient,H2-PROV0016,DEPT012,22628,2026-09-17,2023-05-03
H2-ENC005489,HOSP049013,2021-03-28,Emergency,H2-PROV0021,DEPT001,63043,2022-04-10,2024-08-03
H2-ENC005490,HOSP048117,2021-07-29,Routine Checkup,H2-PROV0029,DEPT012,72105,2020-02-24,2021-10-03
H2-ENC005491,HOSP018867,2023-06-08,Emergency,H2-PROV0009,DEPT015,64532,2025-11-15,2026-08-09
H2-ENC005492,HOSP024492,2022-11-30,Outpatient,H2-PROV0021,DEPT020,91391,2022-06-14,2022-08-03
H2-ENC005493,HOSP034606,2026-05-01,Routine Checkup,H2-PROV0011,DEPT019,64423,2024-06-05,2023-05-01
H2-ENC005494,HOSP048548,2021-04-29,Telemedicine,H2-PROV0027,DEPT019,34096,2022-03-15,2020-10-29
H2-ENC005495,HOSP015266,2025-01-17,Telemedicine,H2-PROV0017,DEPT005,78117,2021-02-26,2024-02-23
H2-ENC005496,HOSP048597,2022-09-18,Inpatient,H2-PROV0023,DEPT014,66462,2021-07-15,2020-08-19
H2-ENC005497,HOSP012758,2020-11-11,Inpatient,H2-PROV0011,DEPT017,76908,2023-02-28,2025-07-13
H2-ENC005498,HOSP010414,2021-05-02,Inpatient,H2-PROV0012,DEPT010,43458,2025-03-03,2021-01-16
H2-ENC005499,HOSP037667,2026-07-29,Telemedicine,H2-PROV0030,DEPT014,77590,2020-01-13,2026-08-09
H2-ENC005500,HOSP008873,2025-11-13,Emergency,H2-PROV0022,DEPT020,38675,2024-10-05,2025-04-06
H2-ENC005501,HOSP018637,2021-07-07,Emergency,H2-PROV0013,DEPT009,33654,2023-09-23,2021-06-03
H2-ENC005502,HOSP045423,2020-12-05,Inpatient,H2-PROV0026,DEPT018,15076,2024-08-27,2026-03-10
H2-ENC005503,HOSP012243,2026-04-23,Telemedicine,H2-PROV0015,DEPT013,59546,2022-08-21,2024-09-08
H2-ENC005504,HOSP041412,2022-05-24,Emergency,H2-PROV0006,DEPT006,93558,2024-08-01,2021-08-17
H2-ENC005505,HOSP003244,2020-02-18,Inpatient,H2-PROV0009,DEPT020,84274,2022-09-30,2026-05-30
H2-ENC005506,HOSP002947,2021-08-08,Routine Checkup,H2-PROV0007,DEPT003,10703,2023-04-03,2023-06-23
H2-ENC005507,HOSP028056,2020-03-04,Routine Checkup,H2-PROV0023,DEPT020,34956,2024-08-01,2022-09-04
H2-ENC005508,HOSP032833,2026-07-17,Outpatient,H2-PROV0004,DEPT008,93755,2026-09-06,2026-07-25
H2-ENC005509,HOSP026254,2024-04-30,Outpatient,H2-PROV0017,DEPT018,19403,2020-02-23,2026-07-01
H2-ENC005510,HOSP027686,2023-01-26,Inpatient,H2-PROV0021,DEPT011,28393,2024-12-22,2026-09-04
H2-ENC005511,HOSP014957,2023-03-05,Telemedicine,H2-PROV0005,DEPT018,75175,2025-09-29,2023-02-27
H2-ENC005512,HOSP006797,2020-07-28,Routine Checkup,H2-PROV0001,DEPT004,39529,2023-10-15,2022-02-05
H2-ENC005513,HOSP039159,2026-09-27,Emergency,H2-PROV0021,DEPT015,80648,2020-06-05,2026-08-13
H2-ENC005514,HOSP034247,2023-03-03,Telemedicine,H2-PROV0022,DEPT013,17666,2022-05-25,2023-04-22
H2-ENC005515,HOSP019148,2023-06-21,Telemedicine,H2-PROV0011,DEPT003,14517,2021-09-25,2022-11-06
H2-ENC005516,HOSP038893,2023-03-30,Outpatient,H2-PROV0006,DEPT013,34966,2020-08-16,2024-01-20
H2-ENC005517,HOSP015435,2021-06-11,Inpatient,H2-PROV0017,DEPT001,13484,2023-12-05,2021-02-17
H2-ENC005518,HOSP010087,2023-09-01,Inpatient,H2-PROV0014,DEPT019,46668,2025-03-01,2024-05-30
H2-ENC005519,HOSP022046,2020-07-29,Telemedicine,H2-PROV0009,DEPT003,24557,2025-05-19,2024-02-07
H2-ENC005520,HOSP032810,2024-05-13,Telemedicine,H2-PROV0010,DEPT012,99036,2024-12-19,2021-02-13
H2-ENC005521,HOSP009522,2021-10-14,Inpatient,H2-PROV0023,DEPT008,40000,2022-07-01,2024-11-09
H2-ENC005522,HOSP029607,2021-03-01,Telemedicine,H2-PROV0027,DEPT004,54363,2024-09-24,2024-11-21
H2-ENC005523,HOSP014813,2022-11-24,Inpatient,H2-PROV0016,DEPT004,84051,2025-11-30,2021-02-12
H2-ENC005524,HOSP000658,2022-09-22,Emergency,H2-PROV0001,DEPT003,29273,2022-08-09,2022-12-21
H2-ENC005525,HOSP038886,2025-11-05,Emergency,H2-PROV0008,DEPT004,81013,2025-09-15,2026-05-31
H2-ENC005526,HOSP033521,2024-10-18,Inpatient,H2-PROV0013,DEPT017,47609,2025-05-05,2025-06-25
H2-ENC005527,HOSP006292,2020-12-14,Emergency,H2-PROV0015,DEPT020,98486,2020-06-10,2020-12-21
H2-ENC005528,HOSP034784,2024-01-11,Inpatient,H2-PROV0001,DEPT007,76611,2020-05-13,2026-03-10
H2-ENC005529,HOSP044512,2023-10-13,Inpatient,H2-PROV0004,DEPT008,98486,2020-12-27,2025-04-15
H2-ENC005530,HOSP018305,2024-04-17,Routine Checkup,H2-PROV0026,DEPT007,79683,2020-06-19,2021-06-10
H2-ENC005531,HOSP011773,2025-12-23,Outpatient,H2-PROV0002,DEPT019,21656,2022-07-20,2020-10-10
H2-ENC005532,HOSP034026,2020-10-20,Telemedicine,H2-PROV0019,DEPT017,89746,2020-03-25,2023-02-11
H2-ENC005533,HOSP030974,2024-02-25,Routine Checkup,H2-PROV0008,DEPT011,11200,2025-04-17,2026-07-16
H2-ENC005534,HOSP028734,2025-12-03,Routine Checkup,H2-PROV0011,DEPT019,92395,2020-01-14,2023-02-08
H2-ENC005535,HOSP027569,2024-05-25,Outpatient,H2-PROV0012,DEPT007,33258,2022-11-30,2026-06-09
H2-ENC005536,HOSP035481,2021-05-27,Outpatient,H2-PROV0019,DEPT009,15764,2023-05-20,2021-06-22
H2-ENC005537,HOSP041205,2025-10-16,Outpatient,H2-PROV0027,DEPT019,12747,2024-06-07,2022-05-09
H2-ENC005538,HOSP043714,2023-03-15,Routine Checkup,H2-PROV0023,DEPT012,11200,2021-06-20,2024-09-07
H2-ENC005539,HOSP032685,2021-01-16,Inpatient,H2-PROV0001,DEPT016,39955,2023-04-19,2026-06-09
H2-ENC005540,HOSP029749,2023-11-28,Routine Checkup,H2-PROV0017,DEPT012,94167,2021-03-16,2025-05-30
H2-ENC005541,HOSP005304,2026-10-01,Outpatient,H2-PROV0004,DEPT006,37375,2026-08-13,2020-03-15
H2-ENC005542,HOSP046957,2026-08-04,Emergency,H2-PROV0029,DEPT012,83372,2021-07-25,2026-09-01
H2-ENC005543,HOSP004824,2024-06-09,Routine Checkup,H2-PROV0007,DEPT004,85655,2021-06-21,2024-02-13
H2-ENC005544,HOSP049467,2024-04-22,Inpatient,H2-PROV0012,DEPT017,11052,2025-07-01,2025-10-25
H2-ENC005545,HOSP024105,2025-02-25,Outpatient,H2-PROV0019,DEPT015,60877,2022-07-04,2025-01-06
H2-ENC005546,HOSP040431,2024-04-02,Emergency,H2-PROV0022,DEPT003,41435,2022-02-27,2025-10-15
H2-ENC005547,HOSP016745,2020-10-11,Inpatient,H2-PROV0016,DEPT004,18614,2024-11-11,2021-10-18
H2-ENC005548,HOSP034241,2025-01-20,Outpatient,H2-PROV0026,DEPT018,73021,2026-03-09,2023-06-11
H2-ENC005549,HOSP040945,2021-09-07,Inpatient,H2-PROV0028,DEPT006,44002,2020-10-25,2023-08-01
H2-ENC005550,HOSP041205,2021-11-21,Outpatient,H2-PROV0013,DEPT011,88786,2021-11-13,2022-05-10
H2-ENC005551,HOSP025562,2025-11-27,Routine Checkup,H2-PROV0016,DEPT011,25661,2025-12-09,2024-05-02
H2-ENC005552,HOSP043692,2023-04-18,Inpatient,H2-PROV0002,DEPT005,81013,2025-06-22,2020-08-13
H2-ENC005553,HOSP011924,2026-07-30,Routine Checkup,H2-PROV0016,DEPT012,53463,2022-01-30,2020-06-05
H2-ENC005554,HOSP028827,2025-08-11,Emergency,H2-PROV0023,DEPT007,34568,2024-08-15,2021-09-03
H2-ENC005555,HOSP016437,2025-07-04,Routine Checkup,H2-PROV0025,DEPT009,32565,2023-12-12,2026-08-04
H2-ENC005556,HOSP011793,2025-02-14,Outpatient,H2-PROV0030,DEPT006,29466,2022-11-24,2022-05-18
H2-ENC005557,HOSP023533,2022-02-21,Routine Checkup,H2-PROV0004,DEPT017,38566,2026-03-22,2020-01-29
H2-ENC005558,HOSP049215,2026-04-15,Inpatient,H2-PROV0012,DEPT018,41594,2026-08-02,2023-07-15
H2-ENC005559,HOSP014054,2025-09-27,Telemedicine,H2-PROV0030,DEPT002,98121,2023-08-22,2024-06-22
H2-ENC005560,HOSP022390,2024-09-04,Telemedicine,H2-PROV0016,DEPT010,30149,2024-06-25,2020-02-19
H2-ENC005561,HOSP030073,2024-03-06,Telemedicine,H2-PROV0005,DEPT009,27801,2025-04-17,2026-02-11
H2-ENC005562,HOSP018195,2021-11-11,Emergency,H2-PROV0019,DEPT007,42716,2026-08-04,2024-05-30
H2-ENC005563,HOSP042038,2023-11-23,Emergency,H2-PROV0030,DEPT003,37404,2021-05-26,2021-08-01
H2-ENC005564,HOSP000952,2021-05-28,Outpatient,H2-PROV0020,DEPT010,80084,2023-09-20,2023-06-22
H2-ENC005565,HOSP012956,2025-03-14,Emergency,H2-PROV0008,DEPT009,89360,2023-02-10,2023-02-13
H2-ENC005566,HOSP018708,2020-07-06,Outpatient,H2-PROV0022,DEPT010,86172,2026-06-13,2020-10-12
H2-ENC005567,HOSP043504,2021-02-03,Emergency,H2-PROV0026,DEPT010,34760,2020-09-29,2021-02-02
H2-ENC005568,HOSP030860,2022-02-16,Emergency,H2-PROV0012,DEPT018,74340,2024-08-29,2022-09-07
H2-ENC005569,HOSP043365,2023-02-06,Emergency,H2-PROV0001,DEPT003,49338,2024-12-02,2024-03-25
H2-ENC005570,HOSP008469,2023-10-16,Emergency,H2-PROV0029,DEPT015,72545,2026-02-15,2022-11-27
H2-ENC005571,HOSP040016,2025-12-11,Emergency,H2-PROV0024,DEPT007,97201,2025-04-11,2023-06-11
H2-ENC005572,HOSP019143,2023-07-07,Emergency,H2-PROV0017,DEPT002,26995,2022-09-18,2024-10-22
H2-ENC005573,HOSP036478,2022-12-14,Telemedicine,H2-PROV0001,DEPT004,41258,2024-09-12,2023-11-29
H2-ENC005574,HOSP007693,2022-07-15,Outpatient,H2-PROV0029,DEPT003,97033,2020-04-09,2024-07-07
H2-ENC005575,HOSP011962,2025-07-27,Inpatient,H2-PROV0006,DEPT008,68824,2021-08-06,2025-11-28
H2-ENC005576,HOSP015562,2022-06-02,Inpatient,H2-PROV0010,DEPT008,63341,2024-11-07,2022-11-29
H2-ENC005577,HOSP028858,2025-09-18,Outpatient,H2-PROV0015,DEPT011,25274,2021-10-15,2021-09-17
H2-ENC005578,HOSP035037,2022-08-31,Routine Checkup,H2-PROV0014,DEPT016,33369,2024-10-24,2022-03-17
H2-ENC005579,HOSP022054,2020-02-12,Telemedicine,H2-PROV0017,DEPT007,42405,2021-08-27,2024-12-16
H2-ENC005580,HOSP017487,2020-01-20,Inpatient,H2-PROV0013,DEPT013,74366,2026-02-18,2022-04-02
H2-ENC005581,HOSP008416,2024-06-23,Routine Checkup,H2-PROV0001,DEPT010,97505,2020-01-21,2024-11-14
H2-ENC005582,HOSP036020,2026-08-10,Telemedicine,H2-PROV0005,DEPT008,23815,2024-04-17,2024-04-27
H2-ENC005583,HOSP036506,2020-07-01,Emergency,H2-PROV0007,DEPT007,43337,2020-02-24,2023-04-02
H2-ENC005584,HOSP002189,2021-07-03,Outpatient,H2-PROV0010,DEPT007,66972,2025-12-20,2024-07-02
H2-ENC005585,HOSP005971,2023-10-13,Routine Checkup,H2-PROV0006,DEPT008,31441,2023-12-23,2025-10-22
H2-ENC005586,HOSP037553,2020-11-04,Routine Checkup,H2-PROV0027,DEPT016,71994,2020-07-29,2023-04-13
H2-ENC005587,HOSP019923,2024-02-04,Inpatient,H2-PROV0015,DEPT019,71258,2021-10-29,2025-10-16
H2-ENC005588,HOSP037973,2023-02-11,Outpatient,H2-PROV0023,DEPT010,49171,2024-06-30,2023-06-05
H2-ENC005589,HOSP047643,2020-01-31,Routine Checkup,H2-PROV0019,DEPT007,14177,2026-03-31,2024-11-27
H2-ENC005590,HOSP029724,2026-02-15,Telemedicine,H2-PROV0006,DEPT010,28115,2023-02-27,2020-03-06
H2-ENC005591,HOSP023393,2021-03-21,Inpatient,H2-PROV0015,DEPT003,93338,2022-08-17,2022-04-22
H2-ENC005592,HOSP007238,2022-07-17,Telemedicine,H2-PROV0016,DEPT011,46168,2026-01-13,2020-01-19
H2-ENC005593,HOSP019502,2025-09-18,Emergency,H2-PROV0026,DEPT018,15764,2025-06-30,2024-06-05
H2-ENC005594,HOSP021927,2023-11-11,Emergency,H2-PROV0015,DEPT011,97120,2022-01-06,2022-12-12
H2-ENC005595,HOSP018410,2022-04-29,Outpatient,H2-PROV0004,DEPT007,60015,2021-02-06,2023-07-07
H2-ENC005596,HOSP009092,2023-04-14,Telemedicine,H2-PROV0022,DEPT014,44545,2023-12-23,2025-01-09
H2-ENC005597,HOSP047263,2022-08-04,Routine Checkup,H2-PROV0011,DEPT017,71691,2024-09-26,2022-08-13
H2-ENC005598,HOSP019763,2023-01-18,Telemedicine,H2-PROV0021,DEPT019,52175,2022-08-24,2020-02-29
H2-ENC005599,HOSP001427,2021-05-25,Emergency,H2-PROV0002,DEPT020,55566,2023-01-19,2021-09-01
H2-ENC005600,HOSP022355,2022-10-20,Outpatient,H2-PROV0010,DEPT007,62879,2022-05-22,2020-03-05
H2-ENC005601,HOSP027136,2026-07-20,Emergency,H2-PROV0022,DEPT002,91746,2020-09-05,2025-08-15
H2-ENC005602,HOSP002293,2025-07-24,Telemedicine,H2-PROV0023,DEPT016,16146,2020-05-13,2024-03-10
H2-ENC005603,HOSP015350,2021-07-22,Inpatient,H2-PROV0010,DEPT009,96898,2026-02-21,2026-08-08
H2-ENC005604,HOSP009300,2025-12-22,Outpatient,H2-PROV0027,DEPT014,30076,2021-06-14,2026-01-31
H2-ENC005605,HOSP018211,2024-02-14,Outpatient,H2-PROV0022,DEPT013,28350,2023-04-14,2024-09-08
H2-ENC005606,HOSP015792,2020-10-12,Routine Checkup,H2-PROV0021,DEPT011,50462,2025-03-02,2021-11-26
H2-ENC005607,HOSP046424,2020-07-17,Emergency,H2-PROV0029,DEPT017,26725,2026-07-24,2022-04-03
H2-ENC005608,HOSP005625,2025-01-29,Emergency,H2-PROV0025,DEPT013,40475,2025-08-10,2020-05-24
H2-ENC005609,HOSP048356,2020-07-26,Inpatient,H2-PROV0005,DEPT018,88742,2022-04-27,2023-10-13
H2-ENC005610,HOSP028643,2023-07-20,Inpatient,H2-PROV0015,DEPT010,26995,2020-09-13,2023-06-06
H2-ENC005611,HOSP003290,2026-05-23,Inpatient,H2-PROV0023,DEPT012,49391,2020-11-04,2021-05-13
H2-ENC005612,HOSP010637,2023-01-16,Emergency,H2-PROV0013,DEPT014,85154,2023-09-15,2024-08-31
H2-ENC005613,HOSP008258,2023-07-23,Inpatient,H2-PROV0009,DEPT009,18822,2024-01-02,2025-04-17
H2-ENC005614,HOSP019213,2021-11-10,Routine Checkup,H2-PROV0027,DEPT006,26599,2025-06-27,2021-09-25
H2-ENC005615,HOSP034738,2023-09-09,Inpatient,H2-PROV0015,DEPT020,20132,2020-08-06,2020-12-08
H2-ENC005616,HOSP046145,2022-12-31,Routine Checkup,H2-PROV0030,DEPT015,26430,2020-05-06,2026-02-18
H2-ENC005617,HOSP032103,2023-11-22,Inpatient,H2-PROV0016,DEPT006,17666,2024-11-11,2022-07-01
H2-ENC005618,HOSP048244,2025-06-24,Inpatient,H2-PROV0026,DEPT006,66462,2023-04-26,2021-03-17
H2-ENC005619,HOSP030134,2022-09-25,Routine Checkup,H2-PROV0021,DEPT001,93175,2020-05-13,2021-09-11
H2-ENC005620,HOSP010564,2024-02-28,Telemedicine,H2-PROV0017,DEPT007,31734,2020-02-03,2025-04-28
H2-ENC005621,HOSP001949,2020-10-06,Routine Checkup,H2-PROV0025,DEPT010,76248,2020-04-15,2020-02-14
H2-ENC005622,HOSP043396,2022-12-14,Routine Checkup,H2-PROV0005,DEPT007,87180,2024-01-17,2022-01-22
H2-ENC005623,HOSP047380,2025-04-01,Outpatient,H2-PROV0003,DEPT008,78730,2021-09-02,2024-08-20
H2-ENC005624,HOSP002389,2023-07-08,Telemedicine,H2-PROV0029,DEPT010,76908,2022-03-14,2026-08-22
H2-ENC005625,HOSP014342,2025-08-05,Outpatient,H2-PROV0008,DEPT009,12046,2026-01-01,2026-07-15
H2-ENC005626,HOSP005474,2023-03-31,Emergency,H2-PROV0020,DEPT018,40000,2023-03-03,2021-02-09
H2-ENC005627,HOSP031813,2020-11-29,Inpatient,H2-PROV0009,DEPT009,51011,2023-08-28,2024-10-24
H2-ENC005628,HOSP027170,2021-10-02,Routine Checkup,H2-PROV0004,DEPT013,77634,2020-07-15,2025-06-11
H2-ENC005629,HOSP000699,2020-12-20,Outpatient,H2-PROV0029,DEPT019,75310,2021-03-23,2024-01-09
H2-ENC005630,HOSP000396,2023-12-17,Telemedicine,H2-PROV0009,DEPT015,72152,2024-07-23,2022-06-13
H2-ENC005631,HOSP024726,2023-09-22,Inpatient,H2-PROV0014,DEPT012,82062,2022-07-27,2023-09-22
H2-ENC005632,HOSP007990,2024-01-09,Telemedicine,H2-PROV0021,DEPT009,17225,2025-10-01,2024-12-24
H2-ENC005633,HOSP027454,2021-04-24,Outpatient,H2-PROV0028,DEPT016,54867,2026-09-26,2023-09-03
H2-ENC005634,HOSP000088,2024-04-12,Emergency,H2-PROV0018,DEPT012,44321,2023-11-05,2025-04-10
H2-ENC005635,HOSP044515,2022-11-12,Emergency,H2-PROV0023,DEPT007,61631,2024-04-14,2021-01-02
H2-ENC005636,HOSP033715,2023-04-23,Inpatient,H2-PROV0004,DEPT020,24557,2021-12-08,2025-04-24
H2-ENC005637,HOSP009314,2020-04-19,Telemedicine,H2-PROV0004,DEPT017,76908,2024-11-21,2026-08-24
H2-ENC005638,HOSP004677,2021-04-27,Telemedicine,H2-PROV0022,DEPT008,20356,2025-12-26,2020-01-20
H2-ENC005639,HOSP004215,2025-05-23,Telemedicine,H2-PROV0024,DEPT020,73760,2022-06-20,2024-11-26
H2-ENC005640,HOSP024956,2025-10-20,Routine Checkup,H2-PROV0014,DEPT003,79298,2020-12-22,2026-07-22
H2-ENC005641,HOSP005046,2023-12-13,Routine Checkup,H2-PROV0007,DEPT003,12032,2024-05-24,2026-03-25
H2-ENC005642,HOSP037785,2026-05-24,Emergency,H2-PROV0005,DEPT006,16749,2025-11-27,2026-08-04
H2-ENC005643,HOSP010521,2020-08-29,Emergency,H2-PROV0018,DEPT008,50401,2023-12-19,2021-06-16
H2-ENC005644,HOSP044808,2020-12-14,Telemedicine,H2-PROV0012,DEPT001,26995,2023-08-31,2026-06-17
H2-ENC005645,HOSP025608,2026-08-25,Emergency,H2-PROV0022,DEPT004,14517,2021-10-30,2022-08-01
H2-ENC005646,HOSP032232,2022-01-28,Telemedicine,H2-PROV0021,DEPT018,56966,2026-07-25,2023-05-16
H2-ENC005647,HOSP021842,2023-09-17,Telemedicine,H2-PROV0030,DEPT009,14989,2022-10-31,2020-04-02
H2-ENC005648,HOSP045720,2020-10-21,Emergency,H2-PROV0021,DEPT009,71459,2021-12-19,2025-07-03
H2-ENC005649,HOSP029712,2023-02-09,Routine Checkup,H2-PROV0006,DEPT011,95525,2025-11-11,2020-11-21
H2-ENC005650,HOSP043167,2020-08-04,Emergency,H2-PROV0012,DEPT009,61742,2021-08-01,2022-02-09
H2-ENC005651,HOSP047033,2023-12-16,Outpatient,H2-PROV0010,DEPT019,17216,2025-02-24,2026-10-04
H2-ENC005652,HOSP008578,2022-05-06,Telemedicine,H2-PROV0023,DEPT015,42192,2023-10-27,2024-05-18
H2-ENC005653,HOSP031334,2020-04-25,Routine Checkup,H2-PROV0014,DEPT013,10755,2026-06-13,2021-09-17
H2-ENC005654,HOSP033046,2021-10-25,Outpatient,H2-PROV0017,DEPT006,39529,2021-10-29,2022-11-03
H2-ENC005655,HOSP041493,2023-01-15,Outpatient,H2-PROV0009,DEPT003,10160,2026-05-14,2025-07-30
H2-ENC005656,HOSP044942,2020-09-07,Routine Checkup,H2-PROV0030,DEPT003,53879,2021-02-24,2022-11-27
H2-ENC005657,HOSP023238,2023-11-21,Telemedicine,H2-PROV0004,DEPT018,50750,2022-11-10,2020-02-23
H2-ENC005658,HOSP049051,2023-02-16,Telemedicine,H2-PROV0013,DEPT010,41594,2020-04-06,2021-08-26
H2-ENC005659,HOSP047204,2024-04-23,Telemedicine,H2-PROV0018,DEPT016,19096,2023-09-16,2022-07-23
H2-ENC005660,HOSP045984,2021-03-11,Inpatient,H2-PROV0006,DEPT018,88824,2020-04-26,2024-05-07
H2-ENC005661,HOSP009864,2021-12-19,Outpatient,H2-PROV0002,DEPT015,53504,2026-05-22,2022-12-25
H2-ENC005662,HOSP038011,2022-10-17,Telemedicine,H2-PROV0012,DEPT009,22212,2021-09-16,2024-01-02
H2-ENC005663,HOSP035807,2026-05-18,Routine Checkup,H2-PROV0011,DEPT020,93648,2022-08-13,2026-04-26
H2-ENC005664,HOSP011228,2021-10-11,Inpatient,H2-PROV0015,DEPT003,15486,2024-04-23,2024-05-17
H2-ENC005665,HOSP049371,2022-02-09,Inpatient,H2-PROV0009,DEPT015,75772,2023-03-03,2022-01-26
H2-ENC005666,HOSP025228,2024-11-13,Inpatient,H2-PROV0022,DEPT007,21536,2021-07-16,2026-01-12
H2-ENC005667,HOSP014248,2022-09-01,Inpatient,H2-PROV0005,DEPT017,22142,2021-11-10,2020-03-28
H2-ENC005668,HOSP047510,2022-06-18,Inpatient,H2-PROV0030,DEPT004,77590,2023-04-27,2024-08-16
H2-ENC005669,HOSP010483,2020-05-27,Emergency,H2-PROV0008,DEPT003,12046,2025-11-25,2020-03-28
H2-ENC005670,HOSP022325,2020-11-22,Inpatient,H2-PROV0009,DEPT011,28166,2021-10-21,2020-09-09
H2-ENC005671,HOSP020824,2021-12-06,Inpatient,H2-PROV0015,DEPT013,85710,2026-03-14,2026-04-02
H2-ENC005672,HOSP014929,2026-09-12,Outpatient,H2-PROV0004,DEPT002,66976,2022-06-02,2025-10-05
H2-ENC005673,HOSP009710,2022-05-17,Inpatient,H2-PROV0013,DEPT001,72979,2024-06-19,2020-09-18
H2-ENC005674,HOSP010219,2021-01-22,Outpatient,H2-PROV0023,DEPT016,81065,2021-03-30,2024-02-01
H2-ENC005675,HOSP021145,2023-09-03,Inpatient,H2-PROV0008,DEPT014,76259,2022-04-09,2024-10-23
H2-ENC005676,HOSP018211,2020-02-24,Emergency,H2-PROV0002,DEPT006,91235,2021-03-19,2020-08-01
H2-ENC005677,HOSP048352,2020-03-18,Routine Checkup,H2-PROV0027,DEPT007,52613,2023-10-22,2022-01-11
H2-ENC005678,HOSP037255,2023-11-24,Outpatient,H2-PROV0017,DEPT009,32995,2021-11-30,2021-02-23
H2-ENC005679,HOSP010549,2023-11-26,Emergency,H2-PROV0013,DEPT002,85479,2021-04-21,2025-06-13
H2-ENC005680,HOSP020059,2025-10-07,Routine Checkup,H2-PROV0016,DEPT006,79722,2024-11-22,2025-03-21
H2-ENC005681,HOSP035926,2022-03-15,Emergency,H2-PROV0011,DEPT008,89485,2023-01-22,2021-10-02
H2-ENC005682,HOSP029682,2021-12-21,Telemedicine,H2-PROV0026,DEPT019,66620,2022-06-17,2022-03-02
H2-ENC005683,HOSP020075,2022-06-19,Emergency,H2-PROV0004,DEPT019,84958,2022-09-02,2020-03-17
H2-ENC005684,HOSP044734,2021-10-06,Inpatient,H2-PROV0021,DEPT001,64287,2025-06-28,2023-09-02
H2-ENC005685,HOSP001274,2024-08-22,Emergency,H2-PROV0025,DEPT004,81503,2024-02-24,2021-12-19
H2-ENC005686,HOSP027823,2023-08-15,Inpatient,H2-PROV0024,DEPT009,43706,2026-02-06,2024-02-05
H2-ENC005687,HOSP014080,2023-09-01,Inpatient,H2-PROV0006,DEPT004,45766,2023-08-27,2024-04-08
H2-ENC005688,HOSP043892,2021-11-11,Emergency,H2-PROV0013,DEPT001,23513,2024-12-12,2025-07-10
H2-ENC005689,HOSP015976,2023-11-24,Inpatient,H2-PROV0007,DEPT011,48413,2022-08-17,2023-10-21
H2-ENC005690,HOSP024902,2025-04-01,Emergency,H2-PROV0011,DEPT002,74768,2020-10-31,2026-09-07
H2-ENC005691,HOSP047548,2023-10-10,Emergency,H2-PROV0003,DEPT020,36115,2022-11-17,2023-05-15
H2-ENC005692,HOSP001958,2025-04-21,Routine Checkup,H2-PROV0019,DEPT011,60969,2021-07-04,2023-05-03
H2-ENC005693,HOSP011252,2024-06-26,Outpatient,H2-PROV0025,DEPT012,15764,2021-04-19,2026-02-11
H2-ENC005694,HOSP002587,2024-06-04,Routine Checkup,H2-PROV0024,DEPT019,85746,2026-06-10,2020-06-20
H2-ENC005695,HOSP034869,2021-07-06,Routine Checkup,H2-PROV0019,DEPT013,54599,2023-12-29,2020-09-02
H2-ENC005696,HOSP022947,2021-06-13,Outpatient,H2-PROV0028,DEPT006,27385,2024-11-09,2025-09-12
H2-ENC005697,HOSP045713,2021-06-11,Telemedicine,H2-PROV0007,DEPT002,15544,2020-12-20,2025-02-19
H2-ENC005698,HOSP009406,2022-12-12,Routine Checkup,H2-PROV0029,DEPT001,66383,2021-03-07,2020-08-24
H2-ENC005699,HOSP002791,2023-07-04,Inpatient,H2-PROV0024,DEPT010,37552,2021-09-24,2025-05-02
H2-ENC005700,HOSP002451,2020-04-06,Telemedicine,H2-PROV0009,DEPT003,44424,2021-03-28,2020-07-12
H2-ENC005701,HOSP034495,2026-01-03,Outpatient,H2-PROV0021,DEPT006,21826,2021-07-15,2026-06-30
H2-ENC005702,HOSP021790,2024-06-06,Routine Checkup,H2-PROV0013,DEPT004,83919,2026-01-15,2026-04-25
H2-ENC005703,HOSP049690,2022-10-09,Routine Checkup,H2-PROV0029,DEPT005,79355,2023-10-18,2021-11-13
H2-ENC005704,HOSP000834,2025-02-10,Inpatient,H2-PROV0002,DEPT015,59644,2026-02-12,2022-01-11
H2-ENC005705,HOSP018809,2026-02-19,Telemedicine,H2-PROV0008,DEPT008,16270,2024-02-13,2022-08-29
H2-ENC005706,HOSP021978,2024-11-16,Emergency,H2-PROV0030,DEPT020,64366,2023-10-03,2021-12-16
H2-ENC005707,HOSP020789,2023-10-18,Telemedicine,H2-PROV0020,DEPT019,59003,2024-03-29,2026-05-24
H2-ENC005708,HOSP022949,2026-01-05,Emergency,H2-PROV0011,DEPT020,20483,2020-06-12,2020-09-10
H2-ENC005709,HOSP003549,2021-02-06,Routine Checkup,H2-PROV0022,DEPT017,27647,2021-11-26,2022-11-25
H2-ENC005710,HOSP007546,2023-01-17,Emergency,H2-PROV0014,DEPT004,19587,2020-12-12,2020-10-02
H2-ENC005711,HOSP036357,2021-07-11,Inpatient,H2-PROV0028,DEPT002,13489,2022-03-12,2022-05-10
H2-ENC005712,HOSP003791,2023-09-06,Routine Checkup,H2-PROV0007,DEPT019,51151,2020-07-09,2021-06-14
H2-ENC005713,HOSP001606,2022-07-07,Routine Checkup,H2-PROV0021,DEPT017,92091,2022-04-23,2022-03-24
H2-ENC005714,HOSP025016,2024-09-01,Inpatient,H2-PROV0003,DEPT006,94909,2024-06-17,2023-03-13
H2-ENC005715,HOSP009306,2026-06-22,Routine Checkup,H2-PROV0029,DEPT001,92667,2021-01-15,2023-01-15
H2-ENC005716,HOSP015267,2021-03-20,Outpatient,H2-PROV0017,DEPT002,59662,2021-12-29,2024-03-30
H2-ENC005717,HOSP023795,2020-08-16,Emergency,H2-PROV0022,DEPT012,47487,2024-04-25,2026-03-24
H2-ENC005718,HOSP018191,2022-05-22,Emergency,H2-PROV0024,DEPT002,27107,2020-04-22,2021-05-29
H2-ENC005719,HOSP013826,2020-07-18,Inpatient,H2-PROV0006,DEPT002,80524,2021-11-17,2026-05-06
H2-ENC005720,HOSP008182,2026-07-02,Outpatient,H2-PROV0017,DEPT006,18657,2023-10-09,2023-12-21
H2-ENC005721,HOSP008306,2021-02-17,Outpatient,H2-PROV0028,DEPT006,74107,2021-11-26,2023-07-05
H2-ENC005722,HOSP032633,2020-10-19,Outpatient,H2-PROV0027,DEPT004,95960,2020-05-22,2026-02-17
H2-ENC005723,HOSP039000,2020-05-26,Routine Checkup,H2-PROV0015,DEPT011,99294,2023-08-14,2021-10-11
H2-ENC005724,HOSP026468,2026-09-28,Inpatient,H2-PROV0026,DEPT016,46440,2020-02-07,2020-12-10
H2-ENC005725,HOSP044362,2021-05-07,Outpatient,H2-PROV0014,DEPT006,78665,2022-09-20,2023-09-26
H2-ENC005726,HOSP014919,2023-07-11,Outpatient,H2-PROV0019,DEPT001,71691,2023-03-03,2022-06-24
H2-ENC005727,HOSP007802,2020-10-16,Inpatient,H2-PROV0012,DEPT005,76686,2025-02-15,2023-04-22
H2-ENC005728,HOSP023309,2026-07-19,Outpatient,H2-PROV0024,DEPT015,78323,2025-08-03,2025-10-29
H2-ENC005729,HOSP026090,2021-10-14,Inpatient,H2-PROV0008,DEPT011,49978,2022-04-30,2022-05-27
H2-ENC005730,HOSP011415,2024-02-16,Emergency,H2-PROV0004,DEPT010,31282,2020-03-19,2025-05-06
H2-ENC005731,HOSP032361,2025-12-15,Inpatient,H2-PROV0002,DEPT020,93755,2023-11-24,2025-05-11
H2-ENC005732,HOSP031057,2020-08-30,Telemedicine,H2-PROV0014,DEPT002,56071,2024-01-24,2020-10-30
H2-ENC005733,HOSP024744,2025-02-28,Outpatient,H2-PROV0002,DEPT018,53504,2022-04-16,2020-09-24
H2-ENC005734,HOSP044615,2025-10-11,Emergency,H2-PROV0018,DEPT003,84274,2025-09-05,2026-09-17
H2-ENC005735,HOSP006042,2020-10-18,Routine Checkup,H2-PROV0012,DEPT014,41787,2024-03-31,2026-03-23
H2-ENC005736,HOSP018522,2024-05-31,Outpatient,H2-PROV0021,DEPT012,35331,2025-08-03,2025-06-02
H2-ENC005737,HOSP023737,2025-04-30,Outpatient,H2-PROV0027,DEPT019,65966,2021-05-14,2026-07-22
H2-ENC005738,HOSP024230,2025-04-12,Emergency,H2-PROV0005,DEPT013,38675,2024-06-24,2022-05-07
H2-ENC005739,HOSP040043,2025-09-04,Routine Checkup,H2-PROV0019,DEPT013,26725,2025-01-10,2021-10-18
H2-ENC005740,HOSP012402,2026-10-02,Emergency,H2-PROV0020,DEPT017,44484,2026-06-28,2024-01-25
H2-ENC005741,HOSP034956,2021-04-05,Outpatient,H2-PROV0027,DEPT014,41811,2025-02-14,2023-12-31
H2-ENC005742,HOSP037558,2024-02-01,Outpatient,H2-PROV0027,DEPT019,63423,2025-10-13,2022-03-13
H2-ENC005743,HOSP040947,2026-02-09,Routine Checkup,H2-PROV0006,DEPT009,90885,2021-05-23,2020-05-09
H2-ENC005744,HOSP029018,2025-01-16,Telemedicine,H2-PROV0027,DEPT003,75884,2021-01-18,2024-01-06
H2-ENC005745,HOSP030646,2021-01-16,Emergency,H2-PROV0003,DEPT014,77634,2020-07-21,2020-07-24
H2-ENC005746,HOSP017881,2020-12-02,Inpatient,H2-PROV0027,DEPT004,75599,2023-01-14,2025-12-03
H2-ENC005747,HOSP004186,2026-03-26,Telemedicine,H2-PROV0023,DEPT012,54345,2023-08-12,2024-07-05
H2-ENC005748,HOSP032389,2020-11-03,Emergency,H2-PROV0009,DEPT003,43458,2024-01-19,2025-02-07
H2-ENC005749,HOSP023604,2025-12-31,Outpatient,H2-PROV0004,DEPT003,62328,2022-11-30,2020-01-12
H2-ENC005750,HOSP026483,2021-07-29,Routine Checkup,H2-PROV0012,DEPT015,46095,2023-07-24,2024-01-05
H2-ENC005751,HOSP044427,2020-10-23,Outpatient,H2-PROV0021,DEPT007,75294,2022-09-02,2025-09-16
H2-ENC005752,HOSP010640,2026-03-13,Outpatient,H2-PROV0006,DEPT017,76922,2020-07-22,2024-12-16
H2-ENC005753,HOSP035303,2020-02-13,Outpatient,H2-PROV0006,DEPT012,37751,2024-06-14,2025-01-08
H2-ENC005754,HOSP046024,2020-08-20,Outpatient,H2-PROV0004,DEPT012,93079,2023-04-15,2021-06-30
H2-ENC005755,HOSP043297,2023-04-02,Telemedicine,H2-PROV0028,DEPT001,50750,2024-01-02,2024-11-01
H2-ENC005756,HOSP041907,2023-04-25,Outpatient,H2-PROV0030,DEPT008,30149,2022-07-19,2020-09-17
H2-ENC005757,HOSP019622,2026-02-11,Outpatient,H2-PROV0006,DEPT017,31864,2023-07-19,2024-06-22
H2-ENC005758,HOSP027051,2022-12-15,Inpatient,H2-PROV0021,DEPT013,76716,2021-05-14,2021-05-03
H2-ENC005759,HOSP012747,2021-07-04,Routine Checkup,H2-PROV0005,DEPT004,72068,2021-03-11,2022-05-01
H2-ENC005760,HOSP045254,2026-08-24,Inpatient,H2-PROV0005,DEPT017,48754,2025-06-09,2021-04-26
H2-ENC005761,HOSP030389,2023-12-09,Routine Checkup,H2-PROV0024,DEPT006,86571,2020-04-26,2020-10-01
H2-ENC005762,HOSP004000,2020-01-20,Telemedicine,H2-PROV0020,DEPT019,94426,2021-08-03,2020-07-15
H2-ENC005763,HOSP021068,2023-03-05,Emergency,H2-PROV0012,DEPT004,81825,2024-11-29,2022-08-11
H2-ENC005764,HOSP044718,2022-02-19,Inpatient,H2-PROV0005,DEPT002,90758,2022-07-10,2025-07-27
H2-ENC005765,HOSP028112,2025-11-21,Emergency,H2-PROV0012,DEPT004,77833,2023-02-19,2022-04-08
H2-ENC005766,HOSP014498,2025-03-23,Inpatient,H2-PROV0003,DEPT020,84805,2020-04-08,2025-07-29
H2-ENC005767,HOSP027773,2024-02-12,Routine Checkup,H2-PROV0026,DEPT005,64532,2023-08-05,2023-06-14
H2-ENC005768,HOSP042169,2020-01-14,Telemedicine,H2-PROV0026,DEPT001,21656,2025-08-10,2025-11-14
H2-ENC005769,HOSP021801,2023-12-04,Outpatient,H2-PROV0021,DEPT006,64484,2023-01-09,2020-09-30
H2-ENC005770,HOSP002683,2022-07-07,Outpatient,H2-PROV0011,DEPT014,50025,2020-12-28,2024-01-29
H2-ENC005771,HOSP015212,2026-09-01,Emergency,H2-PROV0026,DEPT006,82717,2026-03-08,2020-07-09
H2-ENC005772,HOSP008953,2020-07-16,Telemedicine,H2-PROV0028,DEPT003,75480,2022-07-20,2024-01-13
H2-ENC005773,HOSP024417,2023-11-19,Outpatient,H2-PROV0007,DEPT005,14064,2023-12-08,2026-08-11
H2-ENC005774,HOSP000781,2025-12-26,Outpatient,H2-PROV0014,DEPT011,32674,2025-10-09,2020-07-01
H2-ENC005775,HOSP036156,2025-08-29,Inpatient,H2-PROV0020,DEPT007,79425,2025-04-22,2026-02-11
H2-ENC005776,HOSP011118,2021-06-17,Routine Checkup,H2-PROV0017,DEPT003,49978,2023-03-24,2020-10-10
H2-ENC005777,HOSP005560,2023-07-02,Emergency,H2-PROV0023,DEPT020,21258,2023-10-29,2026-05-16
H2-ENC005778,HOSP013480,2024-02-26,Outpatient,H2-PROV0024,DEPT012,56393,2020-04-15,2020-08-21
H2-ENC005779,HOSP031527,2022-03-28,Outpatient,H2-PROV0010,DEPT002,34439,2025-02-22,2025-09-14
H2-ENC005780,HOSP040791,2022-07-03,Outpatient,H2-PROV0010,DEPT002,46668,2024-01-08,2026-03-25
H2-ENC005781,HOSP040408,2026-09-16,Telemedicine,H2-PROV0027,DEPT002,50313,2022-04-26,2020-02-18
H2-ENC005782,HOSP023636,2020-09-05,Routine Checkup,H2-PROV0004,DEPT018,95732,2025-12-27,2020-02-19
H2-ENC005783,HOSP002155,2021-02-15,Outpatient,H2-PROV0011,DEPT015,64484,2020-03-18,2020-12-02
H2-ENC005784,HOSP032317,2022-08-25,Inpatient,H2-PROV0009,DEPT013,14517,2026-07-14,2023-06-30
H2-ENC005785,HOSP039972,2021-05-13,Outpatient,H2-PROV0027,DEPT015,81742,2026-06-26,2026-07-10
H2-ENC005786,HOSP038732,2020-02-19,Routine Checkup,H2-PROV0003,DEPT019,59028,2023-10-13,2022-07-27
H2-ENC005787,HOSP037313,2026-01-09,Telemedicine,H2-PROV0001,DEPT003,73742,2021-02-01,2021-05-12
H2-ENC005788,HOSP004249,2026-06-08,Inpatient,H2-PROV0003,DEPT006,35982,2024-10-01,2026-08-08
H2-ENC005789,HOSP040483,2025-02-01,Outpatient,H2-PROV0003,DEPT006,34629,2021-03-14,2025-05-04
H2-ENC005790,HOSP011480,2020-06-21,Outpatient,H2-PROV0002,DEPT013,13755,2024-07-27,2021-11-13
H2-ENC005791,HOSP032683,2026-05-14,Routine Checkup,H2-PROV0004,DEPT008,37404,2023-06-20,2020-06-12
H2-ENC005792,HOSP039398,2025-09-29,Outpatient,H2-PROV0013,DEPT008,80524,2026-01-21,2021-07-18
H2-ENC005793,HOSP020601,2024-06-12,Telemedicine,H2-PROV0008,DEPT002,45202,2026-09-19,2020-07-28
H2-ENC005794,HOSP048612,2024-07-06,Routine Checkup,H2-PROV0011,DEPT019,80441,2024-04-27,2022-05-22
H2-ENC005795,HOSP046189,2022-05-10,Inpatient,H2-PROV0022,DEPT003,96827,2026-02-28,2022-08-11
H2-ENC005796,HOSP046411,2025-08-06,Routine Checkup,H2-PROV0012,DEPT019,64075,2020-03-27,2020-05-16
H2-ENC005797,HOSP032590,2020-08-26,Routine Checkup,H2-PROV0003,DEPT004,31441,2026-09-05,2026-03-27
H2-ENC005798,HOSP037094,2025-01-17,Inpatient,H2-PROV0029,DEPT017,74340,2022-07-24,2026-02-07
H2-ENC005799,HOSP013258,2024-10-01,Outpatient,H2-PROV0029,DEPT001,60877,2022-02-25,2022-02-28
H2-ENC005800,HOSP037034,2025-05-13,Emergency,H2-PROV0014,DEPT005,53879,2024-04-20,2021-01-13
H2-ENC005801,HOSP047467,2020-09-03,Outpatient,H2-PROV0013,DEPT019,70701,2024-10-29,2022-06-06
H2-ENC005802,HOSP036858,2025-08-21,Telemedicine,H2-PROV0028,DEPT001,50462,2024-01-26,2020-01-21
H2-ENC005803,HOSP017482,2025-11-12,Inpatient,H2-PROV0019,DEPT014,65966,2025-02-23,2022-03-31
H2-ENC005804,HOSP016700,2020-05-07,Inpatient,H2-PROV0021,DEPT012,10540,2023-04-11,2024-05-18
H2-ENC005805,HOSP036961,2024-11-27,Inpatient,H2-PROV0004,DEPT019,45766,2025-06-21,2020-10-31
H2-ENC005806,HOSP001599,2023-02-02,Routine Checkup,H2-PROV0012,DEPT013,42716,2025-09-22,2022-04-28
H2-ENC005807,HOSP041385,2026-08-03,Inpatient,H2-PROV0016,DEPT002,71994,2020-10-22,2023-12-26
H2-ENC005808,HOSP009122,2021-08-04,Telemedicine,H2-PROV0026,DEPT013,30619,2026-07-26,2022-02-11
H2-ENC005809,HOSP014718,2022-12-30,Outpatient,H2-PROV0018,DEPT013,30208,2021-09-05,2020-09-04
H2-ENC005810,HOSP029147,2022-01-15,Telemedicine,H2-PROV0008,DEPT014,60817,2025-04-15,2023-10-20
H2-ENC005811,HOSP015644,2023-06-24,Telemedicine,H2-PROV0018,DEPT007,97505,2022-05-20,2026-05-22
H2-ENC005812,HOSP015727,2026-05-05,Emergency,H2-PROV0026,DEPT017,32643,2021-10-11,2021-07-04
H2-ENC005813,HOSP048084,2025-02-03,Outpatient,H2-PROV0009,DEPT013,51857,2025-11-10,2026-06-24
H2-ENC005814,HOSP015587,2023-04-19,Telemedicine,H2-PROV0018,DEPT011,66033,2025-04-22,2023-02-16
H2-ENC005815,HOSP000522,2020-11-07,Inpatient,H2-PROV0029,DEPT001,63485,2022-10-17,2026-09-08
H2-ENC005816,HOSP038119,2020-05-12,Outpatient,H2-PROV0008,DEPT007,24028,2020-09-04,2024-11-22
H2-ENC005817,HOSP042599,2023-03-21,Routine Checkup,H2-PROV0002,DEPT009,76611,2025-02-19,2021-05-12
H2-ENC005818,HOSP037607,2025-03-30,Emergency,H2-PROV0014,DEPT019,32809,2022-01-04,2025-08-20
H2-ENC005819,HOSP033607,2025-09-08,Telemedicine,H2-PROV0013,DEPT010,22795,2021-11-28,2025-04-24
H2-ENC005820,HOSP022762,2020-02-22,Routine Checkup,H2-PROV0009,DEPT007,46554,2025-11-02,2021-12-16
H2-ENC005821,HOSP011759,2022-07-08,Routine Checkup,H2-PROV0024,DEPT006,12280,2020-02-13,2025-07-09
H2-ENC005822,HOSP032428,2021-06-07,Inpatient,H2-PROV0020,DEPT009,46026,2022-04-29,2025-05-28
H2-ENC005823,HOSP029708,2021-08-15,Inpatient,H2-PROV0020,DEPT019,26697,2021-02-24,2022-09-30
H2-ENC005824,HOSP040444,2022-10-05,Emergency,H2-PROV0012,DEPT009,61123,2020-02-20,2025-01-21
H2-ENC005825,HOSP001120,2025-11-30,Outpatient,H2-PROV0003,DEPT005,37641,2022-12-13,2023-09-04
H2-ENC005826,HOSP024279,2021-05-05,Outpatient,H2-PROV0028,DEPT001,28906,2026-08-31,2020-01-11
H2-ENC005827,HOSP002995,2024-06-24,Routine Checkup,H2-PROV0018,DEPT016,48603,2020-07-26,2024-09-11
H2-ENC005828,HOSP029461,2020-11-22,Outpatient,H2-PROV0014,DEPT003,64840,2025-03-01,2024-12-09
H2-ENC005829,HOSP020192,2024-07-27,Outpatient,H2-PROV0022,DEPT011,67844,2026-02-10,2020-10-12
H2-ENC005830,HOSP011795,2025-09-20,Telemedicine,H2-PROV0011,DEPT015,40255,2023-01-13,2022-10-05
H2-ENC005831,HOSP016664,2022-07-04,Routine Checkup,H2-PROV0008,DEPT001,16146,2021-01-29,2022-09-17
H2-ENC005832,HOSP019167,2022-11-27,Inpatient,H2-PROV0015,DEPT008,65340,2025-04-27,2021-06-15
H2-ENC005833,HOSP000762,2021-04-16,Emergency,H2-PROV0005,DEPT020,10034,2022-04-25,2024-08-31
H2-ENC005834,HOSP039555,2025-04-19,Emergency,H2-PROV0014,DEPT010,10877,2026-06-15,2023-10-08
H2-ENC005835,HOSP024255,2020-06-29,Telemedicine,H2-PROV0029,DEPT016,99752,2022-07-10,2022-03-25
H2-ENC005836,HOSP014680,2023-11-17,Routine Checkup,H2-PROV0009,DEPT002,23815,2020-06-22,2025-02-27
H2-ENC005837,HOSP005299,2024-01-11,Emergency,H2-PROV0030,DEPT006,24028,2024-10-08,2021-06-06
H2-ENC005838,HOSP015785,2023-07-27,Inpatient,H2-PROV0013,DEPT010,53188,2024-05-02,2025-04-17
H2-ENC005839,HOSP013129,2023-06-30,Inpatient,H2-PROV0023,DEPT002,96452,2026-02-05,2020-08-28
H2-ENC005840,HOSP025300,2025-05-29,Emergency,H2-PROV0017,DEPT014,77311,2020-10-24,2023-01-19
H2-ENC005841,HOSP003491,2020-08-15,Outpatient,H2-PROV0010,DEPT001,26725,2026-03-24,2026-09-02
H2-ENC005842,HOSP021006,2022-08-11,Emergency,H2-PROV0006,DEPT003,93293,2020-09-03,2022-04-07
H2-ENC005843,HOSP025156,2025-08-02,Outpatient,H2-PROV0027,DEPT002,58375,2025-12-20,2025-02-10
H2-ENC005844,HOSP023238,2022-11-24,Outpatient,H2-PROV0023,DEPT016,84958,2023-06-13,2022-04-16
H2-ENC005845,HOSP000740,2024-08-10,Inpatient,H2-PROV0002,DEPT014,99921,2026-06-23,2020-11-17
H2-ENC005846,HOSP039759,2025-02-02,Emergency,H2-PROV0004,DEPT003,67757,2020-04-15,2025-06-26
H2-ENC005847,HOSP036016,2025-10-23,Emergency,H2-PROV0005,DEPT006,39231,2020-11-05,2023-11-05
H2-ENC005848,HOSP002074,2021-09-03,Routine Checkup,H2-PROV0019,DEPT018,73021,2024-11-01,2026-09-26
H2-ENC005849,HOSP034597,2020-07-10,Inpatient,H2-PROV0005,DEPT006,45027,2024-12-17,2023-08-27
H2-ENC005850,HOSP009552,2020-04-06,Inpatient,H2-PROV0020,DEPT003,38735,2023-01-30,2022-05-10
H2-ENC005851,HOSP031706,2024-08-01,Emergency,H2-PROV0021,DEPT013,45027,2020-11-25,2020-08-02
H2-ENC005852,HOSP000459,2025-11-28,Emergency,H2-PROV0027,DEPT016,12355,2023-04-04,2022-11-05
H2-ENC005853,HOSP035597,2021-02-04,Emergency,H2-PROV0004,DEPT020,82995,2023-12-07,2022-07-14
H2-ENC005854,HOSP000708,2024-10-19,Inpatient,H2-PROV0016,DEPT019,73021,2020-11-03,2020-05-07
H2-ENC005855,HOSP034822,2023-11-05,Inpatient,H2-PROV0001,DEPT005,55835,2021-08-27,2024-10-03
H2-ENC005856,HOSP036022,2026-02-26,Outpatient,H2-PROV0013,DEPT005,49171,2024-05-02,2024-10-03
H2-ENC005857,HOSP001541,2020-01-29,Emergency,H2-PROV0020,DEPT007,61123,2022-03-22,2025-03-05
H2-ENC005858,HOSP047201,2024-06-17,Inpatient,H2-PROV0008,DEPT017,38753,2020-07-08,2026-02-15
H2-ENC005859,HOSP047752,2020-05-14,Outpatient,H2-PROV0029,DEPT016,68143,2022-06-04,2026-02-13
H2-ENC005860,HOSP021137,2021-07-31,Telemedicine,H2-PROV0018,DEPT017,28350,2025-08-28,2024-06-28
H2-ENC005861,HOSP023512,2026-08-13,Routine Checkup,H2-PROV0021,DEPT013,13682,2024-01-18,2021-11-20
H2-ENC005862,HOSP017875,2022-02-25,Inpatient,H2-PROV0006,DEPT018,35799,2024-04-11,2022-05-27
H2-ENC005863,HOSP045498,2021-08-15,Outpatient,H2-PROV0019,DEPT007,11029,2022-10-16,2025-10-19
H2-ENC005864,HOSP009786,2020-10-15,Telemedicine,H2-PROV0025,DEPT016,74413,2021-10-20,2022-09-25
H2-ENC005865,HOSP043438,2024-10-19,Emergency,H2-PROV0016,DEPT006,10703,2023-02-03,2022-12-05
H2-ENC005866,HOSP018982,2020-11-17,Emergency,H2-PROV0013,DEPT001,22379,2022-03-01,2025-03-18
H2-ENC005867,HOSP047415,2023-10-25,Routine Checkup,H2-PROV0016,DEPT006,64270,2026-02-03,2024-11-10
H2-ENC005868,HOSP015883,2025-03-23,Emergency,H2-PROV0003,DEPT007,72241,2026-10-01,2024-05-05
H2-ENC005869,HOSP043689,2026-02-03,Inpatient,H2-PROV0011,DEPT003,33961,2020-12-01,2024-05-03
H2-ENC005870,HOSP006756,2025-04-04,Inpatient,H2-PROV0013,DEPT011,65252,2026-02-17,2026-01-31
H2-ENC005871,HOSP004393,2021-09-25,Emergency,H2-PROV0017,DEPT006,80253,2024-08-16,2021-12-07
H2-ENC005872,HOSP012345,2021-05-20,Routine Checkup,H2-PROV0028,DEPT015,53056,2023-03-04,2020-08-06
H2-ENC005873,HOSP042695,2023-10-14,Outpatient,H2-PROV0021,DEPT005,32072,2021-03-21,2021-06-20
H2-ENC005874,HOSP016127,2024-04-21,Emergency,H2-PROV0025,DEPT008,88891,2020-03-10,2025-10-16
H2-ENC005875,HOSP027640,2020-06-15,Outpatient,H2-PROV0010,DEPT003,37375,2021-07-13,2025-02-09
H2-ENC005876,HOSP003404,2022-05-31,Emergency,H2-PROV0001,DEPT005,51053,2024-05-07,2025-06-21
H2-ENC005877,HOSP044013,2021-04-29,Outpatient,H2-PROV0025,DEPT019,97224,2022-10-08,2023-02-01
H2-ENC005878,HOSP018117,2020-08-05,Emergency,H2-PROV0017,DEPT002,52559,2023-11-27,2020-08-13
H2-ENC005879,HOSP029797,2020-09-15,Inpatient,H2-PROV0021,DEPT007,93175,2022-02-23,2021-05-07
H2-ENC005880,HOSP046526,2023-07-23,Routine Checkup,H2-PROV0009,DEPT011,26430,2025-07-06,2021-06-02
H2-ENC005881,HOSP019672,2025-05-05,Inpatient,H2-PROV0026,DEPT020,91936,2020-02-10,2023-04-03
H2-ENC005882,HOSP024750,2025-02-16,Emergency,H2-PROV0028,DEPT019,57849,2025-05-08,2023-07-21
H2-ENC005883,HOSP015457,2022-12-03,Routine Checkup,H2-PROV0011,DEPT013,34672,2020-03-09,2022-11-04
H2-ENC005884,HOSP024576,2025-07-12,Emergency,H2-PROV0017,DEPT016,39610,2021-10-13,2021-10-18
H2-ENC005885,HOSP003407,2025-10-31,Routine Checkup,H2-PROV0004,DEPT010,80253,2025-04-05,2023-11-19
H2-ENC005886,HOSP001970,2023-12-14,Routine Checkup,H2-PROV0008,DEPT016,57047,2022-10-28,2024-12-22
H2-ENC005887,HOSP020354,2023-07-09,Inpatient,H2-PROV0008,DEPT003,88742,2025-09-23,2022-12-20
H2-ENC005888,HOSP008796,2026-07-02,Emergency,H2-PROV0025,DEPT002,82294,2025-12-22,2021-02-07
H2-ENC005889,HOSP049422,2021-02-28,Routine Checkup,H2-PROV0005,DEPT009,84089,2024-01-13,2024-07-08
H2-ENC005890,HOSP026481,2021-06-26,Inpatient,H2-PROV0022,DEPT013,72241,2021-09-24,2022-01-04
H2-ENC005891,HOSP030221,2020-02-15,Telemedicine,H2-PROV0025,DEPT018,49338,2025-12-04,2024-09-19
H2-ENC005892,HOSP042728,2022-04-13,Inpatient,H2-PROV0011,DEPT015,31071,2022-11-14,2023-02-09
H2-ENC005893,HOSP005056,2024-11-20,Inpatient,H2-PROV0012,DEPT003,99695,2026-04-16,2020-10-23
H2-ENC005894,HOSP039264,2025-08-26,Inpatient,H2-PROV0024,DEPT014,47580,2021-02-03,2025-05-04
H2-ENC005895,HOSP012087,2020-07-14,Outpatient,H2-PROV0030,DEPT015,80451,2022-11-06,2025-11-27
H2-ENC005896,HOSP020107,2025-05-11,Telemedicine,H2-PROV0016,DEPT015,33056,2026-04-17,2021-09-04
H2-ENC005897,HOSP012555,2020-03-04,Routine Checkup,H2-PROV0028,DEPT004,23513,2021-01-31,2024-09-07
H2-ENC005898,HOSP012898,2020-01-30,Telemedicine,H2-PROV0004,DEPT013,28774,2022-05-26,2025-06-15
H2-ENC005899,HOSP028708,2025-08-02,Outpatient,H2-PROV0028,DEPT013,75794,2022-09-06,2021-04-11
H2-ENC005900,HOSP044157,2020-09-01,Outpatient,H2-PROV0003,DEPT006,63043,2022-02-01,2024-08-20
H2-ENC005901,HOSP040120,2021-11-14,Outpatient,H2-PROV0021,DEPT015,93293,2021-01-27,2021-07-21
H2-ENC005902,HOSP029690,2022-10-30,Emergency,H2-PROV0019,DEPT012,50401,2020-07-27,2024-11-10
H2-ENC005903,HOSP035358,2023-04-23,Telemedicine,H2-PROV0019,DEPT001,31864,2024-02-07,2020-04-23
H2-ENC005904,HOSP033548,2026-08-04,Telemedicine,H2-PROV0004,DEPT002,45549,2025-05-05,2024-11-24
H2-ENC005905,HOSP031700,2020-05-16,Inpatient,H2-PROV0011,DEPT010,13985,2022-03-07,2024-06-28
H2-ENC005906,HOSP013593,2024-10-24,Emergency,H2-PROV0022,DEPT006,21397,2023-10-29,2020-01-25
H2-ENC005907,HOSP038676,2023-12-08,Inpatient,H2-PROV0010,DEPT016,65662,2020-01-29,2024-05-12
H2-ENC005908,HOSP017809,2022-01-10,Outpatient,H2-PROV0019,DEPT012,68428,2020-11-12,2026-02-16
H2-ENC005909,HOSP015135,2021-06-06,Routine Checkup,H2-PROV0003,DEPT004,81013,2020-02-07,2026-02-26
H2-ENC005910,HOSP042292,2024-03-23,Telemedicine,H2-PROV0008,DEPT005,69052,2026-09-30,2026-01-31
H2-ENC005911,HOSP027777,2021-06-01,Emergency,H2-PROV0007,DEPT003,48754,2020-09-03,2022-04-02
H2-ENC005912,HOSP006257,2024-06-11,Routine Checkup,H2-PROV0028,DEPT007,90048,2021-02-10,2025-03-07
H2-ENC005913,HOSP022711,2021-04-16,Inpatient,H2-PROV0005,DEPT019,94167,2022-02-06,2023-07-25
H2-ENC005914,HOSP019539,2024-02-16,Telemedicine,H2-PROV0007,DEPT007,62807,2021-01-11,2021-12-23
H2-ENC005915,HOSP034325,2021-01-07,Telemedicine,H2-PROV0003,DEPT005,91985,2024-06-06,2020-09-12
H2-ENC005916,HOSP013692,2024-08-21,Emergency,H2-PROV0024,DEPT003,90885,2021-09-28,2022-03-27
H2-ENC005917,HOSP010713,2022-03-17,Routine Checkup,H2-PROV0008,DEPT001,49338,2025-07-14,2025-03-31
H2-ENC005918,HOSP014445,2026-01-31,Emergency,H2-PROV0025,DEPT011,69052,2020-09-20,2025-07-09
H2-ENC005919,HOSP009566,2024-03-13,Emergency,H2-PROV0021,DEPT011,88698,2023-02-05,2023-03-28
H2-ENC005920,HOSP006402,2025-07-24,Outpatient,H2-PROV0026,DEPT009,50313,2021-05-29,2021-02-21
H2-ENC005921,HOSP043670,2023-02-20,Outpatient,H2-PROV0007,DEPT014,66028,2024-03-14,2022-09-02
H2-ENC005922,HOSP018724,2022-10-12,Emergency,H2-PROV0022,DEPT017,37425,2025-07-12,2021-05-28
H2-ENC005923,HOSP019984,2020-05-05,Emergency,H2-PROV0009,DEPT007,10346,2023-03-05,2025-08-10
H2-ENC005924,HOSP034911,2022-06-14,Telemedicine,H2-PROV0010,DEPT012,27647,2020-05-18,2023-01-02
H2-ENC005925,HOSP022014,2025-06-30,Telemedicine,H2-PROV0027,DEPT016,53320,2020-01-05,2026-02-21
H2-ENC005926,HOSP023137,2020-05-22,Outpatient,H2-PROV0018,DEPT003,21199,2025-10-05,2020-12-27
H2-ENC005927,HOSP000454,2023-10-26,Routine Checkup,H2-PROV0019,DEPT013,76559,2025-01-25,2025-03-15
H2-ENC005928,HOSP036001,2021-04-01,Routine Checkup,H2-PROV0001,DEPT017,93293,2024-11-16,2026-01-04
H2-ENC005929,HOSP012567,2024-10-15,Outpatient,H2-PROV0030,DEPT006,76716,2020-04-10,2021-06-11
H2-ENC005930,HOSP015595,2026-01-19,Emergency,H2-PROV0012,DEPT020,37425,2026-08-12,2025-01-12
H2-ENC005931,HOSP020616,2021-08-01,Emergency,H2-PROV0012,DEPT012,55805,2023-10-07,2025-12-18
H2-ENC005932,HOSP033472,2025-11-21,Routine Checkup,H2-PROV0004,DEPT018,81171,2020-02-15,2020-06-03
H2-ENC005933,HOSP008552,2022-07-13,Routine Checkup,H2-PROV0013,DEPT010,21656,2020-05-28,2023-01-02
H2-ENC005934,HOSP016613,2020-05-02,Outpatient,H2-PROV0015,DEPT020,86571,2023-10-31,2025-04-23
H2-ENC005935,HOSP045617,2023-02-04,Inpatient,H2-PROV0011,DEPT018,81013,2026-02-16,2024-08-02
H2-ENC005936,HOSP029149,2024-08-23,Outpatient,H2-PROV0029,DEPT006,14848,2024-07-29,2025-08-16
H2-ENC005937,HOSP021801,2020-09-30,Inpatient,H2-PROV0025,DEPT010,84594,2025-03-22,2025-09-07
H2-ENC005938,HOSP027408,2022-03-07,Routine Checkup,H2-PROV0001,DEPT010,54599,2021-03-30,2024-10-01
H2-ENC005939,HOSP017385,2025-01-30,Routine Checkup,H2-PROV0016,DEPT016,96904,2025-04-25,2025-12-17
H2-ENC005940,HOSP038243,2025-02-24,Inpatient,H2-PROV0019,DEPT009,58265,2024-07-26,2023-06-21
H2-ENC005941,HOSP025223,2024-08-07,Emergency,H2-PROV0019,DEPT019,54363,2025-04-02,2024-03-26
H2-ENC005942,HOSP049060,2022-11-08,Routine Checkup,H2-PROV0008,DEPT012,27385,2023-03-30,2024-10-05
H2-ENC005943,HOSP032724,2024-07-08,Routine Checkup,H2-PROV0004,DEPT020,17741,2023-07-04,2024-03-07
H2-ENC005944,HOSP033120,2021-02-20,Telemedicine,H2-PROV0011,DEPT007,37785,2025-12-10,2024-02-22
H2-ENC005945,HOSP046395,2021-01-27,Emergency,H2-PROV0004,DEPT013,73760,2023-06-17,2023-03-23
H2-ENC005946,HOSP033004,2022-10-23,Routine Checkup,H2-PROV0008,DEPT004,56003,2023-02-13,2021-02-16
H2-ENC005947,HOSP001629,2020-01-26,Emergency,H2-PROV0023,DEPT005,56003,2025-03-02,2022-10-21
H2-ENC005948,HOSP041739,2022-08-04,Telemedicine,H2-PROV0024,DEPT017,17666,2024-02-12,2020-01-18
H2-ENC005949,HOSP000554,2024-09-15,Inpatient,H2-PROV0027,DEPT001,41054,2023-11-16,2022-07-16
H2-ENC005950,HOSP035526,2022-03-24,Inpatient,H2-PROV0012,DEPT001,84274,2023-11-29,2025-07-12
H2-ENC005951,HOSP004357,2020-09-04,Inpatient,H2-PROV0018,DEPT008,83819,2025-09-22,2020-09-29
H2-ENC005952,HOSP029138,2023-05-03,Telemedicine,H2-PROV0030,DEPT007,99885,2021-03-31,2022-12-01
H2-ENC005953,HOSP001378,2025-10-10,Routine Checkup,H2-PROV0022,DEPT017,71812,2020-07-01,2024-04-22
H2-ENC005954,HOSP023863,2026-08-04,Emergency,H2-PROV0021,DEPT016,39592,2020-11-30,2024-12-27
H2-ENC005955,HOSP001723,2022-11-10,Inpatient,H2-PROV0018,DEPT005,48413,2024-01-13,2026-03-24
H2-ENC005956,HOSP033747,2021-09-30,Routine Checkup,H2-PROV0027,DEPT014,75884,2023-10-25,2020-06-28
H2-ENC005957,HOSP019176,2025-12-10,Outpatient,H2-PROV0015,DEPT012,66527,2021-04-19,2023-11-16
H2-ENC005958,HOSP019432,2021-06-30,Outpatient,H2-PROV0006,DEPT013,85746,2020-10-21,2021-08-09
H2-ENC005959,HOSP002150,2026-06-23,Telemedicine,H2-PROV0011,DEPT001,99861,2020-10-29,2021-07-20
H2-ENC005960,HOSP030600,2025-11-08,Outpatient,H2-PROV0029,DEPT020,76194,2021-07-12,2020-10-14
H2-ENC005961,HOSP046338,2026-06-20,Inpatient,H2-PROV0022,DEPT001,73760,2021-07-23,2021-09-05
H2-ENC005962,HOSP021592,2024-01-31,Routine Checkup,H2-PROV0015,DEPT019,32809,2022-06-18,2025-06-26
H2-ENC005963,HOSP037200,2023-01-14,Inpatient,H2-PROV0007,DEPT003,64484,2020-01-18,2020-06-26
H2-ENC005964,HOSP012617,2023-05-15,Telemedicine,H2-PROV0021,DEPT007,11095,2023-02-24,2022-01-20
H2-ENC005965,HOSP027891,2024-04-14,Emergency,H2-PROV0007,DEPT007,28518,2020-09-15,2020-08-04
H2-ENC005966,HOSP002058,2023-08-11,Outpatient,H2-PROV0016,DEPT005,44323,2026-09-30,2024-02-19
H2-ENC005967,HOSP003735,2025-05-12,Inpatient,H2-PROV0001,DEPT004,41258,2026-04-26,2020-09-25
H2-ENC005968,HOSP049794,2024-05-27,Routine Checkup,H2-PROV0020,DEPT009,63485,2021-10-28,2026-05-07
H2-ENC005969,HOSP020416,2021-02-12,Inpatient,H2-PROV0022,DEPT013,90048,2025-05-11,2025-06-03
H2-ENC005970,HOSP022034,2021-03-16,Emergency,H2-PROV0024,DEPT011,68143,2022-05-12,2023-10-18
H2-ENC005971,HOSP030935,2024-09-06,Inpatient,H2-PROV0020,DEPT013,11052,2025-06-28,2024-06-20
H2-ENC005972,HOSP032387,2022-11-08,Telemedicine,H2-PROV0020,DEPT003,40137,2023-04-26,2021-05-02
H2-ENC005973,HOSP017746,2026-09-19,Outpatient,H2-PROV0021,DEPT012,87524,2020-11-08,2025-06-28
H2-ENC005974,HOSP044275,2020-11-07,Telemedicine,H2-PROV0003,DEPT010,21297,2023-01-11,2024-02-08
H2-ENC005975,HOSP030344,2021-05-30,Routine Checkup,H2-PROV0009,DEPT020,48045,2021-08-09,2022-02-23
H2-ENC005976,HOSP037660,2022-09-01,Outpatient,H2-PROV0026,DEPT002,15076,2026-02-15,2022-06-12
H2-ENC005977,HOSP047066,2020-06-14,Telemedicine,H2-PROV0015,DEPT017,64532,2022-08-15,2025-03-21
H2-ENC005978,HOSP035368,2026-03-16,Inpatient,H2-PROV0011,DEPT003,50750,2022-11-16,2021-05-05
H2-ENC005979,HOSP044650,2022-05-31,Inpatient,H2-PROV0009,DEPT010,91391,2020-04-18,2026-06-25
H2-ENC005980,HOSP049720,2023-11-01,Outpatient,H2-PROV0004,DEPT006,64840,2025-07-23,2023-05-02
H2-ENC005981,HOSP036202,2026-01-19,Emergency,H2-PROV0030,DEPT017,60966,2025-10-27,2022-02-13
H2-ENC005982,HOSP048754,2020-12-09,Emergency,H2-PROV0024,DEPT014,63341,2026-09-08,2021-12-10
H2-ENC005983,HOSP048442,2021-07-16,Routine Checkup,H2-PROV0004,DEPT007,11845,2024-10-12,2022-01-23
H2-ENC005984,HOSP043444,2021-03-17,Outpatient,H2-PROV0007,DEPT019,91329,2022-06-09,2024-07-22
H2-ENC005985,HOSP039922,2025-04-04,Telemedicine,H2-PROV0006,DEPT012,69934,2023-03-05,2026-05-05
H2-ENC005986,HOSP000820,2021-08-17,Routine Checkup,H2-PROV0026,DEPT001,60751,2020-08-19,2026-09-13
H2-ENC005987,HOSP032124,2020-10-05,Inpatient,H2-PROV0006,DEPT017,82533,2021-05-25,2026-09-28
H2-ENC005988,HOSP034792,2020-11-26,Outpatient,H2-PROV0021,DEPT010,46388,2026-07-31,2021-07-07
H2-ENC005989,HOSP013813,2026-09-01,Routine Checkup,H2-PROV0020,DEPT012,80998,2025-03-24,2022-06-07
H2-ENC005990,HOSP042585,2026-07-28,Routine Checkup,H2-PROV0007,DEPT018,57322,2024-12-29,2025-07-21
H2-ENC005991,HOSP007450,2021-05-23,Inpatient,H2-PROV0028,DEPT010,15804,2023-03-06,2025-11-22
H2-ENC005992,HOSP028970,2020-02-13,Telemedicine,H2-PROV0007,DEPT004,20113,2020-12-01,2026-05-22
H2-ENC005993,HOSP037748,2025-12-04,Emergency,H2-PROV0007,DEPT003,13705,2025-04-02,2022-12-21
H2-ENC005994,HOSP048863,2026-02-03,Routine Checkup,H2-PROV0011,DEPT012,97715,2023-08-25,2025-10-28
H2-ENC005995,HOSP039539,2022-03-14,Telemedicine,H2-PROV0021,DEPT017,74043,2026-07-30,2024-10-09
H2-ENC005996,HOSP029440,2020-09-21,Inpatient,H2-PROV0026,DEPT005,51293,2026-06-08,2023-12-30
H2-ENC005997,HOSP047835,2023-10-14,Routine Checkup,H2-PROV0022,DEPT020,60966,2022-08-26,2021-04-19
H2-ENC005998,HOSP011407,2024-02-14,Emergency,H2-PROV0014,DEPT019,17639,2026-09-15,2024-04-04
H2-ENC005999,HOSP041402,2020-04-16,Routine Checkup,H2-PROV0029,DEPT015,63423,2020-01-15,2020-03-09
H2-ENC006000,HOSP016352,2025-09-18,Telemedicine,H2-PROV0012,DEPT013,69247,2023-12-20,2023-10-25
H2-ENC006001,HOSP016439,2024-07-29,Outpatient,H2-PROV0005,DEPT015,99663,2026-07-09,2021-02-06
H2-ENC006002,HOSP033543,2020-11-05,Outpatient,H2-PROV0011,DEPT018,85707,2020-06-23,2023-03-02
H2-ENC006003,HOSP027884,2022-07-06,Outpatient,H2-PROV0020,DEPT009,54731,2023-10-27,2023-11-10
H2-ENC006004,HOSP025972,2026-05-12,Outpatient,H2-PROV0011,DEPT020,64075,2023-09-07,2022-12-24
H2-ENC006005,HOSP008286,2020-02-14,Outpatient,H2-PROV0002,DEPT009,42192,2026-06-16,2024-03-16
H2-ENC006006,HOSP028584,2026-08-08,Outpatient,H2-PROV0008,DEPT016,62642,2021-10-31,2025-11-22
H2-ENC006007,HOSP011281,2026-04-15,Emergency,H2-PROV0015,DEPT005,69052,2026-07-30,2021-03-27
H2-ENC006008,HOSP042821,2023-02-20,Telemedicine,H2-PROV0005,DEPT002,71697,2025-04-04,2024-12-26
H2-ENC006009,HOSP007300,2024-08-22,Telemedicine,H2-PROV0027,DEPT017,96643,2024-03-20,2022-11-15
H2-ENC006010,HOSP035575,2026-09-16,Outpatient,H2-PROV0012,DEPT016,31552,2022-01-04,2022-06-10
H2-ENC006011,HOSP010301,2024-09-23,Routine Checkup,H2-PROV0016,DEPT007,40255,2020-10-06,2022-02-24
H2-ENC006012,HOSP006658,2026-04-30,Telemedicine,H2-PROV0010,DEPT004,15787,2023-05-25,2022-10-16
H2-ENC006013,HOSP037949,2021-09-30,Outpatient,H2-PROV0021,DEPT010,89360,2022-07-22,2023-05-22
H2-ENC006014,HOSP008916,2020-04-01,Telemedicine,H2-PROV0001,DEPT006,31621,2021-02-11,2026-08-22
H2-ENC006015,HOSP019150,2026-08-04,Routine Checkup,H2-PROV0015,DEPT003,32873,2020-08-23,2023-12-15
H2-ENC006016,HOSP012837,2023-01-05,Outpatient,H2-PROV0029,DEPT001,79248,2022-01-05,2025-03-03
H2-ENC006017,HOSP034133,2022-07-22,Routine Checkup,H2-PROV0001,DEPT018,48917,2022-01-04,2021-04-13
H2-ENC006018,HOSP004658,2026-03-28,Emergency,H2-PROV0011,DEPT002,71302,2020-04-02,2024-03-08
H2-ENC006019,HOSP042355,2025-07-04,Routine Checkup,H2-PROV0005,DEPT012,38918,2020-02-26,2024-03-12
H2-ENC006020,HOSP030700,2024-02-15,Emergency,H2-PROV0004,DEPT016,28350,2023-02-18,2022-07-02
H2-ENC006021,HOSP017993,2024-09-29,Telemedicine,H2-PROV0006,DEPT012,74383,2026-01-13,2021-12-22
H2-ENC006022,HOSP008530,2025-05-27,Telemedicine,H2-PROV0019,DEPT003,35082,2023-12-03,2025-07-30
H2-ENC006023,HOSP018123,2024-04-21,Emergency,H2-PROV0022,DEPT015,42716,2024-05-14,2020-05-21
H2-ENC006024,HOSP048594,2021-06-19,Emergency,H2-PROV0001,DEPT004,31621,2025-11-17,2026-08-26
H2-ENC006025,HOSP005338,2022-07-16,Emergency,H2-PROV0028,DEPT011,94167,2026-04-10,2023-09-06
H2-ENC006026,HOSP031727,2026-09-12,Outpatient,H2-PROV0017,DEPT004,72105,2020-07-30,2020-06-09
H2-ENC006027,HOSP012894,2022-07-02,Inpatient,H2-PROV0013,DEPT016,35617,2021-07-10,2026-03-14
H2-ENC006028,HOSP016779,2024-05-14,Inpatient,H2-PROV0012,DEPT009,57102,2024-12-04,2021-10-31
H2-ENC006029,HOSP023936,2023-10-02,Inpatient,H2-PROV0013,DEPT014,73030,2024-04-14,2023-04-05
H2-ENC006030,HOSP014825,2024-02-25,Inpatient,H2-PROV0029,DEPT013,37486,2026-09-12,2023-02-13
H2-ENC006031,HOSP041134,2026-01-15,Emergency,H2-PROV0010,DEPT016,41536,2023-06-26,2024-06-29
H2-ENC006032,HOSP041056,2022-06-18,Emergency,H2-PROV0001,DEPT020,80648,2021-04-30,2024-11-10
H2-ENC006033,HOSP026058,2020-09-25,Telemedicine,H2-PROV0008,DEPT006,63714,2021-03-30,2022-04-24
H2-ENC006034,HOSP033744,2022-07-15,Outpatient,H2-PROV0010,DEPT020,90541,2025-06-14,2021-06-05
H2-ENC006035,HOSP005752,2026-05-28,Routine Checkup,H2-PROV0013,DEPT004,81013,2022-03-07,2022-11-19
H2-ENC006036,HOSP006616,2020-08-27,Outpatient,H2-PROV0011,DEPT003,99036,2022-01-16,2020-11-22
H2-ENC006037,HOSP025960,2020-08-27,Inpatient,H2-PROV0027,DEPT016,99557,2024-07-23,2021-12-28
H2-ENC006038,HOSP049490,2023-12-08,Outpatient,H2-PROV0002,DEPT019,25546,2021-04-30,2020-05-24
H2-ENC006039,HOSP000998,2024-04-04,Emergency,H2-PROV0021,DEPT017,16749,2025-05-24,2021-04-16
H2-ENC006040,HOSP039327,2022-08-24,Emergency,H2-PROV0014,DEPT002,32643,2025-08-21,2020-02-06
H2-ENC006041,HOSP020422,2022-10-13,Emergency,H2-PROV0001,DEPT010,70531,2020-11-19,2020-04-16
H2-ENC006042,HOSP042884,2024-09-28,Routine Checkup,H2-PROV0009,DEPT004,63341,2025-08-12,2020-08-21
H2-ENC006043,HOSP025107,2023-04-29,Routine Checkup,H2-PROV0019,DEPT016,33433,2021-02-12,2022-07-13
H2-ENC006044,HOSP029517,2025-11-16,Telemedicine,H2-PROV0010,DEPT004,91726,2020-07-24,2024-10-20
H2-ENC006045,HOSP038060,2021-02-05,Outpatient,H2-PROV0026,DEPT009,34551,2021-03-24,2020-08-30
H2-ENC006046,HOSP046873,2026-05-09,Telemedicine,H2-PROV0012,DEPT012,24028,2024-07-04,2020-02-20
H2-ENC006047,HOSP005278,2020-05-28,Telemedicine,H2-PROV0004,DEPT013,60360,2024-10-29,2026-01-24
H2-ENC006048,HOSP013295,2021-06-17,Outpatient,H2-PROV0008,DEPT009,73598,2022-09-05,2020-07-16
H2-ENC006049,HOSP012916,2025-06-16,Emergency,H2-PROV0016,DEPT007,85746,2020-03-29,2026-09-18
H2-ENC006050,HOSP037476,2020-11-24,Emergency,H2-PROV0005,DEPT013,26430,2023-10-17,2026-06-13
H2-ENC006051,HOSP036718,2026-08-25,Emergency,H2-PROV0016,DEPT010,99695,2022-03-22,2025-05-29
H2-ENC006052,HOSP017004,2020-04-03,Outpatient,H2-PROV0005,DEPT019,82323,2022-09-27,2022-10-28
H2-ENC006053,HOSP010854,2023-10-02,Outpatient,H2-PROV0017,DEPT003,27726,2020-11-25,2025-04-28
H2-ENC006054,HOSP023817,2024-05-21,Telemedicine,H2-PROV0011,DEPT016,96781,2026-05-03,2022-09-12
H2-ENC006055,HOSP023743,2023-01-08,Outpatient,H2-PROV0011,DEPT018,50401,2020-09-23,2026-08-15
H2-ENC006056,HOSP048525,2021-04-30,Telemedicine,H2-PROV0023,DEPT010,41536,2020-01-01,2025-07-09
H2-ENC006057,HOSP031275,2022-02-15,Emergency,H2-PROV0006,DEPT017,96904,2021-06-18,2023-08-03
H2-ENC006058,HOSP014864,2024-01-04,Routine Checkup,H2-PROV0023,DEPT008,70100,2025-11-08,2025-03-29
H2-ENC006059,HOSP029982,2023-12-14,Emergency,H2-PROV0003,DEPT019,96525,2025-07-06,2025-09-28
H2-ENC006060,HOSP041578,2020-08-05,Emergency,H2-PROV0021,DEPT009,78411,2021-05-21,2020-05-20
H2-ENC006061,HOSP021433,2025-03-05,Routine Checkup,H2-PROV0022,DEPT011,44323,2021-01-12,2023-08-11
H2-ENC006062,HOSP030625,2020-10-26,Outpatient,H2-PROV0007,DEPT007,76332,2026-03-14,2021-08-25
H2-ENC006063,HOSP048301,2020-02-12,Emergency,H2-PROV0014,DEPT005,59727,2024-05-18,2025-07-06
H2-ENC006064,HOSP031780,2022-02-27,Telemedicine,H2-PROV0030,DEPT017,30854,2024-10-30,2020-06-22
H2-ENC006065,HOSP025850,2020-05-15,Emergency,H2-PROV0029,DEPT004,91677,2020-08-14,2025-07-01
H2-ENC006066,HOSP040529,2025-08-26,Emergency,H2-PROV0008,DEPT019,76711,2021-10-06,2023-10-01
H2-ENC006067,HOSP047889,2022-07-31,Telemedicine,H2-PROV0018,DEPT010,30420,2025-03-28,2025-03-17
H2-ENC006068,HOSP032713,2022-04-24,Emergency,H2-PROV0021,DEPT009,94909,2026-09-13,2024-11-18
H2-ENC006069,HOSP006823,2023-08-09,Routine Checkup,H2-PROV0016,DEPT011,62328,2024-06-14,2024-07-27
H2-ENC006070,HOSP001252,2022-09-04,Inpatient,H2-PROV0022,DEPT013,51293,2023-05-22,2020-05-07
H2-ENC006071,HOSP001804,2020-02-09,Routine Checkup,H2-PROV0022,DEPT004,54345,2025-09-25,2022-04-25
H2-ENC006072,HOSP046009,2025-11-26,Routine Checkup,H2-PROV0011,DEPT004,12046,2024-09-21,2021-06-13
H2-ENC006073,HOSP028096,2020-10-30,Emergency,H2-PROV0024,DEPT019,90316,2023-08-26,2023-07-13
H2-ENC006074,HOSP041843,2023-10-22,Inpatient,H2-PROV0015,DEPT001,61742,2023-04-22,2024-06-10
H2-ENC006075,HOSP013086,2023-10-29,Routine Checkup,H2-PROV0003,DEPT012,56071,2022-10-30,2024-03-23
H2-ENC006076,HOSP026098,2021-01-19,Telemedicine,H2-PROV0030,DEPT018,38735,2020-08-31,2021-07-14
H2-ENC006077,HOSP021029,2022-06-11,Telemedicine,H2-PROV0022,DEPT008,43458,2024-01-21,2026-07-09
H2-ENC006078,HOSP011544,2020-03-17,Routine Checkup,H2-PROV0029,DEPT013,41594,2022-03-06,2022-11-07
H2-ENC006079,HOSP001239,2025-11-02,Routine Checkup,H2-PROV0023,DEPT017,47057,2023-01-12,2023-05-28
H2-ENC006080,HOSP004263,2023-07-13,Outpatient,H2-PROV0017,DEPT018,21397,2020-02-12,2025-02-23
H2-ENC006081,HOSP019355,2021-07-12,Emergency,H2-PROV0027,DEPT019,75182,2025-12-24,2023-03-03
H2-ENC006082,HOSP048474,2020-12-27,Routine Checkup,H2-PROV0013,DEPT001,39840,2025-02-04,2021-03-16
H2-ENC006083,HOSP042552,2022-01-22,Emergency,H2-PROV0007,DEPT001,41435,2024-12-04,2020-04-28
H2-ENC006084,HOSP005093,2023-01-28,Routine Checkup,H2-PROV0019,DEPT001,64511,2025-08-25,2021-01-05
H2-ENC006085,HOSP040985,2022-01-19,Inpatient,H2-PROV0003,DEPT007,76194,2023-09-18,2023-04-13
H2-ENC006086,HOSP035142,2022-10-09,Telemedicine,H2-PROV0004,DEPT002,48603,2022-01-28,2026-05-05
H2-ENC006087,HOSP006661,2026-01-12,Emergency,H2-PROV0030,DEPT017,96629,2024-02-27,2023-10-18
H2-ENC006088,HOSP036995,2023-07-29,Routine Checkup,H2-PROV0003,DEPT018,27527,2021-01-04,2025-11-08
H2-ENC006089,HOSP028154,2021-04-30,Emergency,H2-PROV0006,DEPT008,32087,2026-06-22,2021-07-17
H2-ENC006090,HOSP008983,2021-05-19,Routine Checkup,H2-PROV0019,DEPT007,79248,2020-12-30,2023-02-20
H2-ENC006091,HOSP045620,2021-07-17,Inpatient,H2-PROV0028,DEPT010,60883,2020-06-13,2020-06-17
H2-ENC006092,HOSP019069,2022-06-21,Routine Checkup,H2-PROV0014,DEPT008,25875,2024-01-01,2025-02-14
H2-ENC006093,HOSP002621,2022-02-23,Telemedicine,H2-PROV0026,DEPT014,77488,2023-06-08,2021-07-04
H2-ENC006094,HOSP018909,2024-11-04,Routine Checkup,H2-PROV0019,DEPT017,73843,2023-10-07,2025-02-22
H2-ENC006095,HOSP034640,2022-06-22,Emergency,H2-PROV0001,DEPT002,76908,2025-08-06,2026-09-19
H2-ENC006096,HOSP031963,2020-11-24,Telemedicine,H2-PROV0021,DEPT005,26828,2022-06-30,2022-05-24
H2-ENC006097,HOSP005094,2020-09-19,Telemedicine,H2-PROV0013,DEPT018,14989,2020-02-11,2020-05-26
H2-ENC006098,HOSP024783,2024-05-25,Emergency,H2-PROV0003,DEPT014,12888,2024-11-17,2020-05-30
H2-ENC006099,HOSP003664,2023-07-23,Inpatient,H2-PROV0029,DEPT015,46213,2024-08-26,2022-08-07
H2-ENC006100,HOSP022936,2024-02-29,Inpatient,H2-PROV0013,DEPT020,85154,2024-04-09,2023-11-15
H2-ENC006101,HOSP040804,2026-04-13,Inpatient,H2-PROV0024,DEPT010,44424,2026-04-20,2020-10-07
H2-ENC006102,HOSP026962,2020-11-21,Emergency,H2-PROV0004,DEPT010,60877,2026-04-19,2024-04-15
H2-ENC006103,HOSP033393,2021-07-09,Inpatient,H2-PROV0015,DEPT001,46444,2026-06-18,2022-03-07
H2-ENC006104,HOSP003760,2025-12-10,Routine Checkup,H2-PROV0010,DEPT004,26995,2026-03-08,2026-03-13
H2-ENC006105,HOSP026383,2023-08-05,Telemedicine,H2-PROV0022,DEPT020,40948,2024-01-30,2026-02-21
H2-ENC006106,HOSP004647,2025-12-26,Inpatient,H2-PROV0007,DEPT009,86172,2022-03-13,2024-11-19
H2-ENC006107,HOSP010304,2026-06-13,Inpatient,H2-PROV0006,DEPT009,16749,2021-10-07,2026-04-11
H2-ENC006108,HOSP026067,2021-10-30,Inpatient,H2-PROV0005,DEPT018,61631,2020-08-31,2020-06-25
H2-ENC006109,HOSP015315,2020-06-07,Telemedicine,H2-PROV0025,DEPT019,97491,2020-10-27,2026-08-29
H2-ENC006110,HOSP049635,2024-12-30,Inpatient,H2-PROV0012,DEPT020,58567,2024-11-09,2025-10-16
H2-ENC006111,HOSP034640,2021-08-06,Routine Checkup,H2-PROV0017,DEPT009,90838,2023-01-08,2020-04-24
H2-ENC006112,HOSP028054,2021-11-20,Routine Checkup,H2-PROV0030,DEPT020,85865,2024-11-20,2025-07-11
H2-ENC006113,HOSP046774,2020-08-31,Outpatient,H2-PROV0022,DEPT002,55566,2024-12-05,2021-02-21
H2-ENC006114,HOSP028335,2021-01-20,Telemedicine,H2-PROV0014,DEPT017,51371,2025-08-02,2020-06-13
H2-ENC006115,HOSP011717,2025-06-05,Outpatient,H2-PROV0007,DEPT001,97802,2021-04-02,2026-06-15
H2-ENC006116,HOSP044360,2024-03-01,Telemedicine,H2-PROV0026,DEPT015,90316,2021-11-10,2022-03-22
H2-ENC006117,HOSP003118,2026-03-06,Routine Checkup,H2-PROV0017,DEPT009,34096,2021-11-14,2023-01-28
H2-ENC006118,HOSP030052,2021-06-10,Emergency,H2-PROV0002,DEPT017,34629,2024-09-06,2020-07-25
H2-ENC006119,HOSP044278,2024-08-20,Routine Checkup,H2-PROV0013,DEPT004,57322,2021-01-28,2025-11-07
H2-ENC006120,HOSP004486,2021-10-29,Telemedicine,H2-PROV0007,DEPT011,75599,2026-03-29,2020-03-22
H2-ENC006121,HOSP035863,2021-03-15,Outpatient,H2-PROV0006,DEPT014,11200,2024-06-02,2020-07-23
H2-ENC006122,HOSP023113,2021-01-31,Emergency,H2-PROV0014,DEPT020,68824,2025-11-28,2020-10-22
H2-ENC006123,HOSP025439,2022-03-12,Outpatient,H2-PROV0028,DEPT003,64811,2026-03-11,2025-05-29
H2-ENC006124,HOSP017136,2026-04-17,Inpatient,H2-PROV0011,DEPT010,99885,2021-04-09,2023-09-01
H2-ENC006125,HOSP027810,2021-01-16,Outpatient,H2-PROV0001,DEPT004,11771,2023-03-31,2022-04-28
H2-ENC006126,HOSP002165,2026-04-17,Outpatient,H2-PROV0012,DEPT006,72404,2026-01-27,2022-08-26
H2-ENC006127,HOSP015783,2023-07-19,Routine Checkup,H2-PROV0028,DEPT008,55029,2022-04-18,2024-12-29
H2-ENC006128,HOSP026430,2025-09-29,Inpatient,H2-PROV0012,DEPT007,88891,2024-09-22,2024-08-10
H2-ENC006129,HOSP022606,2024-08-23,Emergency,H2-PROV0004,DEPT005,45144,2020-12-21,2021-01-05
H2-ENC006130,HOSP029338,2023-09-22,Inpatient,H2-PROV0001,DEPT010,42322,2022-08-08,2026-06-23
H2-ENC006131,HOSP044515,2023-11-11,Routine Checkup,H2-PROV0021,DEPT011,68543,2025-01-09,2020-10-22
H2-ENC006132,HOSP004664,2021-11-20,Inpatient,H2-PROV0023,DEPT013,54363,2026-04-22,2021-02-11
H2-ENC006133,HOSP043142,2020-05-01,Routine Checkup,H2-PROV0002,DEPT003,87560,2025-11-28,2023-12-08
H2-ENC006134,HOSP034494,2021-01-10,Inpatient,H2-PROV0018,DEPT001,76248,2021-09-02,2023-08-07
H2-ENC006135,HOSP047734,2022-12-07,Outpatient,H2-PROV0009,DEPT019,26725,2024-06-21,2024-12-15
H2-ENC006136,HOSP028665,2022-04-13,Outpatient,H2-PROV0007,DEPT012,66972,2021-07-17,2025-03-05
H2-ENC006137,HOSP010643,2026-04-25,Telemedicine,H2-PROV0004,DEPT016,21258,2022-05-21,2020-02-23
H2-ENC006138,HOSP013389,2020-01-25,Telemedicine,H2-PROV0015,DEPT001,76711,2021-02-28,2021-01-12
H2-ENC006139,HOSP010317,2021-06-18,Outpatient,H2-PROV0028,DEPT007,39610,2025-04-23,2025-06-13
H2-ENC006140,HOSP006932,2025-12-17,Emergency,H2-PROV0014,DEPT020,14988,2022-10-08,2025-04-04
H2-ENC006141,HOSP013378,2023-09-26,Emergency,H2-PROV0022,DEPT019,56966,2022-10-02,2025-08-25
H2-ENC006142,HOSP043805,2023-05-27,Outpatient,H2-PROV0021,DEPT003,93755,2020-11-10,2023-09-24
H2-ENC006143,HOSP047771,2021-02-15,Inpatient,H2-PROV0004,DEPT004,55214,2020-01-21,2022-09-28
H2-ENC006144,HOSP038723,2020-08-31,Routine Checkup,H2-PROV0018,DEPT006,73034,2021-06-21,2022-07-19
H2-ENC006145,HOSP005007,2022-07-26,Routine Checkup,H2-PROV0020,DEPT012,82062,2021-03-16,2025-07-17
H2-ENC006146,HOSP001514,2026-01-03,Telemedicine,H2-PROV0021,DEPT019,25350,2021-12-12,2025-08-18
H2-ENC006147,HOSP033921,2021-07-28,Telemedicine,H2-PROV0010,DEPT006,27850,2026-03-06,2023-06-10
H2-ENC006148,HOSP027728,2022-09-22,Inpatient,H2-PROV0015,DEPT010,79458,2023-11-10,2020-11-20
H2-ENC006149,HOSP008855,2024-08-01,Routine Checkup,H2-PROV0013,DEPT014,97505,2024-11-26,2020-01-01
H2-ENC006150,HOSP019683,2024-09-22,Telemedicine,H2-PROV0025,DEPT002,41291,2022-08-01,2026-04-02
H2-ENC006151,HOSP005759,2025-02-08,Outpatient,H2-PROV0017,DEPT017,20174,2025-03-11,2023-02-26
H2-ENC006152,HOSP024508,2026-09-24,Routine Checkup,H2-PROV0008,DEPT019,81495,2024-10-05,2024-12-30
H2-ENC006153,HOSP008958,2021-07-13,Inpatient,H2-PROV0020,DEPT017,90316,2022-03-28,2024-09-01
H2-ENC006154,HOSP025141,2025-01-20,Telemedicine,H2-PROV0013,DEPT018,11301,2022-03-19,2021-08-22
H2-ENC006155,HOSP009313,2022-12-04,Outpatient,H2-PROV0014,DEPT005,72092,2021-06-28,2025-11-16
H2-ENC006156,HOSP015824,2021-06-07,Telemedicine,H2-PROV0013,DEPT009,54731,2025-04-18,2020-09-23
H2-ENC006157,HOSP026697,2022-10-10,Emergency,H2-PROV0027,DEPT019,28151,2025-11-30,2020-04-24
H2-ENC006158,HOSP040201,2024-12-19,Outpatient,H2-PROV0004,DEPT013,30854,2020-10-03,2024-12-04
H2-ENC006159,HOSP003249,2022-04-20,Telemedicine,H2-PROV0010,DEPT019,55284,2025-07-29,2023-01-23
H2-ENC006160,HOSP046158,2024-11-29,Inpatient,H2-PROV0004,DEPT011,44545,2024-09-22,2022-05-12
H2-ENC006161,HOSP042553,2025-08-11,Inpatient,H2-PROV0011,DEPT004,91391,2024-03-31,2026-03-24
H2-ENC006162,HOSP032804,2026-06-26,Emergency,H2-PROV0023,DEPT014,90458,2020-11-16,2025-08-27
H2-ENC006163,HOSP048437,2025-02-21,Routine Checkup,H2-PROV0022,DEPT001,28826,2026-06-01,2024-11-23
H2-ENC006164,HOSP012349,2025-03-04,Routine Checkup,H2-PROV0016,DEPT003,79722,2025-01-24,2020-04-03
H2-ENC006165,HOSP022503,2021-08-31,Outpatient,H2-PROV0016,DEPT014,60075,2023-05-04,2023-04-07
H2-ENC006166,HOSP042863,2024-04-25,Inpatient,H2-PROV0007,DEPT001,51053,2025-05-21,2023-09-05
H2-ENC006167,HOSP003258,2020-03-15,Telemedicine,H2-PROV0002,DEPT007,62812,2023-01-04,2024-10-10
H2-ENC006168,HOSP022486,2021-07-10,Routine Checkup,H2-PROV0007,DEPT014,53879,2021-05-10,2021-11-16
H2-ENC006169,HOSP045742,2020-04-16,Routine Checkup,H2-PROV0012,DEPT014,46554,2020-01-29,2025-01-10
H2-ENC006170,HOSP030516,2020-12-26,Routine Checkup,H2-PROV0025,DEPT018,46256,2022-03-14,2020-07-08
H2-ENC006171,HOSP014878,2023-12-27,Inpatient,H2-PROV0030,DEPT008,37785,2021-06-03,2020-10-10
H2-ENC006172,HOSP035851,2020-08-07,Outpatient,H2-PROV0010,DEPT014,83372,2025-10-20,2025-03-14
H2-ENC006173,HOSP035649,2020-03-13,Emergency,H2-PROV0022,DEPT010,63177,2024-05-26,2020-07-13
H2-ENC006174,HOSP011857,2025-09-21,Outpatient,H2-PROV0030,DEPT006,63423,2024-05-02,2023-05-17
H2-ENC006175,HOSP006118,2022-06-04,Emergency,H2-PROV0002,DEPT002,97033,2021-05-27,2025-06-11
H2-ENC006176,HOSP030494,2022-07-10,Inpatient,H2-PROV0029,DEPT002,40842,2024-04-15,2025-01-10
H2-ENC006177,HOSP036927,2023-03-30,Routine Checkup,H2-PROV0016,DEPT007,44002,2024-02-24,2021-05-05
H2-ENC006178,HOSP041212,2023-09-04,Outpatient,H2-PROV0010,DEPT017,66620,2026-08-02,2021-08-07
H2-ENC006179,HOSP049247,2021-05-16,Outpatient,H2-PROV0025,DEPT020,25875,2020-09-14,2024-09-16
H2-ENC006180,HOSP034924,2020-12-06,Emergency,H2-PROV0019,DEPT001,73852,2025-03-15,2025-05-24
H2-ENC006181,HOSP026214,2024-10-26,Outpatient,H2-PROV0008,DEPT018,48603,2021-08-15,2021-12-05
H2-ENC006182,HOSP005686,2020-12-21,Routine Checkup,H2-PROV0027,DEPT020,35799,2020-02-12,2026-07-01
H2-ENC006183,HOSP017839,2025-04-17,Emergency,H2-PROV0011,DEPT019,25392,2024-08-04,2025-06-04
H2-ENC006184,HOSP035207,2021-02-02,Routine Checkup,H2-PROV0016,DEPT006,45673,2020-02-28,2026-03-09
H2-ENC006185,HOSP020619,2026-05-29,Telemedicine,H2-PROV0006,DEPT011,20290,2020-02-09,2026-07-29
H2-ENC006186,HOSP009643,2026-01-20,Inpatient,H2-PROV0020,DEPT015,25350,2022-08-19,2022-03-16
H2-ENC006187,HOSP048108,2020-07-27,Inpatient,H2-PROV0028,DEPT013,64993,2021-02-27,2021-04-28
H2-ENC006188,HOSP017661,2022-08-23,Outpatient,H2-PROV0002,DEPT008,20258,2026-05-12,2021-08-18
H2-ENC006189,HOSP011585,2021-08-29,Outpatient,H2-PROV0002,DEPT004,24371,2025-12-25,2024-09-01
H2-ENC006190,HOSP047559,2023-03-27,Outpatient,H2-PROV0005,DEPT008,60975,2026-04-22,2020-03-10
H2-ENC006191,HOSP040657,2020-06-21,Routine Checkup,H2-PROV0021,DEPT019,22275,2025-08-09,2022-03-08
H2-ENC006192,HOSP002717,2021-03-16,Outpatient,H2-PROV0018,DEPT012,60015,2021-06-16,2025-09-17
H2-ENC006193,HOSP001093,2024-12-24,Telemedicine,H2-PROV0029,DEPT007,54345,2021-03-21,2025-01-10
H2-ENC006194,HOSP023301,2026-09-25,Emergency,H2-PROV0030,DEPT003,70414,2026-03-05,2025-03-04
H2-ENC006195,HOSP036568,2021-06-14,Routine Checkup,H2-PROV0027,DEPT011,90885,2024-03-05,2023-06-05
H2-ENC006196,HOSP033412,2022-07-17,Emergency,H2-PROV0022,DEPT016,47609,2026-09-27,2022-10-30
H2-ENC006197,HOSP042202,2022-03-13,Routine Checkup,H2-PROV0022,DEPT006,92652,2021-06-20,2026-07-23
H2-ENC006198,HOSP006912,2020-12-04,Outpatient,H2-PROV0018,DEPT009,25546,2026-08-13,2023-08-24
H2-ENC006199,HOSP003967,2026-03-10,Emergency,H2-PROV0007,DEPT006,52613,2025-01-25,2021-09-22
H2-ENC006200,HOSP015887,2022-11-16,Emergency,H2-PROV0005,DEPT018,93323,2020-02-05,2021-09-25
H2-ENC006201,HOSP028405,2025-04-18,Telemedicine,H2-PROV0016,DEPT018,74413,2021-01-13,2021-06-05
H2-ENC006202,HOSP037842,2020-03-06,Inpatient,H2-PROV0008,DEPT017,60864,2026-04-22,2021-05-05
H2-ENC006203,HOSP034274,2022-06-08,Telemedicine,H2-PROV0027,DEPT001,99557,2022-07-15,2023-06-29
H2-ENC006204,HOSP048560,2021-09-14,Telemedicine,H2-PROV0002,DEPT020,86041,2023-09-28,2025-06-17
H2-ENC006205,HOSP002552,2021-01-20,Routine Checkup,H2-PROV0023,DEPT004,62642,2021-06-18,2023-07-09
H2-ENC006206,HOSP017399,2022-09-13,Emergency,H2-PROV0018,DEPT004,99752,2020-10-01,2024-09-10
H2-ENC006207,HOSP031825,2023-05-22,Outpatient,H2-PROV0030,DEPT005,95020,2026-04-11,2022-04-28
H2-ENC006208,HOSP011575,2025-06-05,Routine Checkup,H2-PROV0003,DEPT012,52613,2020-04-14,2020-05-28
H2-ENC006209,HOSP009153,2025-04-22,Inpatient,H2-PROV0027,DEPT011,72710,2020-05-30,2020-11-14
H2-ENC006210,HOSP003692,2022-08-08,Emergency,H2-PROV0024,DEPT007,83372,2025-05-05,2025-05-04
H2-ENC006211,HOSP035234,2026-07-26,Routine Checkup,H2-PROV0027,DEPT016,51570,2021-12-20,2021-03-12
H2-ENC006212,HOSP020373,2020-03-05,Routine Checkup,H2-PROV0010,DEPT008,29466,2023-08-15,2020-12-20
H2-ENC006213,HOSP038516,2026-06-14,Routine Checkup,H2-PROV0014,DEPT005,66527,2020-08-05,2022-05-11
H2-ENC006214,HOSP040024,2020-11-25,Outpatient,H2-PROV0022,DEPT013,24161,2025-11-13,2021-04-03
H2-ENC006215,HOSP033288,2023-07-23,Outpatient,H2-PROV0003,DEPT017,66972,2021-03-22,2021-07-09
H2-ENC006216,HOSP032831,2020-01-16,Inpatient,H2-PROV0016,DEPT016,39610,2024-12-20,2020-06-13
H2-ENC006217,HOSP048699,2026-03-29,Routine Checkup,H2-PROV0001,DEPT006,91985,2022-04-25,2026-06-08
H2-ENC006218,HOSP034864,2024-10-21,Emergency,H2-PROV0026,DEPT013,63423,2024-02-27,2020-10-07
H2-ENC006219,HOSP000864,2023-09-27,Emergency,H2-PROV0020,DEPT002,67522,2025-12-31,2024-11-26
H2-ENC006220,HOSP044590,2023-11-15,Outpatient,H2-PROV0010,DEPT003,44303,2021-01-21,2025-02-20
H2-ENC006221,HOSP005285,2025-11-29,Emergency,H2-PROV0016,DEPT006,33056,2020-03-15,2022-12-21
H2-ENC006222,HOSP042449,2026-09-18,Emergency,H2-PROV0007,DEPT009,24557,2025-02-09,2025-02-18
H2-ENC006223,HOSP030956,2024-04-06,Emergency,H2-PROV0002,DEPT016,79683,2022-11-21,2023-05-13
H2-ENC006224,HOSP049358,2026-08-31,Telemedicine,H2-PROV0007,DEPT005,46213,2026-07-31,2021-01-14
H2-ENC006225,HOSP020865,2020-12-23,Telemedicine,H2-PROV0001,DEPT014,88698,2022-01-19,2021-07-02
H2-ENC006226,HOSP047163,2021-12-01,Emergency,H2-PROV0004,DEPT013,45766,2021-04-07,2024-06-27
H2-ENC006227,HOSP037753,2023-05-22,Telemedicine,H2-PROV0009,DEPT007,58265,2025-03-31,2023-11-30
H2-ENC006228,HOSP033167,2025-01-05,Telemedicine,H2-PROV0018,DEPT005,32995,2020-01-29,2021-12-04
H2-ENC006229,HOSP014445,2025-11-29,Emergency,H2-PROV0019,DEPT009,80648,2025-06-07,2025-04-14
H2-ENC006230,HOSP046411,2026-05-16,Emergency,H2-PROV0001,DEPT011,81015,2025-12-15,2024-04-28
H2-ENC006231,HOSP005052,2021-10-15,Outpatient,H2-PROV0018,DEPT018,81015,2021-07-22,2023-10-29
H2-ENC006232,HOSP017493,2022-06-15,Outpatient,H2-PROV0028,DEPT018,65795,2020-12-11,2020-09-16
H2-ENC006233,HOSP017601,2020-11-27,Inpatient,H2-PROV0001,DEPT012,16020,2024-03-10,2026-02-24
H2-ENC006234,HOSP007160,2021-06-30,Inpatient,H2-PROV0008,DEPT001,16982,2022-11-23,2021-08-23
H2-ENC006235,HOSP044265,2020-12-01,Telemedicine,H2-PROV0027,DEPT007,60817,2023-08-17,2020-10-10
H2-ENC006236,HOSP036073,2026-07-14,Emergency,H2-PROV0020,DEPT004,40806,2026-07-21,2022-10-19
H2-ENC006237,HOSP038662,2021-04-22,Emergency,H2-PROV0008,DEPT010,63423,2026-03-16,2024-06-15
H2-ENC006238,HOSP035977,2026-09-09,Outpatient,H2-PROV0026,DEPT004,40502,2023-10-06,2024-01-02
H2-ENC006239,HOSP002678,2026-08-31,Inpatient,H2-PROV0019,DEPT011,72710,2023-05-12,2020-04-17
H2-ENC006240,HOSP038871,2022-06-11,Telemedicine,H2-PROV0004,DEPT014,39955,2024-08-08,2024-03-20
H2-ENC006241,HOSP022254,2026-03-22,Routine Checkup,H2-PROV0030,DEPT008,42322,2024-04-25,2022-11-06
H2-ENC006242,HOSP040968,2023-01-19,Outpatient,H2-PROV0016,DEPT013,49397,2021-05-15,2026-06-16
H2-ENC006243,HOSP011395,2025-12-29,Inpatient,H2-PROV0004,DEPT004,40806,2022-10-13,2022-08-08
H2-ENC006244,HOSP024230,2020-05-07,Emergency,H2-PROV0007,DEPT004,68143,2026-03-31,2026-04-26
H2-ENC006245,HOSP025588,2023-12-23,Telemedicine,H2-PROV0027,DEPT009,28759,2026-05-16,2022-09-30
H2-ENC006246,HOSP033109,2020-09-26,Inpatient,H2-PROV0004,DEPT007,30076,2024-03-24,2023-08-22
H2-ENC006247,HOSP042772,2023-10-09,Emergency,H2-PROV0021,DEPT010,12032,2021-05-10,2024-09-13
H2-ENC006248,HOSP036253,2026-02-14,Outpatient,H2-PROV0013,DEPT014,46814,2024-12-04,2023-09-07
H2-ENC006249,HOSP028432,2021-01-25,Outpatient,H2-PROV0008,DEPT018,53504,2023-10-01,2022-03-20
H2-ENC006250,HOSP033057,2022-04-02,Telemedicine,H2-PROV0019,DEPT009,11029,2024-07-08,2021-11-30
H2-ENC006251,HOSP025684,2026-06-15,Outpatient,H2-PROV0001,DEPT013,68587,2026-02-10,2023-02-24
H2-ENC006252,HOSP012595,2024-02-23,Telemedicine,H2-PROV0025,DEPT013,18346,2025-01-19,2023-06-06
H2-ENC006253,HOSP008085,2025-12-23,Inpatient,H2-PROV0003,DEPT005,42632,2021-10-24,2020-12-25
H2-ENC006254,HOSP030419,2022-06-02,Emergency,H2-PROV0014,DEPT012,29302,2025-08-30,2025-11-07
H2-ENC006255,HOSP047552,2023-06-25,Inpatient,H2-PROV0017,DEPT011,69934,2024-11-22,2020-01-09
H2-ENC006256,HOSP019183,2026-01-23,Outpatient,H2-PROV0017,DEPT004,58265,2021-06-04,2025-08-21
H2-ENC006257,HOSP004762,2025-01-07,Inpatient,H2-PROV0015,DEPT014,92652,2024-03-30,2026-09-24
H2-ENC006258,HOSP045848,2024-12-28,Outpatient,H2-PROV0024,DEPT008,92102,2022-02-01,2021-04-15
H2-ENC006259,HOSP033561,2021-10-07,Inpatient,H2-PROV0009,DEPT005,71258,2020-08-31,2020-09-05
H2-ENC006260,HOSP020325,2023-02-10,Inpatient,H2-PROV0023,DEPT001,67239,2021-02-21,2025-11-04
H2-ENC006261,HOSP002802,2020-02-06,Emergency,H2-PROV0025,DEPT020,46669,2023-10-17,2021-04-09
H2-ENC006262,HOSP048900,2026-07-25,Outpatient,H2-PROV0019,DEPT005,65966,2021-05-12,2021-10-14
H2-ENC006263,HOSP045646,2025-07-26,Emergency,H2-PROV0005,DEPT001,80461,2023-09-21,2022-01-05
H2-ENC006264,HOSP037196,2021-07-20,Inpatient,H2-PROV0001,DEPT007,60015,2023-08-25,2024-01-11
H2-ENC006265,HOSP021960,2020-12-28,Routine Checkup,H2-PROV0021,DEPT020,25546,2025-06-10,2026-08-25
H2-ENC006266,HOSP043260,2024-06-11,Outpatient,H2-PROV0015,DEPT015,86865,2025-09-07,2021-10-07
H2-ENC006267,HOSP043808,2024-06-03,Inpatient,H2-PROV0016,DEPT003,72068,2023-04-11,2020-05-14
H2-ENC006268,HOSP018358,2023-11-02,Outpatient,H2-PROV0011,DEPT012,59546,2025-12-15,2023-10-28
H2-ENC006269,HOSP037015,2023-08-17,Outpatient,H2-PROV0022,DEPT020,45009,2026-09-09,2025-06-28
H2-ENC006270,HOSP022164,2025-07-25,Telemedicine,H2-PROV0020,DEPT019,61631,2022-11-18,2023-12-13
H2-ENC006271,HOSP035136,2023-11-18,Inpatient,H2-PROV0029,DEPT019,55835,2024-10-04,2022-04-30
H2-ENC006272,HOSP029229,2021-03-28,Outpatient,H2-PROV0010,DEPT013,25661,2020-06-17,2021-10-28
H2-ENC006273,HOSP008543,2021-12-12,Telemedicine,H2-PROV0011,DEPT020,35617,2020-12-01,2021-12-16
H2-ENC006274,HOSP002855,2023-12-10,Emergency,H2-PROV0023,DEPT018,90405,2021-07-25,2020-09-19
H2-ENC006275,HOSP047319,2025-03-31,Routine Checkup,H2-PROV0018,DEPT002,31621,2020-10-08,2023-03-21
H2-ENC006276,HOSP047012,2026-08-01,Outpatient,H2-PROV0016,DEPT002,39610,2023-06-18,2025-10-02
H2-ENC006277,HOSP000350,2022-09-20,Inpatient,H2-PROV0018,DEPT005,16578,2021-10-12,2024-04-23
H2-ENC006278,HOSP044677,2024-07-24,Emergency,H2-PROV0010,DEPT009,34845,2024-12-16,2021-07-27
H2-ENC006279,HOSP025708,2021-05-14,Inpatient,H2-PROV0027,DEPT015,76711,2021-05-31,2023-03-05
H2-ENC006280,HOSP032493,2024-03-15,Outpatient,H2-PROV0021,DEPT015,84051,2022-07-11,2023-04-11
H2-ENC006281,HOSP022979,2021-10-11,Inpatient,H2-PROV0015,DEPT001,55369,2026-09-27,2023-07-27
H2-ENC006282,HOSP022140,2024-04-15,Routine Checkup,H2-PROV0017,DEPT006,63966,2024-07-06,2025-10-23
H2-ENC006283,HOSP007810,2022-01-15,Telemedicine,H2-PROV0030,DEPT016,96257,2024-07-04,2024-06-15
H2-ENC006284,HOSP027718,2023-03-11,Routine Checkup,H2-PROV0015,DEPT006,60071,2024-01-19,2020-08-16
H2-ENC006285,HOSP004938,2021-08-29,Routine Checkup,H2-PROV0028,DEPT002,16060,2021-12-25,2025-04-22
H2-ENC006286,HOSP016930,2026-08-19,Inpatient,H2-PROV0004,DEPT020,42192,2023-02-26,2024-03-20
H2-ENC006287,HOSP003446,2021-10-04,Emergency,H2-PROV0022,DEPT011,88440,2023-06-28,2025-10-13
H2-ENC006288,HOSP009395,2026-01-17,Telemedicine,H2-PROV0001,DEPT007,60883,2021-03-10,2025-05-27
H2-ENC006289,HOSP002823,2026-04-04,Outpatient,H2-PROV0020,DEPT007,20483,2021-04-01,2024-12-24
H2-ENC006290,HOSP011357,2022-02-21,Emergency,H2-PROV0018,DEPT014,84421,2025-01-02,2023-03-18
H2-ENC006291,HOSP001574,2024-08-13,Routine Checkup,H2-PROV0004,DEPT013,79722,2025-02-27,2026-05-15
H2-ENC006292,HOSP036238,2026-04-07,Emergency,H2-PROV0022,DEPT017,97014,2020-03-17,2020-12-11
H2-ENC006293,HOSP049645,2020-01-08,Routine Checkup,H2-PROV0007,DEPT002,81402,2022-02-09,2023-07-07
H2-ENC006294,HOSP029856,2020-04-18,Emergency,H2-PROV0014,DEPT004,20476,2026-08-25,2020-06-13
H2-ENC006295,HOSP034617,2021-07-13,Inpatient,H2-PROV0017,DEPT011,16973,2022-11-07,2023-10-25
H2-ENC006296,HOSP001535,2021-02-03,Telemedicine,H2-PROV0023,DEPT010,80121,2025-06-09,2021-01-23
H2-ENC006297,HOSP000303,2023-05-10,Emergency,H2-PROV0028,DEPT017,72092,2023-12-15,2022-02-24
H2-ENC006298,HOSP003247,2021-06-02,Emergency,H2-PROV0028,DEPT018,90497,2021-12-20,2021-09-02
H2-ENC006299,HOSP014623,2022-03-31,Outpatient,H2-PROV0001,DEPT007,88698,2020-01-26,2023-03-29
H2-ENC006300,HOSP032489,2021-03-27,Telemedicine,H2-PROV0010,DEPT013,82995,2022-11-20,2022-05-08
H2-ENC006301,HOSP015488,2020-03-29,Telemedicine,H2-PROV0006,DEPT014,82995,2022-03-16,2021-06-28
H2-ENC006302,HOSP036078,2022-03-09,Inpatient,H2-PROV0028,DEPT018,73742,2024-04-05,2024-12-09
H2-ENC006303,HOSP028680,2020-07-01,Outpatient,H2-PROV0011,DEPT003,39256,2025-12-12,2023-05-06
H2-ENC006304,HOSP048542,2022-04-04,Inpatient,H2-PROV0005,DEPT005,71302,2021-12-07,2022-04-09
H2-ENC006305,HOSP003181,2021-04-23,Outpatient,H2-PROV0023,DEPT007,46440,2020-10-16,2025-11-03
H2-ENC006306,HOSP025032,2024-08-09,Inpatient,H2-PROV0014,DEPT016,57363,2021-12-09,2022-07-16
H2-ENC006307,HOSP003146,2024-12-09,Routine Checkup,H2-PROV0008,DEPT016,48025,2022-08-16,2026-01-31
H2-ENC006308,HOSP023843,2020-10-21,Telemedicine,H2-PROV0021,DEPT001,49397,2026-05-29,2026-07-24
H2-ENC006309,HOSP044955,2022-11-18,Emergency,H2-PROV0013,DEPT012,75774,2023-07-31,2024-03-11
H2-ENC006310,HOSP009843,2022-10-21,Outpatient,H2-PROV0014,DEPT017,41536,2022-06-07,2023-10-16
H2-ENC006311,HOSP029724,2025-01-21,Emergency,H2-PROV0030,DEPT005,54867,2024-07-28,2023-10-26
H2-ENC006312,HOSP020324,2021-06-13,Inpatient,H2-PROV0011,DEPT001,66028,2025-08-20,2025-07-05
H2-ENC006313,HOSP016324,2026-01-05,Telemedicine,H2-PROV0016,DEPT006,98121,2026-04-18,2020-06-18
H2-ENC006314,HOSP011258,2020-02-21,Inpatient,H2-PROV0005,DEPT001,45673,2023-09-24,2020-09-26
H2-ENC006315,HOSP030718,2025-07-24,Inpatient,H2-PROV0026,DEPT017,74768,2023-10-30,2022-01-23
H2-ENC006316,HOSP040812,2021-04-04,Emergency,H2-PROV0025,DEPT001,23826,2022-05-07,2020-07-18
H2-ENC006317,HOSP023354,2026-07-29,Inpatient,H2-PROV0030,DEPT001,41415,2021-01-31,2023-02-15
H2-ENC006318,HOSP014215,2023-04-19,Telemedicine,H2-PROV0023,DEPT013,91391,2024-07-02,2022-06-15
H2-ENC006319,HOSP045323,2020-10-05,Telemedicine,H2-PROV0024,DEPT003,79992,2025-05-08,2025-03-05
H2-ENC006320,HOSP011944,2024-01-05,Routine Checkup,H2-PROV0019,DEPT012,39529,2024-08-06,2023-11-23
H2-ENC006321,HOSP029633,2021-02-02,Emergency,H2-PROV0004,DEPT005,80461,2024-02-09,2021-08-17
H2-ENC006322,HOSP019548,2021-02-25,Inpatient,H2-PROV0020,DEPT011,39231,2024-12-12,2022-01-12
H2-ENC006323,HOSP016284,2021-08-02,Inpatient,H2-PROV0019,DEPT018,27801,2022-05-18,2025-10-05
H2-ENC006324,HOSP002332,2026-09-10,Inpatient,H2-PROV0017,DEPT016,68535,2025-08-19,2025-10-20
H2-ENC006325,HOSP034659,2024-10-28,Emergency,H2-PROV0013,DEPT002,81503,2020-10-02,2023-06-08
H2-ENC006326,HOSP030994,2021-01-07,Inpatient,H2-PROV0012,DEPT020,96452,2021-12-01,2025-07-15
H2-ENC006327,HOSP049122,2024-08-02,Outpatient,H2-PROV0009,DEPT014,22379,2022-12-03,2025-10-25
H2-ENC006328,HOSP036704,2021-09-06,Telemedicine,H2-PROV0013,DEPT011,27204,2020-09-19,2020-08-26
H2-ENC006329,HOSP010832,2026-06-16,Inpatient,H2-PROV0021,DEPT011,98690,2025-09-27,2020-01-09
H2-ENC006330,HOSP026234,2026-07-23,Emergency,H2-PROV0006,DEPT015,24383,2022-01-16,2024-02-20
H2-ENC006331,HOSP010013,2020-12-18,Inpatient,H2-PROV0003,DEPT010,92521,2020-10-06,2020-07-25
H2-ENC006332,HOSP011021,2020-08-03,Emergency,H2-PROV0009,DEPT003,33195,2024-09-01,2025-12-28
H2-ENC006333,HOSP047046,2020-05-02,Telemedicine,H2-PROV0017,DEPT002,16270,2024-08-04,2022-02-07
H2-ENC006334,HOSP036593,2022-12-01,Inpatient,H2-PROV0026,DEPT017,24557,2022-01-11,2023-01-02
H2-ENC006335,HOSP009846,2023-06-01,Outpatient,H2-PROV0016,DEPT020,76908,2025-11-29,2021-08-31
H2-ENC006336,HOSP021032,2024-04-06,Emergency,H2-PROV0027,DEPT019,49410,2021-01-27,2023-07-16
H2-ENC006337,HOSP007030,2025-03-09,Inpatient,H2-PROV0019,DEPT017,60263,2024-01-23,2025-12-23
H2-ENC006338,HOSP019781,2025-08-22,Emergency,H2-PROV0004,DEPT019,76686,2022-07-15,2020-08-13
H2-ENC006339,HOSP026301,2020-10-17,Outpatient,H2-PROV0030,DEPT016,12930,2025-01-18,2023-10-13
H2-ENC006340,HOSP004226,2023-11-17,Inpatient,H2-PROV0014,DEPT020,68143,2020-02-02,2020-09-11
H2-ENC006341,HOSP039888,2024-07-02,Outpatient,H2-PROV0009,DEPT015,76686,2021-08-19,2026-07-15
H2-ENC006342,HOSP032071,2025-01-18,Inpatient,H2-PROV0011,DEPT012,41536,2022-02-05,2025-10-16
H2-ENC006343,HOSP040319,2025-05-06,Telemedicine,H2-PROV0006,DEPT001,46669,2021-08-31,2024-11-20
H2-ENC006344,HOSP021005,2023-12-09,Emergency,H2-PROV0005,DEPT020,28569,2020-07-23,2024-01-01
H2-ENC006345,HOSP013895,2026-08-25,Routine Checkup,H2-PROV0005,DEPT020,57849,2024-09-22,2020-01-17
H2-ENC006346,HOSP028520,2020-05-03,Telemedicine,H2-PROV0004,DEPT013,94937,2025-11-05,2024-08-29
H2-ENC006347,HOSP004960,2024-10-30,Telemedicine,H2-PROV0020,DEPT002,81171,2025-05-16,2020-01-24
H2-ENC006348,HOSP038212,2020-08-27,Telemedicine,H2-PROV0025,DEPT012,58651,2025-01-22,2025-10-04
H2-ENC006349,HOSP015380,2026-07-13,Emergency,H2-PROV0014,DEPT015,75294,2021-08-05,2023-06-20
H2-ENC006350,HOSP026028,2024-12-15,Telemedicine,H2-PROV0015,DEPT005,84874,2020-04-11,2026-07-03
H2-ENC006351,HOSP014051,2020-07-13,Telemedicine,H2-PROV0014,DEPT002,16270,2023-07-21,2025-07-24
H2-ENC006352,HOSP008504,2023-01-25,Emergency,H2-PROV0009,DEPT015,75480,2023-07-02,2026-01-08
H2-ENC006353,HOSP045611,2024-10-21,Telemedicine,H2-PROV0014,DEPT006,12472,2023-08-24,2022-11-30
H2-ENC006354,HOSP041822,2023-02-11,Inpatient,H2-PROV0030,DEPT015,22293,2023-12-11,2020-08-29
H2-ENC006355,HOSP019796,2024-07-10,Outpatient,H2-PROV0009,DEPT012,16060,2023-02-03,2021-09-22
H2-ENC006356,HOSP036232,2024-10-14,Outpatient,H2-PROV0009,DEPT018,25738,2020-02-18,2021-03-22
H2-ENC006357,HOSP004878,2024-06-04,Outpatient,H2-PROV0008,DEPT020,67423,2026-02-04,2026-04-08
H2-ENC006358,HOSP021129,2024-01-27,Outpatient,H2-PROV0012,DEPT018,90758,2020-05-29,2024-12-06
H2-ENC006359,HOSP016109,2025-02-20,Emergency,H2-PROV0003,DEPT010,31441,2020-12-15,2023-08-10
H2-ENC006360,HOSP005508,2024-07-21,Outpatient,H2-PROV0002,DEPT012,40000,2025-09-17,2022-01-04
H2-ENC006361,HOSP024469,2023-12-21,Telemedicine,H2-PROV0027,DEPT014,47609,2024-03-29,2021-02-23
H2-ENC006362,HOSP018110,2025-05-22,Outpatient,H2-PROV0004,DEPT018,28826,2022-01-11,2026-03-10
H2-ENC006363,HOSP022565,2025-05-08,Telemedicine,H2-PROV0022,DEPT019,22212,2026-05-17,2025-11-06
H2-ENC006364,HOSP002452,2026-08-04,Emergency,H2-PROV0010,DEPT011,73752,2021-11-24,2022-03-19
H2-ENC006365,HOSP016404,2022-09-24,Inpatient,H2-PROV0012,DEPT017,96898,2026-07-24,2026-09-10
H2-ENC006366,HOSP028345,2026-01-23,Outpatient,H2-PROV0022,DEPT004,15076,2022-06-07,2025-04-27
H2-ENC006367,HOSP005913,2022-01-28,Telemedicine,H2-PROV0012,DEPT010,43287,2024-03-27,2024-07-24
H2-ENC006368,HOSP048768,2020-01-18,Telemedicine,H2-PROV0013,DEPT019,96652,2025-03-31,2024-11-12
H2-ENC006369,HOSP044379,2023-04-03,Telemedicine,H2-PROV0012,DEPT020,55214,2021-09-28,2021-01-19
H2-ENC006370,HOSP030382,2020-11-11,Outpatient,H2-PROV0024,DEPT020,66527,2021-02-15,2026-01-06
H2-ENC006371,HOSP044180,2026-09-04,Emergency,H2-PROV0008,DEPT020,60877,2020-06-30,2020-05-03
H2-ENC006372,HOSP047230,2020-12-30,Telemedicine,H2-PROV0008,DEPT010,71994,2022-07-14,2025-02-19
H2-ENC006373,HOSP045688,2025-02-24,Inpatient,H2-PROV0019,DEPT015,66033,2026-09-17,2023-10-20
H2-ENC006374,HOSP005370,2022-12-23,Telemedicine,H2-PROV0001,DEPT001,61429,2023-10-14,2021-04-18
H2-ENC006375,HOSP014401,2023-04-10,Routine Checkup,H2-PROV0011,DEPT019,48025,2020-04-05,2021-10-21
H2-ENC006376,HOSP027454,2023-10-15,Routine Checkup,H2-PROV0006,DEPT019,50070,2020-11-13,2021-06-15
H2-ENC006377,HOSP026128,2023-07-10,Routine Checkup,H2-PROV0029,DEPT005,99752,2024-08-08,2022-09-18
H2-ENC006378,HOSP007254,2021-12-19,Telemedicine,H2-PROV0027,DEPT014,67290,2025-05-31,2020-06-20
H2-ENC006379,HOSP025801,2024-04-01,Routine Checkup,H2-PROV0015,DEPT005,34493,2026-03-17,2022-02-16
H2-ENC006380,HOSP027071,2020-08-14,Telemedicine,H2-PROV0003,DEPT002,60969,2024-10-13,2021-06-19
H2-ENC006381,HOSP018786,2023-03-16,Outpatient,H2-PROV0009,DEPT004,20476,2020-09-16,2021-07-05
H2-ENC006382,HOSP001815,2026-09-07,Telemedicine,H2-PROV0005,DEPT001,94426,2021-03-21,2024-09-28
H2-ENC006383,HOSP008841,2024-04-13,Routine Checkup,H2-PROV0022,DEPT011,49122,2024-08-09,2024-07-06
H2-ENC006384,HOSP000411,2023-10-26,Telemedicine,H2-PROV0013,DEPT020,64881,2025-11-30,2024-12-01
H2-ENC006385,HOSP048330,2025-04-02,Routine Checkup,H2-PROV0028,DEPT008,33651,2025-11-21,2023-04-03
H2-ENC006386,HOSP010301,2025-07-27,Telemedicine,H2-PROV0001,DEPT015,95732,2025-01-18,2026-03-24
H2-ENC006387,HOSP039008,2026-03-02,Telemedicine,H2-PROV0022,DEPT013,70295,2022-11-19,2023-06-24
H2-ENC006388,HOSP038721,2023-03-17,Inpatient,H2-PROV0016,DEPT006,94218,2022-06-06,2021-04-02
H2-ENC006389,HOSP008090,2024-10-01,Outpatient,H2-PROV0022,DEPT001,81065,2022-07-20,2023-10-25
H2-ENC006390,HOSP039138,2024-09-14,Outpatient,H2-PROV0019,DEPT020,57109,2023-10-16,2026-02-04
H2-ENC006391,HOSP031018,2023-01-27,Telemedicine,H2-PROV0012,DEPT012,96789,2026-04-27,2025-10-20
H2-ENC006392,HOSP045014,2022-05-13,Inpatient,H2-PROV0023,DEPT017,68143,2020-08-01,2023-12-27
H2-ENC006393,HOSP025381,2024-08-29,Emergency,H2-PROV0024,DEPT011,79936,2022-06-13,2020-03-28
H2-ENC006394,HOSP027307,2024-03-06,Routine Checkup,H2-PROV0009,DEPT006,82717,2021-05-08,2023-02-26
H2-ENC006395,HOSP018863,2024-04-16,Routine Checkup,H2-PROV0004,DEPT010,76908,2024-08-20,2025-11-19
H2-ENC006396,HOSP028527,2024-08-13,Routine Checkup,H2-PROV0020,DEPT002,59644,2024-02-26,2025-09-27
H2-ENC006397,HOSP033566,2026-09-18,Emergency,H2-PROV0023,DEPT009,17639,2022-09-14,2024-09-20
H2-ENC006398,HOSP042120,2024-01-30,Inpatient,H2-PROV0008,DEPT013,23057,2022-09-14,2020-07-13
H2-ENC006399,HOSP008704,2025-06-15,Outpatient,H2-PROV0004,DEPT001,97506,2021-05-21,2023-11-04
H2-ENC006400,HOSP049467,2024-07-31,Routine Checkup,H2-PROV0002,DEPT016,96411,2020-05-09,2020-06-02
H2-ENC006401,HOSP021146,2024-11-29,Telemedicine,H2-PROV0011,DEPT017,41123,2026-04-24,2023-02-02
H2-ENC006402,HOSP029431,2026-04-23,Outpatient,H2-PROV0008,DEPT018,78117,2020-08-25,2023-04-17
H2-ENC006403,HOSP041934,2024-05-23,Routine Checkup,H2-PROV0025,DEPT003,58086,2020-10-21,2023-07-27
H2-ENC006404,HOSP047603,2022-02-26,Telemedicine,H2-PROV0001,DEPT007,11646,2020-10-12,2025-04-28
H2-ENC006405,HOSP041274,2020-02-09,Emergency,H2-PROV0010,DEPT004,99036,2021-03-09,2021-01-09
H2-ENC006406,HOSP015646,2020-06-13,Inpatient,H2-PROV0016,DEPT004,31734,2025-05-05,2022-12-15
H2-ENC006407,HOSP042405,2022-09-03,Telemedicine,H2-PROV0002,DEPT001,49874,2020-06-03,2023-03-31
H2-ENC006408,HOSP015137,2021-10-02,Telemedicine,H2-PROV0005,DEPT007,21826,2022-09-21,2024-09-06
H2-ENC006409,HOSP040922,2024-01-01,Emergency,H2-PROV0029,DEPT009,99752,2022-02-27,2020-08-07
H2-ENC006410,HOSP008862,2024-09-29,Emergency,H2-PROV0030,DEPT004,54363,2024-04-28,2023-12-02
H2-ENC006411,HOSP027783,2024-07-14,Inpatient,H2-PROV0013,DEPT014,25738,2023-02-12,2020-06-24
H2-ENC006412,HOSP042751,2021-11-18,Routine Checkup,H2-PROV0009,DEPT014,37404,2022-05-16,2020-06-26
H2-ENC006413,HOSP024184,2024-08-20,Outpatient,H2-PROV0016,DEPT002,33469,2021-06-24,2022-08-26
H2-ENC006414,HOSP015866,2026-08-27,Outpatient,H2-PROV0003,DEPT002,33651,2022-03-03,2026-03-14
H2-ENC006415,HOSP006750,2023-12-29,Routine Checkup,H2-PROV0018,DEPT017,93323,2026-08-18,2021-04-06
H2-ENC006416,HOSP012261,2021-07-22,Inpatient,H2-PROV0008,DEPT017,76537,2025-11-10,2022-03-27
H2-ENC006417,HOSP046729,2022-05-10,Emergency,H2-PROV0021,DEPT007,78730,2021-01-28,2025-03-10
H2-ENC006418,HOSP015278,2026-08-13,Outpatient,H2-PROV0018,DEPT018,80648,2023-05-31,2021-10-10
H2-ENC006419,HOSP022391,2020-03-07,Telemedicine,H2-PROV0019,DEPT007,18346,2021-03-17,2025-11-03
H2-ENC006420,HOSP021018,2023-12-26,Outpatient,H2-PROV0028,DEPT015,98690,2023-05-25,2024-07-20
H2-ENC006421,HOSP036221,2020-09-24,Outpatient,H2-PROV0003,DEPT020,31649,2021-07-02,2021-12-03
H2-ENC006422,HOSP036326,2024-02-04,Emergency,H2-PROV0007,DEPT007,94937,2024-11-27,2022-10-23
H2-ENC006423,HOSP047993,2021-11-02,Telemedicine,H2-PROV0015,DEPT009,43706,2026-06-24,2023-03-12
H2-ENC006424,HOSP035959,2024-04-11,Outpatient,H2-PROV0020,DEPT002,83452,2022-12-09,2020-05-08
H2-ENC006425,HOSP010939,2020-03-13,Routine Checkup,H2-PROV0028,DEPT010,66527,2021-07-21,2026-08-01
H2-ENC006426,HOSP010255,2024-01-16,Inpatient,H2-PROV0021,DEPT014,64270,2022-03-01,2022-03-21
H2-ENC006427,HOSP010196,2025-07-03,Telemedicine,H2-PROV0018,DEPT004,72241,2020-07-11,2021-01-20
H2-ENC006428,HOSP039135,2024-11-22,Emergency,H2-PROV0019,DEPT005,20818,2024-05-30,2021-12-06
H2-ENC006429,HOSP048268,2021-10-18,Inpatient,H2-PROV0009,DEPT016,96903,2020-03-04,2022-09-19
H2-ENC006430,HOSP049102,2021-04-02,Outpatient,H2-PROV0021,DEPT015,76447,2022-09-01,2026-09-18
H2-ENC006431,HOSP030690,2021-08-13,Outpatient,H2-PROV0029,DEPT005,73742,2020-03-25,2023-05-02
H2-ENC006432,HOSP002180,2024-03-31,Telemedicine,H2-PROV0016,DEPT010,93755,2025-08-28,2025-07-04
H2-ENC006433,HOSP000791,2024-10-05,Routine Checkup,H2-PROV0025,DEPT012,26828,2022-07-12,2024-11-29
H2-ENC006434,HOSP043347,2020-06-11,Telemedicine,H2-PROV0004,DEPT020,88440,2026-08-14,2022-08-11
H2-ENC006435,HOSP000993,2022-02-14,Routine Checkup,H2-PROV0025,DEPT008,89746,2021-06-20,2020-09-13
H2-ENC006436,HOSP017004,2022-07-05,Inpatient,H2-PROV0021,DEPT011,34493,2022-05-07,2023-04-07
H2-ENC006437,HOSP007511,2022-01-29,Emergency,H2-PROV0004,DEPT003,50070,2026-04-11,2020-09-01
H2-ENC006438,HOSP034164,2021-04-14,Inpatient,H2-PROV0007,DEPT002,96898,2023-12-10,2022-06-05
H2-ENC006439,HOSP021580,2023-11-11,Telemedicine,H2-PROV0026,DEPT016,46256,2021-04-17,2025-12-14
H2-ENC006440,HOSP029727,2023-01-18,Inpatient,H2-PROV0027,DEPT010,39231,2026-06-07,2024-05-20
H2-ENC006441,HOSP012931,2020-07-15,Emergency,H2-PROV0020,DEPT009,50070,2026-08-15,2020-04-08
H2-ENC006442,HOSP039629,2021-07-26,Inpatient,H2-PROV0028,DEPT003,47378,2024-04-03,2024-01-18
H2-ENC006443,HOSP037728,2024-10-19,Outpatient,H2-PROV0021,DEPT016,25738,2022-12-24,2022-10-18
H2-ENC006444,HOSP018807,2020-07-11,Outpatient,H2-PROV0005,DEPT019,51588,2024-01-28,2025-07-17
H2-ENC006445,HOSP008602,2021-01-24,Outpatient,H2-PROV0019,DEPT010,88698,2020-11-20,2026-06-05
H2-ENC006446,HOSP037248,2025-03-11,Emergency,H2-PROV0002,DEPT010,46095,2023-02-15,2022-10-01
H2-ENC006447,HOSP022523,2020-07-24,Routine Checkup,H2-PROV0015,DEPT012,25152,2024-04-03,2021-02-12
H2-ENC006448,HOSP026357,2026-01-23,Inpatient,H2-PROV0022,DEPT013,72241,2021-07-04,2021-10-13
H2-ENC006449,HOSP002411,2020-04-08,Emergency,H2-PROV0001,DEPT001,18688,2021-12-17,2020-03-26
H2-ENC006450,HOSP001284,2020-09-01,Outpatient,H2-PROV0003,DEPT008,56393,2021-03-22,2025-06-25
H2-ENC006451,HOSP021552,2025-03-23,Inpatient,H2-PROV0013,DEPT001,34551,2023-11-21,2020-11-17
H2-ENC006452,HOSP013477,2023-04-01,Inpatient,H2-PROV0010,DEPT012,57109,2024-08-17,2020-06-01
H2-ENC006453,HOSP034278,2020-03-14,Outpatient,H2-PROV0027,DEPT017,28652,2020-05-25,2023-03-21
H2-ENC006454,HOSP013676,2021-01-05,Outpatient,H2-PROV0008,DEPT005,12032,2024-03-03,2025-01-20
H2-ENC006455,HOSP046516,2020-07-08,Telemedicine,H2-PROV0019,DEPT008,10703,2026-07-15,2020-04-23
H2-ENC006456,HOSP022985,2021-11-23,Inpatient,H2-PROV0008,DEPT020,98690,2020-05-30,2025-12-14
H2-ENC006457,HOSP002674,2024-01-09,Outpatient,H2-PROV0002,DEPT007,71697,2023-07-20,2021-03-08
H2-ENC006458,HOSP043638,2022-06-21,Emergency,H2-PROV0017,DEPT007,76908,2026-07-31,2022-10-07
H2-ENC006459,HOSP035537,2024-05-09,Inpatient,H2-PROV0018,DEPT002,18752,2025-01-14,2026-01-01
H2-ENC006460,HOSP048062,2020-08-07,Telemedicine,H2-PROV0027,DEPT012,62815,2020-10-22,2021-10-25
H2-ENC006461,HOSP025888,2021-12-14,Outpatient,H2-PROV0003,DEPT015,20174,2023-07-15,2022-05-19
H2-ENC006462,HOSP015143,2024-03-23,Emergency,H2-PROV0016,DEPT019,12415,2022-05-13,2026-09-08
H2-ENC006463,HOSP035139,2022-08-16,Telemedicine,H2-PROV0006,DEPT004,21309,2025-03-27,2022-08-22
H2-ENC006464,HOSP009746,2020-01-11,Routine Checkup,H2-PROV0016,DEPT015,67519,2025-07-15,2021-06-07
H2-ENC006465,HOSP027665,2024-07-24,Telemedicine,H2-PROV0002,DEPT020,41536,2021-11-15,2025-07-20
H2-ENC006466,HOSP032858,2024-08-28,Routine Checkup,H2-PROV0009,DEPT017,13814,2020-06-29,2020-06-11
H2-ENC006467,HOSP013561,2021-03-20,Routine Checkup,H2-PROV0006,DEPT001,35215,2020-04-26,2021-05-23
H2-ENC006468,HOSP040334,2026-02-15,Routine Checkup,H2-PROV0008,DEPT002,63423,2024-07-11,2022-09-03
H2-ENC006469,HOSP042474,2023-05-18,Inpatient,H2-PROV0008,DEPT009,30764,2020-03-03,2024-11-05
H2-ENC006470,HOSP012726,2020-06-01,Outpatient,H2-PROV0016,DEPT017,22379,2020-10-20,2024-12-29
H2-ENC006471,HOSP027091,2026-01-08,Emergency,H2-PROV0014,DEPT006,27801,2022-11-21,2023-07-13
H2-ENC006472,HOSP044543,2024-01-29,Routine Checkup,H2-PROV0020,DEPT004,81979,2020-06-15,2024-04-02
H2-ENC006473,HOSP039649,2025-08-03,Inpatient,H2-PROV0030,DEPT017,18108,2026-07-29,2026-10-05
H2-ENC006474,HOSP045191,2026-08-07,Routine Checkup,H2-PROV0019,DEPT008,69247,2020-05-03,2022-01-29
H2-ENC006475,HOSP024156,2020-03-21,Outpatient,H2-PROV0011,DEPT003,51011,2024-08-14,2022-10-02
H2-ENC006476,HOSP036199,2023-06-28,Inpatient,H2-PROV0013,DEPT014,72365,2025-12-14,2020-10-28
H2-ENC006477,HOSP004164,2023-06-25,Outpatient,H2-PROV0019,DEPT001,72979,2022-04-18,2021-07-05
H2-ENC006478,HOSP049535,2020-06-29,Inpatient,H2-PROV0019,DEPT010,71697,2026-03-13,2020-06-26
H2-ENC006479,HOSP013604,2025-09-06,Outpatient,H2-PROV0004,DEPT017,17352,2025-07-14,2022-12-26
H2-ENC006480,HOSP012411,2023-09-21,Outpatient,H2-PROV0011,DEPT019,38735,2026-01-20,2024-09-30
H2-ENC006481,HOSP035314,2024-01-29,Routine Checkup,H2-PROV0019,DEPT014,71697,2023-05-22,2024-04-13
H2-ENC006482,HOSP029632,2020-06-21,Outpatient,H2-PROV0027,DEPT007,95020,2021-11-13,2023-05-31
H2-ENC006483,HOSP043535,2023-04-23,Emergency,H2-PROV0009,DEPT017,15136,2025-06-30,2023-03-12
H2-ENC006484,HOSP010981,2025-03-07,Emergency,H2-PROV0030,DEPT014,24279,2020-03-26,2022-12-26
H2-ENC006485,HOSP024013,2021-01-23,Routine Checkup,H2-PROV0006,DEPT006,59644,2024-02-09,2023-12-16
H2-ENC006486,HOSP028339,2021-04-07,Emergency,H2-PROV0010,DEPT016,54345,2021-08-06,2023-03-10
H2-ENC006487,HOSP004418,2026-03-14,Emergency,H2-PROV0001,DEPT001,68319,2024-11-19,2021-01-28
H2-ENC006488,HOSP023360,2020-12-17,Emergency,H2-PROV0007,DEPT019,72404,2020-10-03,2024-10-31
H2-ENC006489,HOSP030464,2025-06-10,Outpatient,H2-PROV0007,DEPT010,57355,2025-06-04,2024-09-08
H2-ENC006490,HOSP025183,2026-07-02,Inpatient,H2-PROV0015,DEPT007,91677,2024-07-30,2024-08-29
H2-ENC006491,HOSP042153,2025-12-04,Inpatient,H2-PROV0014,DEPT006,49122,2023-08-18,2021-03-18
H2-ENC006492,HOSP014971,2020-04-13,Inpatient,H2-PROV0020,DEPT017,60864,2024-06-22,2020-08-19
H2-ENC006493,HOSP011097,2022-05-10,Telemedicine,H2-PROV0030,DEPT001,51053,2024-07-26,2026-05-15
H2-ENC006494,HOSP006982,2025-06-27,Emergency,H2-PROV0026,DEPT016,90392,2023-11-28,2021-06-05
H2-ENC006495,HOSP007322,2025-06-20,Telemedicine,H2-PROV0022,DEPT012,75790,2020-07-15,2022-03-02
H2-ENC006496,HOSP020633,2023-11-24,Outpatient,H2-PROV0024,DEPT019,51053,2022-01-19,2023-11-16
H2-ENC006497,HOSP014817,2023-07-11,Telemedicine,H2-PROV0006,DEPT007,62990,2023-03-26,2024-10-10
H2-ENC006498,HOSP005300,2025-11-07,Inpatient,H2-PROV0006,DEPT001,66033,2020-10-19,2025-02-05
H2-ENC006499,HOSP015573,2020-06-10,Telemedicine,H2-PROV0030,DEPT011,96525,2026-04-25,2024-09-02
H2-ENC006500,HOSP018178,2021-11-20,Outpatient,H2-PROV0007,DEPT012,92506,2021-02-16,2023-02-04
H2-ENC006501,HOSP027785,2025-12-21,Emergency,H2-PROV0017,DEPT004,84874,2020-06-08,2022-03-15
H2-ENC006502,HOSP041842,2023-11-03,Routine Checkup,H2-PROV0011,DEPT008,12718,2022-12-03,2021-07-05
H2-ENC006503,HOSP046552,2021-03-24,Telemedicine,H2-PROV0015,DEPT015,71302,2025-08-06,2021-02-23
H2-ENC006504,HOSP035594,2024-01-24,Outpatient,H2-PROV0004,DEPT001,89688,2022-11-05,2026-08-18
H2-ENC006505,HOSP034707,2022-11-10,Routine Checkup,H2-PROV0028,DEPT015,85873,2022-10-13,2020-05-12
H2-ENC006506,HOSP012375,2022-12-23,Inpatient,H2-PROV0021,DEPT004,60608,2023-12-29,2024-11-10
H2-ENC006507,HOSP023721,2023-06-29,Outpatient,H2-PROV0004,DEPT018,26754,2020-05-05,2025-10-05
H2-ENC006508,HOSP008640,2021-11-01,Outpatient,H2-PROV0007,DEPT014,50401,2020-08-15,2024-04-26
H2-ENC006509,HOSP030761,2026-03-02,Telemedicine,H2-PROV0023,DEPT006,43631,2026-10-04,2025-10-21
H2-ENC006510,HOSP025457,2020-02-17,Telemedicine,H2-PROV0014,DEPT003,81065,2021-10-03,2020-09-20
H2-ENC006511,HOSP027157,2026-01-05,Outpatient,H2-PROV0011,DEPT006,49502,2023-07-11,2020-06-15
H2-ENC006512,HOSP000313,2026-01-25,Outpatient,H2-PROV0015,DEPT012,87180,2024-06-16,2021-09-22
H2-ENC006513,HOSP028257,2022-02-25,Telemedicine,H2-PROV0019,DEPT020,54731,2021-07-08,2026-02-18
H2-ENC006514,HOSP006507,2023-07-30,Routine Checkup,H2-PROV0016,DEPT005,99861,2024-01-03,2024-11-20
H2-ENC006515,HOSP008752,2024-03-01,Outpatient,H2-PROV0010,DEPT007,94167,2025-09-19,2020-09-04
H2-ENC006516,HOSP011371,2020-07-11,Routine Checkup,H2-PROV0016,DEPT020,46026,2025-10-14,2022-08-11
H2-ENC006517,HOSP023285,2023-01-03,Routine Checkup,H2-PROV0029,DEPT017,41291,2026-09-18,2024-03-27
H2-ENC006518,HOSP027396,2020-08-23,Routine Checkup,H2-PROV0027,DEPT019,25738,2026-09-11,2020-10-10
H2-ENC006519,HOSP002102,2020-04-18,Telemedicine,H2-PROV0021,DEPT016,64287,2026-02-17,2020-01-23
H2-ENC006520,HOSP038086,2021-01-04,Routine Checkup,H2-PROV0009,DEPT014,51570,2024-07-19,2020-03-03
H2-ENC006521,HOSP006260,2022-04-30,Routine Checkup,H2-PROV0014,DEPT009,20868,2025-02-12,2026-07-03
H2-ENC006522,HOSP031116,2026-03-21,Routine Checkup,H2-PROV0016,DEPT012,71691,2025-02-17,2020-05-31
H2-ENC006523,HOSP041352,2020-08-16,Emergency,H2-PROV0018,DEPT005,89742,2023-04-01,2020-08-07
H2-ENC006524,HOSP005554,2020-09-17,Inpatient,H2-PROV0020,DEPT018,75802,2026-01-29,2021-08-12
H2-ENC006525,HOSP001358,2022-09-05,Telemedicine,H2-PROV0029,DEPT020,83562,2026-05-03,2024-02-26
H2-ENC006526,HOSP000002,2024-06-20,Telemedicine,H2-PROV0015,DEPT016,48096,2022-07-10,2020-08-22
H2-ENC006527,HOSP040366,2023-10-09,Routine Checkup,H2-PROV0016,DEPT004,29618,2023-06-17,2023-08-08
H2-ENC006528,HOSP020862,2022-04-23,Routine Checkup,H2-PROV0004,DEPT014,92667,2023-10-17,2022-08-02
H2-ENC006529,HOSP048328,2025-03-11,Outpatient,H2-PROV0013,DEPT005,45027,2022-01-04,2020-05-15
H2-ENC006530,HOSP037582,2026-07-23,Inpatient,H2-PROV0017,DEPT016,74107,2024-01-29,2026-08-31
H2-ENC006531,HOSP033507,2022-04-26,Telemedicine,H2-PROV0028,DEPT009,53313,2022-04-17,2025-05-18
H2-ENC006532,HOSP004372,2024-04-01,Emergency,H2-PROV0016,DEPT018,78741,2021-03-02,2020-02-13
H2-ENC006533,HOSP001217,2024-11-20,Telemedicine,H2-PROV0003,DEPT014,89688,2023-01-19,2026-02-11
H2-ENC006534,HOSP039452,2022-04-11,Outpatient,H2-PROV0014,DEPT018,54867,2026-05-03,2020-08-05
H2-ENC006535,HOSP007470,2026-06-22,Routine Checkup,H2-PROV0028,DEPT009,80695,2026-04-11,2021-07-30
H2-ENC006536,HOSP020968,2023-06-05,Telemedicine,H2-PROV0030,DEPT008,32900,2021-10-14,2022-05-19
H2-ENC006537,HOSP014359,2023-12-04,Outpatient,H2-PROV0005,DEPT001,33056,2022-11-27,2026-03-25
H2-ENC006538,HOSP028016,2024-03-11,Routine Checkup,H2-PROV0006,DEPT019,58567,2025-07-26,2022-11-30
H2-ENC006539,HOSP015677,2023-04-13,Emergency,H2-PROV0025,DEPT005,10346,2022-05-28,2022-01-21
H2-ENC006540,HOSP026666,2023-04-09,Inpatient,H2-PROV0001,DEPT019,54974,2021-12-02,2022-09-18
H2-ENC006541,HOSP020868,2020-07-11,Telemedicine,H2-PROV0002,DEPT005,96452,2025-07-18,2026-02-10
H2-ENC006542,HOSP021155,2023-07-06,Telemedicine,H2-PROV0020,DEPT006,12046,2026-03-29,2020-11-16
H2-ENC006543,HOSP033276,2024-11-06,Telemedicine,H2-PROV0015,DEPT015,59003,2023-07-04,2024-08-24
H2-ENC006544,HOSP027623,2020-09-23,Telemedicine,H2-PROV0009,DEPT007,54938,2021-05-12,2020-10-13
H2-ENC006545,HOSP012183,2021-01-04,Telemedicine,H2-PROV0008,DEPT018,77833,2024-03-06,2020-05-20
H2-ENC006546,HOSP002525,2024-06-13,Telemedicine,H2-PROV0017,DEPT006,50068,2026-01-14,2024-03-12
H2-ENC006547,HOSP007589,2023-08-01,Telemedicine,H2-PROV0006,DEPT010,70688,2020-09-20,2025-11-04
H2-ENC006548,HOSP020458,2025-11-26,Inpatient,H2-PROV0018,DEPT006,72220,2020-05-06,2026-03-19
H2-ENC006549,HOSP019413,2024-05-10,Telemedicine,H2-PROV0001,DEPT015,32900,2024-02-21,2021-12-26
H2-ENC006550,HOSP037041,2022-02-18,Routine Checkup,H2-PROV0030,DEPT003,88440,2020-07-04,2021-08-02
H2-ENC006551,HOSP015719,2025-04-14,Routine Checkup,H2-PROV0003,DEPT001,75182,2025-11-14,2022-07-07
H2-ENC006552,HOSP028865,2025-04-24,Outpatient,H2-PROV0006,DEPT018,75182,2021-12-12,2024-09-07
H2-ENC006553,HOSP012145,2020-12-23,Emergency,H2-PROV0005,DEPT007,43706,2020-07-29,2020-01-23
H2-ENC006554,HOSP044009,2025-05-06,Inpatient,H2-PROV0022,DEPT015,33654,2024-10-16,2024-05-15
H2-ENC006555,HOSP009528,2020-12-22,Routine Checkup,H2-PROV0005,DEPT010,40402,2026-06-13,2026-03-17
H2-ENC006556,HOSP020165,2024-08-23,Telemedicine,H2-PROV0005,DEPT005,80524,2023-06-20,2025-12-10
H2-ENC006557,HOSP048757,2023-10-08,Emergency,H2-PROV0005,DEPT011,74107,2026-01-27,2022-01-18
H2-ENC006558,HOSP041795,2020-05-26,Emergency,H2-PROV0030,DEPT013,66976,2022-11-18,2023-08-15
H2-ENC006559,HOSP030978,2021-01-24,Inpatient,H2-PROV0016,DEPT011,33195,2026-05-24,2026-07-05
H2-ENC006560,HOSP019709,2022-08-26,Telemedicine,H2-PROV0007,DEPT008,63423,2026-02-11,2025-01-25
H2-ENC006561,HOSP046919,2025-04-19,Inpatient,H2-PROV0009,DEPT016,13974,2024-08-23,2026-06-20
H2-ENC006562,HOSP038693,2020-05-23,Outpatient,H2-PROV0020,DEPT003,78323,2026-07-02,2022-02-07
H2-ENC006563,HOSP026930,2020-12-02,Inpatient,H2-PROV0021,DEPT001,47609,2026-04-10,2026-07-07
H2-ENC006564,HOSP037768,2022-01-09,Outpatient,H2-PROV0009,DEPT001,52613,2021-08-20,2025-10-29
H2-ENC006565,HOSP035524,2023-04-07,Inpatient,H2-PROV0024,DEPT003,64614,2023-12-23,2024-09-16
H2-ENC006566,HOSP045634,2025-04-28,Routine Checkup,H2-PROV0004,DEPT003,73843,2021-03-27,2026-03-24
H2-ENC006567,HOSP044991,2022-06-06,Inpatient,H2-PROV0020,DEPT014,24440,2023-02-04,2024-12-16
H2-ENC006568,HOSP035774,2021-01-17,Telemedicine,H2-PROV0012,DEPT004,26599,2025-11-14,2024-06-16
H2-ENC006569,HOSP048375,2026-01-12,Routine Checkup,H2-PROV0002,DEPT008,68428,2020-08-24,2021-01-24
H2-ENC006570,HOSP020228,2025-04-16,Telemedicine,H2-PROV0012,DEPT015,32227,2020-01-21,2021-05-13
H2-ENC006571,HOSP008886,2023-04-07,Inpatient,H2-PROV0030,DEPT015,45202,2023-12-30,2021-12-03
H2-ENC006572,HOSP038560,2024-01-16,Outpatient,H2-PROV0016,DEPT014,67519,2022-12-03,2021-01-25
H2-ENC006573,HOSP038229,2023-09-12,Emergency,H2-PROV0024,DEPT005,76686,2025-11-26,2023-05-04
H2-ENC006574,HOSP008637,2026-04-16,Outpatient,H2-PROV0024,DEPT009,49379,2025-05-24,2023-06-27
H2-ENC006575,HOSP043755,2022-11-12,Inpatient,H2-PROV0019,DEPT012,65252,2021-03-10,2023-06-19
H2-ENC006576,HOSP005121,2020-12-19,Inpatient,H2-PROV0010,DEPT009,61976,2023-12-10,2022-08-16
H2-ENC006577,HOSP027742,2021-03-02,Emergency,H2-PROV0027,DEPT002,96903,2025-12-17,2021-03-27
H2-ENC006578,HOSP045255,2020-06-15,Emergency,H2-PROV0014,DEPT011,69288,2025-03-27,2020-09-25
H2-ENC006579,HOSP006239,2021-05-31,Routine Checkup,H2-PROV0009,DEPT005,73034,2026-01-04,2021-12-11
H2-ENC006580,HOSP032462,2025-04-20,Emergency,H2-PROV0008,DEPT020,32873,2020-12-16,2025-10-27
H2-ENC006581,HOSP022722,2024-11-27,Outpatient,H2-PROV0020,DEPT005,53896,2025-11-25,2021-11-28
H2-ENC006582,HOSP018838,2022-07-14,Inpatient,H2-PROV0024,DEPT011,20818,2025-01-03,2020-09-08
H2-ENC006583,HOSP033950,2020-04-01,Telemedicine,H2-PROV0006,DEPT005,34760,2023-04-21,2026-07-21
H2-ENC006584,HOSP008899,2023-09-06,Telemedicine,H2-PROV0015,DEPT014,17178,2021-03-24,2024-09-19
H2-ENC006585,HOSP040000,2023-08-08,Outpatient,H2-PROV0010,DEPT016,33195,2024-06-27,2026-05-07
H2-ENC006586,HOSP031778,2021-12-21,Outpatient,H2-PROV0020,DEPT003,49391,2021-08-30,2026-01-14
H2-ENC006587,HOSP005383,2020-09-29,Routine Checkup,H2-PROV0002,DEPT010,80370,2026-02-21,2024-07-01
H2-ENC006588,HOSP048633,2026-01-11,Telemedicine,H2-PROV0004,DEPT008,76194,2020-08-17,2026-04-25
H2-ENC006589,HOSP038780,2024-03-27,Telemedicine,H2-PROV0019,DEPT002,15438,2021-11-17,2023-10-17
H2-ENC006590,HOSP005745,2022-06-12,Emergency,H2-PROV0007,DEPT005,41258,2021-05-18,2026-03-24
H2-ENC006591,HOSP033507,2023-05-24,Inpatient,H2-PROV0002,DEPT001,75978,2020-09-15,2026-06-01
H2-ENC006592,HOSP044278,2026-06-21,Routine Checkup,H2-PROV0027,DEPT015,10745,2025-02-03,2026-03-07
H2-ENC006593,HOSP045525,2021-12-04,Routine Checkup,H2-PROV0017,DEPT020,69396,2025-01-31,2022-09-30
H2-ENC006594,HOSP007914,2023-01-29,Routine Checkup,H2-PROV0022,DEPT008,20132,2026-08-16,2024-01-30
H2-ENC006595,HOSP002475,2024-02-13,Telemedicine,H2-PROV0005,DEPT019,22912,2026-07-23,2023-10-29
H2-ENC006596,HOSP020320,2023-06-25,Emergency,H2-PROV0004,DEPT020,90481,2023-04-10,2020-05-12
H2-ENC006597,HOSP029494,2020-02-01,Inpatient,H2-PROV0009,DEPT008,63147,2023-03-30,2024-02-10
H2-ENC006598,HOSP004064,2024-01-17,Inpatient,H2-PROV0024,DEPT012,67519,2022-03-15,2025-08-28
H2-ENC006599,HOSP030937,2021-09-25,Telemedicine,H2-PROV0003,DEPT014,28046,2026-05-24,2026-04-04
H2-ENC006600,HOSP037342,2023-01-28,Routine Checkup,H2-PROV0015,DEPT020,73476,2024-05-20,2022-03-14
H2-ENC006601,HOSP037364,2024-02-25,Inpatient,H2-PROV0026,DEPT012,60075,2023-05-08,2021-07-19
H2-ENC006602,HOSP016820,2025-12-02,Emergency,H2-PROV0018,DEPT016,17178,2025-01-25,2025-08-12
H2-ENC006603,HOSP005212,2024-02-23,Inpatient,H2-PROV0001,DEPT012,89360,2023-08-09,2023-02-03
H2-ENC006604,HOSP024443,2023-04-09,Outpatient,H2-PROV0014,DEPT005,78741,2025-07-22,2021-08-16
H2-ENC006605,HOSP025339,2020-07-16,Routine Checkup,H2-PROV0013,DEPT014,85655,2022-08-08,2024-04-08
H2-ENC006606,HOSP014670,2026-09-08,Outpatient,H2-PROV0013,DEPT003,28115,2022-12-25,2025-03-03
H2-ENC006607,HOSP043551,2022-11-23,Outpatient,H2-PROV0030,DEPT019,63147,2022-05-06,2023-10-03
H2-ENC006608,HOSP004345,2023-09-16,Inpatient,H2-PROV0013,DEPT013,80253,2025-09-03,2023-09-10
H2-ENC006609,HOSP013686,2024-07-19,Routine Checkup,H2-PROV0014,DEPT016,79250,2023-12-03,2026-06-24
H2-ENC006610,HOSP036470,2025-11-20,Inpatient,H2-PROV0012,DEPT020,89421,2026-02-24,2025-08-12
H2-ENC006611,HOSP021574,2023-12-26,Routine Checkup,H2-PROV0014,DEPT006,26430,2025-05-27,2025-09-30
H2-ENC006612,HOSP015846,2022-03-03,Inpatient,H2-PROV0023,DEPT019,70295,2025-10-24,2023-12-10
H2-ENC006613,HOSP041407,2026-08-19,Inpatient,H2-PROV0018,DEPT004,97181,2023-12-29,2021-07-01
H2-ENC006614,HOSP038208,2022-02-12,Inpatient,H2-PROV0026,DEPT010,57322,2022-08-23,2021-09-15
H2-ENC006615,HOSP036374,2020-08-10,Routine Checkup,H2-PROV0005,DEPT007,80253,2021-03-09,2021-04-14
H2-ENC006616,HOSP027166,2021-01-04,Inpatient,H2-PROV0028,DEPT019,72545,2024-03-28,2025-01-30
H2-ENC006617,HOSP037571,2021-03-24,Outpatient,H2-PROV0003,DEPT006,51901,2022-03-03,2022-06-22
H2-ENC006618,HOSP038858,2022-09-18,Outpatient,H2-PROV0017,DEPT001,57322,2020-12-18,2022-01-05
H2-ENC006619,HOSP006172,2024-08-09,Telemedicine,H2-PROV0010,DEPT001,58086,2024-06-02,2024-03-12
H2-ENC006620,HOSP041445,2024-09-03,Routine Checkup,H2-PROV0016,DEPT008,19587,2025-05-28,2025-10-14
H2-ENC006621,HOSP008112,2024-02-26,Telemedicine,H2-PROV0003,DEPT010,16171,2025-10-07,2021-08-02
H2-ENC006622,HOSP040256,2025-12-31,Inpatient,H2-PROV0009,DEPT019,56624,2025-07-23,2024-04-23
H2-ENC006623,HOSP032404,2026-06-05,Telemedicine,H2-PROV0019,DEPT013,28138,2024-07-07,2022-10-01
H2-ENC006624,HOSP028261,2021-03-01,Outpatient,H2-PROV0023,DEPT013,94872,2023-12-30,2026-01-30
H2-ENC006625,HOSP037357,2022-08-21,Outpatient,H2-PROV0020,DEPT004,38212,2020-07-25,2023-04-19
H2-ENC006626,HOSP033619,2025-07-16,Emergency,H2-PROV0008,DEPT002,71110,2022-07-26,2021-09-30
H2-ENC006627,HOSP003568,2020-04-20,Outpatient,H2-PROV0001,DEPT017,86796,2024-03-30,2022-12-22
H2-ENC006628,HOSP048291,2025-11-02,Outpatient,H2-PROV0020,DEPT002,44321,2023-03-25,2024-07-24
H2-ENC006629,HOSP007241,2020-04-12,Emergency,H2-PROV0002,DEPT014,67522,2024-07-10,2020-10-20
H2-ENC006630,HOSP045150,2025-08-16,Emergency,H2-PROV0012,DEPT018,68543,2026-06-21,2025-10-31
H2-ENC006631,HOSP049056,2021-04-15,Routine Checkup,H2-PROV0027,DEPT008,24178,2026-04-22,2022-07-05
H2-ENC006632,HOSP044392,2024-03-22,Telemedicine,H2-PROV0028,DEPT014,44467,2020-01-18,2023-02-05
H2-ENC006633,HOSP027630,2024-03-25,Telemedicine,H2-PROV0002,DEPT011,50750,2022-09-11,2025-08-11
H2-ENC006634,HOSP020044,2020-10-06,Emergency,H2-PROV0010,DEPT016,28138,2025-01-16,2021-02-20
H2-ENC006635,HOSP045638,2023-06-02,Emergency,H2-PROV0018,DEPT016,81013,2026-08-03,2023-12-02
H2-ENC006636,HOSP047860,2020-05-29,Emergency,H2-PROV0006,DEPT007,75302,2025-06-07,2025-02-01
H2-ENC006637,HOSP028477,2022-03-02,Emergency,H2-PROV0004,DEPT011,96827,2022-06-05,2021-04-23
H2-ENC006638,HOSP043675,2026-06-20,Routine Checkup,H2-PROV0023,DEPT008,66383,2024-11-09,2025-02-24
H2-ENC006639,HOSP039332,2025-05-29,Outpatient,H2-PROV0003,DEPT009,49338,2020-10-21,2020-12-09
H2-ENC006640,HOSP027620,2024-09-24,Inpatient,H2-PROV0008,DEPT003,35957,2025-07-20,2021-11-12
H2-ENC006641,HOSP022976,2023-10-23,Outpatient,H2-PROV0017,DEPT015,66840,2023-02-18,2026-03-01
H2-ENC006642,HOSP048868,2025-11-25,Telemedicine,H2-PROV0027,DEPT015,84212,2021-03-01,2023-09-12
H2-ENC006643,HOSP009979,2021-12-18,Inpatient,H2-PROV0020,DEPT017,55572,2026-01-26,2022-08-17
H2-ENC006644,HOSP030029,2025-02-20,Outpatient,H2-PROV0016,DEPT017,29273,2026-01-22,2026-04-17
H2-ENC006645,HOSP025647,2022-03-01,Routine Checkup,H2-PROV0007,DEPT011,13484,2024-07-03,2022-03-27
H2-ENC006646,HOSP006949,2021-02-12,Emergency,H2-PROV0007,DEPT003,42812,2025-08-11,2022-09-11
H2-ENC006647,HOSP019759,2024-10-08,Outpatient,H2-PROV0007,DEPT001,59546,2020-06-19,2025-09-11
H2-ENC006648,HOSP037231,2026-10-02,Telemedicine,H2-PROV0020,DEPT010,29618,2021-01-03,2025-03-01
H2-ENC006649,HOSP028107,2024-08-07,Routine Checkup,H2-PROV0029,DEPT005,17352,2020-12-13,2023-07-27
H2-ENC006650,HOSP020978,2025-09-13,Outpatient,H2-PROV0005,DEPT005,60608,2023-08-17,2021-10-27
H2-ENC006651,HOSP027765,2023-04-21,Routine Checkup,H2-PROV0030,DEPT007,59469,2023-11-19,2024-02-02
H2-ENC006652,HOSP021820,2025-07-21,Outpatient,H2-PROV0028,DEPT001,64366,2020-01-12,2024-05-22
H2-ENC006653,HOSP011671,2024-08-02,Telemedicine,H2-PROV0011,DEPT006,65420,2022-12-11,2025-02-28
H2-ENC006654,HOSP035121,2024-12-30,Telemedicine,H2-PROV0027,DEPT011,75794,2026-08-28,2020-06-12
H2-ENC006655,HOSP046654,2024-04-29,Outpatient,H2-PROV0017,DEPT006,92708,2024-11-24,2025-04-13
H2-ENC006656,HOSP044276,2022-04-12,Telemedicine,H2-PROV0009,DEPT009,61733,2025-05-08,2021-11-27
H2-ENC006657,HOSP041827,2025-01-02,Outpatient,H2-PROV0004,DEPT001,33654,2026-06-21,2024-04-25
H2-ENC006658,HOSP031293,2026-01-24,Inpatient,H2-PROV0013,DEPT019,53320,2020-05-21,2025-04-01
H2-ENC006659,HOSP035294,2022-12-19,Telemedicine,H2-PROV0002,DEPT008,52520,2022-01-05,2025-06-04
H2-ENC006660,HOSP018199,2025-12-19,Emergency,H2-PROV0007,DEPT009,15796,2020-09-18,2022-11-25
H2-ENC006661,HOSP020003,2024-10-11,Emergency,H2-PROV0015,DEPT006,57322,2020-12-24,2023-01-16
H2-ENC006662,HOSP020251,2022-10-07,Outpatient,H2-PROV0024,DEPT015,83075,2020-06-05,2020-03-28
H2-ENC006663,HOSP045662,2022-04-11,Telemedicine,H2-PROV0011,DEPT011,61123,2024-08-13,2020-05-28
H2-ENC006664,HOSP040205,2025-02-28,Outpatient,H2-PROV0028,DEPT011,11771,2022-06-09,2021-09-22
H2-ENC006665,HOSP017722,2021-08-28,Outpatient,H2-PROV0023,DEPT007,67290,2026-09-06,2024-03-16
H2-ENC006666,HOSP011887,2021-05-07,Telemedicine,H2-PROV0024,DEPT004,93648,2025-08-28,2023-05-16
H2-ENC006667,HOSP008289,2022-08-11,Routine Checkup,H2-PROV0026,DEPT020,37751,2020-05-07,2026-03-09
H2-ENC006668,HOSP043512,2020-11-01,Emergency,H2-PROV0008,DEPT019,35241,2026-03-02,2021-04-21
H2-ENC006669,HOSP006007,2025-04-12,Telemedicine,H2-PROV0024,DEPT015,39840,2022-03-06,2021-08-17
H2-ENC006670,HOSP033945,2026-02-18,Telemedicine,H2-PROV0018,DEPT011,24557,2025-12-02,2020-07-21
H2-ENC006671,HOSP039104,2020-01-08,Telemedicine,H2-PROV0011,DEPT019,80461,2025-10-14,2024-02-19
H2-ENC006672,HOSP008620,2024-09-20,Inpatient,H2-PROV0021,DEPT017,55214,2026-03-21,2020-08-10
H2-ENC006673,HOSP013395,2025-09-30,Outpatient,H2-PROV0009,DEPT006,70561,2020-06-18,2024-08-31
H2-ENC006674,HOSP040884,2024-08-22,Telemedicine,H2-PROV0006,DEPT014,14517,2021-02-23,2025-12-15
H2-ENC006675,HOSP017998,2023-12-09,Inpatient,H2-PROV0016,DEPT017,77671,2023-05-10,2020-12-08
H2-ENC006676,HOSP034024,2025-02-11,Inpatient,H2-PROV0010,DEPT006,68143,2020-11-10,2023-04-03
H2-ENC006677,HOSP002437,2023-06-17,Routine Checkup,H2-PROV0009,DEPT004,26754,2023-05-09,2020-05-02
H2-ENC006678,HOSP016678,2020-07-10,Outpatient,H2-PROV0017,DEPT009,71110,2025-12-19,2022-06-24
H2-ENC006679,HOSP033805,2023-04-26,Outpatient,H2-PROV0019,DEPT019,81503,2020-01-02,2026-05-07
H2-ENC006680,HOSP003780,2024-03-23,Routine Checkup,H2-PROV0009,DEPT014,41708,2022-10-03,2024-10-14
H2-ENC006681,HOSP046441,2022-07-02,Outpatient,H2-PROV0026,DEPT015,29466,2025-10-28,2022-07-25
H2-ENC006682,HOSP028990,2023-12-18,Outpatient,H2-PROV0023,DEPT009,90542,2020-12-23,2026-03-23
H2-ENC006683,HOSP018322,2024-09-09,Inpatient,H2-PROV0002,DEPT013,31282,2025-01-03,2025-04-18
H2-ENC006684,HOSP034640,2021-11-12,Emergency,H2-PROV0009,DEPT012,20113,2026-06-26,2020-10-11
H2-ENC006685,HOSP012056,2020-05-09,Inpatient,H2-PROV0011,DEPT002,80253,2026-07-10,2024-01-24
H2-ENC006686,HOSP038072,2026-02-28,Routine Checkup,H2-PROV0030,DEPT012,88440,2021-01-04,2026-03-07
H2-ENC006687,HOSP043152,2026-09-30,Telemedicine,H2-PROV0010,DEPT003,35243,2021-07-10,2024-08-29
H2-ENC006688,HOSP048286,2021-03-20,Outpatient,H2-PROV0003,DEPT014,46719,2026-08-06,2025-05-04
H2-ENC006689,HOSP012093,2023-10-29,Telemedicine,H2-PROV0017,DEPT017,48045,2026-03-06,2023-06-28
H2-ENC006690,HOSP049684,2022-01-20,Emergency,H2-PROV0012,DEPT006,79425,2023-09-12,2020-04-24
H2-ENC006691,HOSP018263,2020-11-09,Inpatient,H2-PROV0009,DEPT016,21275,2024-12-03,2022-08-24
H2-ENC006692,HOSP037650,2022-09-07,Routine Checkup,H2-PROV0014,DEPT020,54938,2020-10-11,2024-03-01
H2-ENC006693,HOSP025066,2026-05-20,Telemedicine,H2-PROV0005,DEPT006,73034,2021-09-28,2022-10-10
H2-ENC006694,HOSP014541,2020-05-23,Routine Checkup,H2-PROV0002,DEPT020,24795,2020-07-03,2024-01-02
H2-ENC006695,HOSP000584,2022-03-25,Telemedicine,H2-PROV0028,DEPT006,45073,2021-06-08,2025-11-24
H2-ENC006696,HOSP029784,2022-08-08,Outpatient,H2-PROV0026,DEPT017,87171,2024-04-06,2025-02-12
H2-ENC006697,HOSP038319,2025-03-11,Inpatient,H2-PROV0030,DEPT003,81231,2022-12-14,2023-05-05
H2-ENC006698,HOSP020064,2023-12-04,Emergency,H2-PROV0015,DEPT019,56599,2020-10-24,2021-09-19
H2-ENC006699,HOSP023553,2023-12-05,Emergency,H2-PROV0020,DEPT006,71625,2020-02-26,2022-01-17
H2-ENC006700,HOSP022155,2025-07-11,Routine Checkup,H2-PROV0018,DEPT020,99861,2022-11-11,2025-12-04
H2-ENC006701,HOSP021920,2022-07-10,Emergency,H2-PROV0006,DEPT003,41536,2022-04-04,2025-04-05
H2-ENC006702,HOSP010805,2023-09-10,Telemedicine,H2-PROV0023,DEPT013,75599,2024-04-09,2023-10-20
H2-ENC006703,HOSP023418,2023-01-05,Routine Checkup,H2-PROV0017,DEPT012,34114,2020-06-30,2025-05-31
H2-ENC006704,HOSP002529,2024-11-07,Routine Checkup,H2-PROV0008,DEPT003,75720,2020-02-08,2023-01-16
H2-ENC006705,HOSP006149,2025-05-02,Outpatient,H2-PROV0001,DEPT002,81979,2022-05-23,2020-02-13
H2-ENC006706,HOSP000999,2020-10-27,Routine Checkup,H2-PROV0029,DEPT014,71691,2022-11-09,2022-12-13
H2-ENC006707,HOSP004167,2024-04-15,Routine Checkup,H2-PROV0020,DEPT011,85191,2024-10-22,2026-03-18
H2-ENC006708,HOSP014180,2024-06-11,Inpatient,H2-PROV0027,DEPT015,49874,2021-06-06,2024-02-14
H2-ENC006709,HOSP037717,2026-02-16,Outpatient,H2-PROV0015,DEPT020,88698,2022-08-07,2022-08-09
H2-ENC006710,HOSP004797,2024-03-04,Outpatient,H2-PROV0017,DEPT016,91936,2020-08-10,2020-08-25
H2-ENC006711,HOSP001249,2020-07-23,Telemedicine,H2-PROV0022,DEPT008,40502,2026-09-27,2020-09-21
H2-ENC006712,HOSP031299,2024-05-06,Inpatient,H2-PROV0013,DEPT019,12166,2023-07-18,2024-12-08
H2-ENC006713,HOSP047155,2026-01-03,Outpatient,H2-PROV0004,DEPT005,40475,2020-05-18,2020-10-04
H2-ENC006714,HOSP010568,2023-11-14,Telemedicine,H2-PROV0017,DEPT018,37042,2022-01-22,2026-02-13
H2-ENC006715,HOSP003937,2023-01-04,Inpatient,H2-PROV0019,DEPT002,71595,2022-09-03,2021-12-17
H2-ENC006716,HOSP043344,2024-07-01,Emergency,H2-PROV0008,DEPT015,19587,2026-02-11,2024-08-16
H2-ENC006717,HOSP041161,2022-12-07,Outpatient,H2-PROV0007,DEPT009,22275,2023-11-14,2023-01-07
H2-ENC006718,HOSP017897,2022-04-30,Outpatient,H2-PROV0008,DEPT018,59966,2026-07-21,2024-01-15
H2-ENC006719,HOSP035078,2020-07-19,Inpatient,H2-PROV0017,DEPT010,84958,2020-03-13,2022-04-12
H2-ENC006720,HOSP015801,2021-05-07,Inpatient,H2-PROV0006,DEPT014,17846,2024-07-18,2025-12-28
H2-ENC006721,HOSP010225,2022-10-06,Inpatient,H2-PROV0020,DEPT008,23047,2020-12-03,2024-05-30
H2-ENC006722,HOSP026871,2020-11-16,Inpatient,H2-PROV0022,DEPT018,88698,2023-11-18,2021-12-22
H2-ENC006723,HOSP044291,2021-02-10,Telemedicine,H2-PROV0029,DEPT016,97802,2022-07-03,2021-12-31
H2-ENC006724,HOSP014309,2025-04-04,Telemedicine,H2-PROV0023,DEPT006,83372,2023-07-15,2020-08-19
H2-ENC006725,HOSP036774,2024-12-11,Telemedicine,H2-PROV0013,DEPT004,46026,2020-05-14,2022-08-24
H2-ENC006726,HOSP044529,2021-12-06,Inpatient,H2-PROV0028,DEPT017,14848,2020-09-13,2021-06-08
H2-ENC006727,HOSP003822,2021-08-12,Routine Checkup,H2-PROV0012,DEPT005,64993,2024-07-27,2024-06-30
H2-ENC006728,HOSP026696,2021-12-16,Telemedicine,H2-PROV0029,DEPT020,81742,2022-04-26,2026-06-05
H2-ENC006729,HOSP012231,2026-09-10,Emergency,H2-PROV0028,DEPT003,71812,2022-08-24,2025-09-06
H2-ENC006730,HOSP026040,2022-08-09,Emergency,H2-PROV0024,DEPT002,38389,2020-02-25,2026-02-26
H2-ENC006731,HOSP009889,2021-09-13,Telemedicine,H2-PROV0005,DEPT020,52520,2023-11-13,2026-10-04
H2-ENC006732,HOSP003106,2025-11-19,Outpatient,H2-PROV0011,DEPT010,72152,2022-03-20,2026-01-22
H2-ENC006733,HOSP010319,2021-06-19,Telemedicine,H2-PROV0005,DEPT004,37042,2024-06-24,2020-11-13
H2-ENC006734,HOSP037904,2025-02-02,Emergency,H2-PROV0024,DEPT006,50068,2023-12-15,2024-07-11
H2-ENC006735,HOSP042219,2022-04-17,Emergency,H2-PROV0030,DEPT001,12747,2022-11-24,2024-09-07
H2-ENC006736,HOSP003610,2024-01-08,Emergency,H2-PROV0029,DEPT001,34629,2022-02-07,2023-03-08
H2-ENC006737,HOSP004098,2021-05-10,Routine Checkup,H2-PROV0022,DEPT015,23057,2023-12-09,2023-07-17
H2-ENC006738,HOSP012565,2022-09-17,Telemedicine,H2-PROV0026,DEPT016,74383,2021-04-04,2024-10-31
H2-ENC006739,HOSP047540,2023-10-31,Outpatient,H2-PROV0003,DEPT004,20581,2026-03-19,2024-10-17
H2-ENC006740,HOSP005032,2025-04-18,Outpatient,H2-PROV0004,DEPT011,46444,2020-04-13,2024-01-15
H2-ENC006741,HOSP033211,2021-10-09,Telemedicine,H2-PROV0007,DEPT010,44467,2023-11-30,2025-02-19
H2-ENC006742,HOSP036490,2022-10-24,Inpatient,H2-PROV0005,DEPT011,56393,2026-04-09,2022-02-02
H2-ENC006743,HOSP028098,2022-04-05,Routine Checkup,H2-PROV0005,DEPT016,79683,2023-10-22,2024-03-10
H2-ENC006744,HOSP047907,2025-07-12,Emergency,H2-PROV0026,DEPT010,15254,2022-02-12,2025-12-18
H2-ENC006745,HOSP039493,2022-08-31,Telemedicine,H2-PROV0020,DEPT007,52492,2024-03-07,2021-11-02
H2-ENC006746,HOSP044265,2021-04-28,Telemedicine,H2-PROV0015,DEPT007,88824,2025-06-13,2026-05-03
H2-ENC006747,HOSP018947,2026-03-12,Routine Checkup,H2-PROV0010,DEPT002,91985,2024-03-12,2022-05-10
H2-ENC006748,HOSP030656,2021-10-21,Inpatient,H2-PROV0002,DEPT016,16270,2023-12-09,2021-04-22
H2-ENC006749,HOSP029192,2026-05-12,Telemedicine,H2-PROV0001,DEPT006,32087,2021-05-25,2022-06-09
H2-ENC006750,HOSP046735,2025-04-30,Routine Checkup,H2-PROV0014,DEPT013,76537,2023-05-30,2024-05-19
H2-ENC006751,HOSP027396,2021-09-11,Outpatient,H2-PROV0029,DEPT011,61123,2025-10-11,2025-12-11
H2-ENC006752,HOSP029556,2021-06-13,Inpatient,H2-PROV0015,DEPT020,68587,2020-04-24,2025-03-27
H2-ENC006753,HOSP000522,2026-09-26,Routine Checkup,H2-PROV0022,DEPT011,74035,2022-12-12,2023-12-01
H2-ENC006754,HOSP029537,2020-11-19,Routine Checkup,H2-PROV0023,DEPT017,71697,2020-09-12,2021-08-29
H2-ENC006755,HOSP002358,2023-03-01,Telemedicine,H2-PROV0018,DEPT013,55376,2020-11-09,2020-08-18
H2-ENC006756,HOSP014702,2025-01-10,Routine Checkup,H2-PROV0007,DEPT001,95392,2022-08-01,2023-07-08
H2-ENC006757,HOSP043577,2022-06-05,Emergency,H2-PROV0007,DEPT015,63116,2021-11-26,2021-01-02
H2-ENC006758,HOSP002962,2020-02-03,Routine Checkup,H2-PROV0028,DEPT017,18108,2026-03-09,2022-05-25
H2-ENC006759,HOSP009424,2021-06-02,Emergency,H2-PROV0002,DEPT009,30208,2022-10-15,2023-02-07
H2-ENC006760,HOSP041010,2023-09-21,Telemedicine,H2-PROV0002,DEPT019,72068,2020-11-28,2021-09-04
H2-ENC006761,HOSP014473,2020-04-20,Telemedicine,H2-PROV0021,DEPT005,70414,2024-08-18,2021-03-22
H2-ENC006762,HOSP003525,2024-08-10,Inpatient,H2-PROV0012,DEPT009,55284,2020-08-14,2026-06-10
H2-ENC006763,HOSP021030,2020-01-28,Telemedicine,H2-PROV0003,DEPT003,38609,2026-03-16,2023-09-03
H2-ENC006764,HOSP024151,2025-01-12,Telemedicine,H2-PROV0005,DEPT017,11301,2023-12-31,2020-10-26
H2-ENC006765,HOSP019821,2022-11-08,Inpatient,H2-PROV0029,DEPT005,28166,2025-12-12,2020-05-15
H2-ENC006766,HOSP013016,2022-08-29,Routine Checkup,H2-PROV0021,DEPT015,64840,2020-07-02,2021-02-03
H2-ENC006767,HOSP040786,2023-08-19,Emergency,H2-PROV0014,DEPT001,49410,2025-10-03,2021-01-25
H2-ENC006768,HOSP012327,2022-09-25,Outpatient,H2-PROV0018,DEPT003,79425,2025-10-27,2024-01-04
H2-ENC006769,HOSP026160,2021-12-18,Routine Checkup,H2-PROV0026,DEPT016,61742,2021-01-22,2020-02-07
H2-ENC006770,HOSP020279,2020-07-21,Inpatient,H2-PROV0003,DEPT008,87560,2023-03-12,2026-05-21
H2-ENC006771,HOSP042475,2021-05-09,Outpatient,H2-PROV0026,DEPT019,31071,2024-03-19,2023-02-16
H2-ENC006772,HOSP008746,2020-03-29,Inpatient,H2-PROV0018,DEPT006,51011,2026-04-10,2020-06-01
H2-ENC006773,HOSP012472,2025-01-29,Emergency,H2-PROV0008,DEPT006,44323,2024-03-07,2022-05-27
H2-ENC006774,HOSP004013,2025-08-29,Inpatient,H2-PROV0025,DEPT008,45009,2025-01-01,2022-06-17
H2-ENC006775,HOSP040405,2025-11-12,Routine Checkup,H2-PROV0011,DEPT006,84413,2022-08-27,2023-01-06
H2-ENC006776,HOSP001494,2020-10-16,Telemedicine,H2-PROV0029,DEPT007,23150,2026-06-22,2020-08-14
H2-ENC006777,HOSP026860,2022-02-06,Outpatient,H2-PROV0011,DEPT006,21487,2020-06-15,2024-07-02
H2-ENC006778,HOSP044387,2024-12-09,Routine Checkup,H2-PROV0002,DEPT003,18108,2022-08-30,2022-06-20
H2-ENC006779,HOSP047406,2021-06-11,Telemedicine,H2-PROV0014,DEPT009,22142,2024-10-12,2025-12-17
H2-ENC006780,HOSP038100,2020-01-21,Routine Checkup,H2-PROV0018,DEPT015,93175,2022-05-22,2025-04-27
H2-ENC006781,HOSP031957,2021-04-12,Telemedicine,H2-PROV0004,DEPT001,82323,2026-06-03,2021-01-25
H2-ENC006782,HOSP045314,2023-03-08,Telemedicine,H2-PROV0018,DEPT015,10034,2026-04-15,2024-01-30
H2-ENC006783,HOSP004726,2023-05-21,Routine Checkup,H2-PROV0023,DEPT012,42054,2020-01-09,2025-02-27
H2-ENC006784,HOSP013593,2022-01-27,Emergency,H2-PROV0025,DEPT003,16973,2021-12-15,2024-06-04
H2-ENC006785,HOSP047476,2024-08-19,Outpatient,H2-PROV0011,DEPT001,97201,2024-06-07,2023-07-20
H2-ENC006786,HOSP003015,2022-05-05,Outpatient,H2-PROV0008,DEPT002,74340,2024-09-27,2024-06-19
H2-ENC006787,HOSP048412,2026-02-27,Routine Checkup,H2-PROV0007,DEPT004,42200,2023-05-11,2022-10-11
H2-ENC006788,HOSP028027,2020-05-30,Telemedicine,H2-PROV0023,DEPT008,20356,2020-07-14,2021-03-10
H2-ENC006789,HOSP031831,2025-07-11,Outpatient,H2-PROV0021,DEPT013,23826,2025-11-24,2025-04-08
H2-ENC006790,HOSP017787,2025-03-20,Routine Checkup,H2-PROV0002,DEPT015,28294,2022-01-06,2025-12-28
H2-ENC006791,HOSP039945,2024-01-06,Routine Checkup,H2-PROV0007,DEPT006,75978,2024-04-26,2024-07-06
H2-ENC006792,HOSP018540,2023-07-31,Telemedicine,H2-PROV0022,DEPT016,90758,2026-09-18,2023-06-06
H2-ENC006793,HOSP021510,2023-03-08,Emergency,H2-PROV0002,DEPT005,37785,2020-04-07,2025-06-04
H2-ENC006794,HOSP036252,2025-01-12,Emergency,H2-PROV0022,DEPT007,80441,2020-03-21,2026-09-01
H2-ENC006795,HOSP003443,2020-05-28,Routine Checkup,H2-PROV0005,DEPT018,80648,2021-10-17,2021-11-25
H2-ENC006796,HOSP017345,2020-02-13,Emergency,H2-PROV0003,DEPT018,71302,2022-11-01,2023-09-18
H2-ENC006797,HOSP007714,2021-03-16,Routine Checkup,H2-PROV0030,DEPT014,84517,2021-11-13,2021-12-06
H2-ENC006798,HOSP031108,2025-12-24,Routine Checkup,H2-PROV0026,DEPT012,80121,2023-02-25,2021-06-27
H2-ENC006799,HOSP014186,2025-10-04,Inpatient,H2-PROV0022,DEPT018,55611,2023-08-10,2026-01-09
H2-ENC006800,HOSP021252,2024-12-02,Telemedicine,H2-PROV0028,DEPT014,97202,2022-03-23,2025-09-10
H2-ENC006801,HOSP016561,2023-05-30,Emergency,H2-PROV0012,DEPT003,44545,2026-05-24,2026-07-22
H2-ENC006802,HOSP027413,2020-08-19,Outpatient,H2-PROV0019,DEPT006,48603,2025-05-09,2022-08-01
H2-ENC006803,HOSP044826,2026-06-14,Routine Checkup,H2-PROV0020,DEPT005,90458,2020-06-25,2021-03-21
H2-ENC006804,HOSP019634,2026-05-06,Telemedicine,H2-PROV0012,DEPT013,50462,2024-12-02,2023-12-23
H2-ENC006805,HOSP018441,2025-07-11,Outpatient,H2-PROV0007,DEPT006,55805,2025-11-18,2026-02-08
H2-ENC006806,HOSP021553,2020-04-13,Outpatient,H2-PROV0015,DEPT019,94034,2021-01-29,2021-04-18
H2-ENC006807,HOSP011809,2026-03-09,Emergency,H2-PROV0028,DEPT005,66976,2026-01-23,2022-04-23
H2-ENC006808,HOSP018678,2020-12-11,Routine Checkup,H2-PROV0024,DEPT002,75310,2023-02-23,2025-05-15
H2-ENC006809,HOSP018050,2022-08-23,Outpatient,H2-PROV0027,DEPT003,29563,2021-06-20,2022-11-02
H2-ENC006810,HOSP005300,2024-03-16,Inpatient,H2-PROV0028,DEPT001,21487,2022-01-06,2025-06-30
H2-ENC006811,HOSP021330,2025-10-05,Telemedicine,H2-PROV0017,DEPT009,38013,2025-05-10,2021-07-16
H2-ENC006812,HOSP043579,2020-11-17,Inpatient,H2-PROV0006,DEPT005,75182,2024-01-08,2020-01-23
H2-ENC006813,HOSP001593,2025-08-05,Emergency,H2-PROV0005,DEPT015,82995,2025-10-02,2020-03-13
H2-ENC006814,HOSP025419,2025-06-04,Emergency,H2-PROV0020,DEPT012,31441,2026-09-11,2024-09-26
H2-ENC006815,HOSP010765,2025-08-31,Emergency,H2-PROV0023,DEPT005,72105,2021-04-27,2025-11-13
H2-ENC006816,HOSP020990,2021-07-01,Inpatient,H2-PROV0021,DEPT011,66028,2023-10-01,2024-02-19
H2-ENC006817,HOSP044695,2024-10-11,Routine Checkup,H2-PROV0019,DEPT014,66028,2021-11-01,2026-09-25
H2-ENC006818,HOSP046621,2020-06-10,Emergency,H2-PROV0019,DEPT005,27647,2023-03-28,2021-12-05
H2-ENC006819,HOSP038092,2026-08-04,Telemedicine,H2-PROV0008,DEPT020,88891,2021-03-20,2020-01-14
H2-ENC006820,HOSP008352,2026-06-20,Emergency,H2-PROV0010,DEPT007,35215,2024-04-07,2023-01-31
H2-ENC006821,HOSP028047,2020-03-30,Telemedicine,H2-PROV0021,DEPT016,50025,2025-10-24,2023-12-22
H2-ENC006822,HOSP042570,2023-05-27,Outpatient,H2-PROV0024,DEPT019,82062,2026-08-07,2026-10-05
H2-ENC006823,HOSP034000,2023-03-20,Outpatient,H2-PROV0019,DEPT015,85746,2025-07-05,2022-12-21
H2-ENC006824,HOSP001629,2023-05-20,Emergency,H2-PROV0029,DEPT015,60877,2024-09-13,2024-07-08
H2-ENC006825,HOSP013743,2021-03-20,Telemedicine,H2-PROV0017,DEPT006,16614,2024-08-02,2022-12-30
H2-ENC006826,HOSP012162,2024-04-28,Telemedicine,H2-PROV0030,DEPT011,34151,2025-02-28,2025-09-20
H2-ENC006827,HOSP042272,2020-06-26,Inpatient,H2-PROV0024,DEPT009,59546,2020-02-04,2024-10-22
H2-ENC006828,HOSP020750,2021-04-12,Routine Checkup,H2-PROV0026,DEPT005,74043,2022-12-03,2024-12-11
H2-ENC006829,HOSP037328,2020-11-29,Outpatient,H2-PROV0021,DEPT011,51011,2023-03-28,2023-01-28
H2-ENC006830,HOSP046233,2021-05-31,Outpatient,H2-PROV0024,DEPT011,92521,2021-01-12,2023-07-04
H2-ENC006831,HOSP028379,2026-08-30,Telemedicine,H2-PROV0002,DEPT017,49978,2022-11-22,2020-05-22
H2-ENC006832,HOSP007520,2022-02-06,Inpatient,H2-PROV0010,DEPT007,97472,2026-04-12,2023-07-05
H2-ENC006833,HOSP009889,2025-05-08,Emergency,H2-PROV0018,DEPT013,17741,2021-08-09,2026-08-03
H2-ENC006834,HOSP036450,2023-12-01,Emergency,H2-PROV0014,DEPT009,24795,2020-10-27,2025-06-21
H2-ENC006835,HOSP038307,2021-01-06,Telemedicine,H2-PROV0016,DEPT014,47990,2025-01-22,2026-01-07
H2-ENC006836,HOSP036261,2020-02-22,Inpatient,H2-PROV0024,DEPT009,17106,2022-04-14,2021-09-04
H2-ENC006837,HOSP021111,2021-07-30,Telemedicine,H2-PROV0020,DEPT006,17969,2025-09-22,2020-02-13
H2-ENC006838,HOSP012634,2026-06-01,Telemedicine,H2-PROV0013,DEPT016,77311,2024-11-02,2022-02-18
H2-ENC006839,HOSP009075,2022-11-06,Emergency,H2-PROV0016,DEPT012,97224,2023-05-04,2021-05-13
H2-ENC006840,HOSP045102,2022-11-04,Outpatient,H2-PROV0022,DEPT008,37375,2020-09-26,2025-07-03
H2-ENC006841,HOSP018908,2022-03-11,Inpatient,H2-PROV0023,DEPT002,76711,2021-08-27,2023-01-03
H2-ENC006842,HOSP004726,2020-05-09,Outpatient,H2-PROV0009,DEPT015,39592,2020-03-07,2024-12-30
H2-ENC006843,HOSP020749,2024-02-05,Inpatient,H2-PROV0013,DEPT005,41536,2022-07-09,2022-06-01
H2-ENC006844,HOSP009497,2020-06-19,Telemedicine,H2-PROV0023,DEPT003,80461,2023-01-28,2023-12-14
H2-ENC006845,HOSP001607,2023-04-05,Inpatient,H2-PROV0029,DEPT016,60817,2024-07-16,2024-04-12
H2-ENC006846,HOSP018727,2023-11-09,Outpatient,H2-PROV0004,DEPT019,22628,2023-08-02,2020-01-22
H2-ENC006847,HOSP038940,2023-08-13,Emergency,H2-PROV0010,DEPT013,70701,2020-06-06,2021-01-26
H2-ENC006848,HOSP035924,2020-08-15,Emergency,H2-PROV0014,DEPT013,15136,2023-10-07,2026-01-18
H2-ENC006849,HOSP020609,2021-01-20,Telemedicine,H2-PROV0012,DEPT010,32995,2021-12-03,2025-09-15
H2-ENC006850,HOSP023016,2025-07-04,Routine Checkup,H2-PROV0018,DEPT003,93755,2024-06-05,2025-07-04
H2-ENC006851,HOSP018803,2021-06-12,Inpatient,H2-PROV0001,DEPT019,43458,2025-05-04,2021-06-20
H2-ENC006852,HOSP001096,2025-10-24,Emergency,H2-PROV0003,DEPT016,55611,2020-05-19,2024-10-20
H2-ENC006853,HOSP030300,2021-07-01,Outpatient,H2-PROV0029,DEPT013,15076,2022-08-05,2022-07-13
H2-ENC006854,HOSP049857,2025-06-08,Inpatient,H2-PROV0008,DEPT010,96904,2025-08-08,2026-06-02
H2-ENC006855,HOSP029254,2023-09-23,Telemedicine,H2-PROV0007,DEPT008,65662,2020-11-07,2023-02-05
H2-ENC006856,HOSP026478,2023-10-19,Routine Checkup,H2-PROV0014,DEPT014,28166,2021-10-12,2025-05-12
H2-ENC006857,HOSP006887,2026-07-13,Emergency,H2-PROV0019,DEPT009,48603,2025-12-28,2022-12-26
H2-ENC006858,HOSP006365,2023-06-02,Routine Checkup,H2-PROV0022,DEPT017,61733,2023-05-12,2024-05-18
H2-ENC006859,HOSP008483,2021-04-05,Inpatient,H2-PROV0030,DEPT012,20174,2023-06-17,2023-06-15
H2-ENC006860,HOSP012452,2023-09-09,Telemedicine,H2-PROV0004,DEPT016,20818,2025-07-15,2023-03-19
H2-ENC006861,HOSP043138,2020-07-25,Outpatient,H2-PROV0012,DEPT019,62812,2026-09-03,2021-05-01
H2-ENC006862,HOSP022228,2026-07-14,Inpatient,H2-PROV0013,DEPT001,38675,2024-02-27,2023-10-08
H2-ENC006863,HOSP020084,2024-05-01,Telemedicine,H2-PROV0019,DEPT004,88972,2024-05-06,2021-07-06
H2-ENC006864,HOSP045498,2024-04-15,Routine Checkup,H2-PROV0023,DEPT013,75480,2020-01-07,2025-11-17
H2-ENC006865,HOSP012649,2020-10-04,Routine Checkup,H2-PROV0004,DEPT005,26297,2024-12-24,2026-09-09
H2-ENC006866,HOSP048228,2025-11-13,Routine Checkup,H2-PROV0024,DEPT006,61742,2020-07-11,2022-07-01
H2-ENC006867,HOSP037496,2020-06-16,Emergency,H2-PROV0026,DEPT002,81495,2022-07-17,2023-02-14
H2-ENC006868,HOSP009201,2020-01-21,Inpatient,H2-PROV0016,DEPT004,16955,2025-12-23,2025-09-09
H2-ENC006869,HOSP015039,2023-04-29,Routine Checkup,H2-PROV0009,DEPT003,94909,2020-03-23,2021-06-01
H2-ENC006870,HOSP027066,2020-11-01,Outpatient,H2-PROV0026,DEPT018,93650,2026-03-18,2024-11-16
H2-ENC006871,HOSP026458,2021-03-06,Emergency,H2-PROV0014,DEPT007,22795,2024-12-31,2020-06-24
H2-ENC006872,HOSP000902,2026-04-26,Emergency,H2-PROV0010,DEPT009,94034,2026-01-25,2020-02-22
H2-ENC006873,HOSP008295,2022-12-19,Inpatient,H2-PROV0017,DEPT007,21199,2021-08-09,2020-02-02
H2-ENC006874,HOSP011599,2024-12-16,Outpatient,H2-PROV0013,DEPT009,30208,2024-07-28,2022-01-28
H2-ENC006875,HOSP018891,2021-07-31,Routine Checkup,H2-PROV0006,DEPT006,66028,2021-09-11,2020-07-04
H2-ENC006876,HOSP016790,2023-10-20,Routine Checkup,H2-PROV0017,DEPT010,86172,2022-05-31,2021-12-04
H2-ENC006877,HOSP009476,2020-08-04,Outpatient,H2-PROV0012,DEPT001,24383,2021-01-04,2025-09-25
H2-ENC006878,HOSP032375,2023-10-16,Emergency,H2-PROV0011,DEPT003,73761,2021-02-09,2024-06-23
H2-ENC006879,HOSP031836,2021-09-26,Emergency,H2-PROV0027,DEPT018,28115,2023-02-05,2025-02-19
H2-ENC006880,HOSP000019,2022-08-12,Telemedicine,H2-PROV0021,DEPT008,11646,2020-02-07,2023-09-11
H2-ENC006881,HOSP026352,2020-12-18,Routine Checkup,H2-PROV0019,DEPT006,69638,2020-06-11,2021-10-07
H2-ENC006882,HOSP032833,2022-01-19,Emergency,H2-PROV0012,DEPT018,14177,2021-03-14,2024-06-23
H2-ENC006883,HOSP013435,2025-12-22,Emergency,H2-PROV0026,DEPT006,49171,2025-06-21,2025-02-13
H2-ENC006884,HOSP035816,2021-07-20,Emergency,H2-PROV0003,DEPT002,60975,2020-06-17,2025-12-09
H2-ENC006885,HOSP037729,2026-03-26,Inpatient,H2-PROV0001,DEPT013,35982,2023-05-20,2021-03-15
H2-ENC006886,HOSP002139,2026-09-25,Routine Checkup,H2-PROV0022,DEPT008,18696,2026-03-02,2021-03-24
H2-ENC006887,HOSP037377,2022-07-19,Outpatient,H2-PROV0011,DEPT007,92667,2022-06-18,2020-12-21
H2-ENC006888,HOSP020790,2020-05-11,Inpatient,H2-PROV0006,DEPT004,48143,2024-03-29,2024-07-29
H2-ENC006889,HOSP049417,2021-06-24,Inpatient,H2-PROV0018,DEPT012,92395,2024-02-20,2026-04-28
H2-ENC006890,HOSP026350,2025-10-20,Outpatient,H2-PROV0016,DEPT016,21309,2021-01-03,2024-02-05
H2-ENC006891,HOSP030810,2025-04-13,Routine Checkup,H2-PROV0027,DEPT009,57322,2023-03-28,2021-04-06
H2-ENC006892,HOSP001049,2020-09-10,Routine Checkup,H2-PROV0004,DEPT010,13974,2020-10-30,2023-07-08
H2-ENC006893,HOSP003416,2021-09-12,Routine Checkup,H2-PROV0005,DEPT013,32565,2025-04-07,2021-04-21
H2-ENC006894,HOSP010282,2026-05-05,Routine Checkup,H2-PROV0018,DEPT012,16189,2021-03-06,2026-06-03
H2-ENC006895,HOSP041552,2026-04-30,Emergency,H2-PROV0022,DEPT002,62812,2026-08-05,2025-08-22
H2-ENC006896,HOSP015693,2026-10-01,Routine Checkup,H2-PROV0005,DEPT008,40597,2024-11-04,2022-04-13
H2-ENC006897,HOSP036969,2026-07-15,Telemedicine,H2-PROV0006,DEPT005,35243,2024-11-05,2020-08-31
H2-ENC006898,HOSP028620,2023-12-09,Outpatient,H2-PROV0025,DEPT009,73059,2025-08-09,2026-04-17
H2-ENC006899,HOSP018239,2025-01-25,Outpatient,H2-PROV0021,DEPT014,29563,2024-01-28,2023-09-23
H2-ENC006900,HOSP007933,2022-12-27,Telemedicine,H2-PROV0014,DEPT018,10886,2021-05-03,2020-03-31
H2-ENC006901,HOSP034188,2022-02-07,Inpatient,H2-PROV0030,DEPT008,73760,2024-09-25,2025-04-15
H2-ENC006902,HOSP037456,2026-07-10,Outpatient,H2-PROV0004,DEPT005,55376,2024-05-18,2020-02-06
H2-ENC006903,HOSP048589,2024-10-09,Routine Checkup,H2-PROV0006,DEPT019,65966,2026-09-21,2024-05-21
H2-ENC006904,HOSP041327,2022-10-26,Outpatient,H2-PROV0013,DEPT015,12046,2026-04-15,2022-12-09
H2-ENC006905,HOSP011687,2024-04-26,Outpatient,H2-PROV0013,DEPT017,60263,2022-12-29,2022-11-22
H2-ENC006906,HOSP011744,2023-09-08,Routine Checkup,H2-PROV0026,DEPT009,51371,2026-06-12,2020-08-17
H2-ENC006907,HOSP009241,2020-02-07,Routine Checkup,H2-PROV0008,DEPT009,88440,2023-01-09,2021-11-09
H2-ENC006908,HOSP016842,2024-01-18,Outpatient,H2-PROV0014,DEPT007,43222,2021-04-19,2022-09-21
H2-ENC006909,HOSP025958,2022-09-28,Inpatient,H2-PROV0010,DEPT001,94840,2025-05-11,2024-11-14
H2-ENC006910,HOSP002122,2022-06-22,Outpatient,H2-PROV0015,DEPT015,75978,2022-02-23,2023-03-23
H2-ENC006911,HOSP004201,2025-09-21,Telemedicine,H2-PROV0023,DEPT006,38013,2022-12-02,2025-07-25
H2-ENC006912,HOSP012473,2024-04-18,Outpatient,H2-PROV0018,DEPT008,69396,2026-09-04,2025-01-17
H2-ENC006913,HOSP019294,2024-08-16,Outpatient,H2-PROV0021,DEPT010,59662,2020-06-28,2020-06-29
H2-ENC006914,HOSP002682,2024-11-09,Telemedicine,H2-PROV0008,DEPT007,72220,2020-10-23,2022-08-27
H2-ENC006915,HOSP014144,2021-12-12,Telemedicine,H2-PROV0022,DEPT002,59966,2022-07-17,2024-08-24
H2-ENC006916,HOSP038754,2025-02-19,Inpatient,H2-PROV0006,DEPT018,60015,2022-04-24,2021-08-04
H2-ENC006917,HOSP036660,2024-08-28,Routine Checkup,H2-PROV0002,DEPT014,14989,2021-12-06,2022-12-26
H2-ENC006918,HOSP012992,2023-04-18,Inpatient,H2-PROV0010,DEPT014,84594,2024-03-22,2025-01-19
H2-ENC006919,HOSP011051,2022-01-24,Inpatient,H2-PROV0024,DEPT005,62642,2022-07-22,2021-09-19
H2-ENC006920,HOSP035892,2024-05-05,Outpatient,H2-PROV0021,DEPT005,34629,2025-04-05,2024-05-11
H2-ENC006921,HOSP004295,2021-04-23,Telemedicine,H2-PROV0020,DEPT009,88972,2020-08-31,2023-01-12
H2-ENC006922,HOSP007169,2020-03-25,Inpatient,H2-PROV0020,DEPT010,26828,2020-11-04,2021-06-26
H2-ENC006923,HOSP003033,2024-06-30,Inpatient,H2-PROV0012,DEPT006,35243,2020-03-08,2026-02-14
H2-ENC006924,HOSP041173,2024-09-29,Inpatient,H2-PROV0011,DEPT007,43756,2022-04-29,2024-11-03
H2-ENC006925,HOSP026227,2023-02-10,Telemedicine,H2-PROV0030,DEPT013,79722,2020-02-05,2023-03-13
H2-ENC006926,HOSP005876,2025-07-11,Emergency,H2-PROV0023,DEPT003,91391,2021-07-10,2020-02-10
H2-ENC006927,HOSP017293,2020-08-20,Routine Checkup,H2-PROV0012,DEPT009,11421,2025-02-10,2024-06-01
H2-ENC006928,HOSP049622,2020-02-24,Routine Checkup,H2-PROV0011,DEPT016,20818,2023-09-01,2025-12-16
H2-ENC006929,HOSP049292,2025-05-22,Inpatient,H2-PROV0013,DEPT001,79634,2026-06-15,2021-08-07
H2-ENC006930,HOSP030022,2025-06-17,Emergency,H2-PROV0017,DEPT014,93338,2024-06-28,2021-05-23
H2-ENC006931,HOSP027349,2024-01-22,Emergency,H2-PROV0004,DEPT016,10877,2025-09-16,2026-05-28
H2-ENC006932,HOSP033664,2022-04-27,Outpatient,H2-PROV0021,DEPT004,52359,2022-04-01,2024-01-17
H2-ENC006933,HOSP016082,2026-04-19,Emergency,H2-PROV0020,DEPT009,63116,2025-10-16,2022-12-07
H2-ENC006934,HOSP049640,2023-06-15,Routine Checkup,H2-PROV0025,DEPT003,76248,2024-09-21,2023-05-31
H2-ENC006935,HOSP049776,2022-08-22,Telemedicine,H2-PROV0027,DEPT014,31189,2020-04-02,2023-07-18
H2-ENC006936,HOSP027647,2021-09-25,Outpatient,H2-PROV0013,DEPT012,39256,2021-09-28,2024-06-19
H2-ENC006937,HOSP028391,2021-10-16,Inpatient,H2-PROV0027,DEPT003,46440,2025-07-23,2020-07-08
H2-ENC006938,HOSP009142,2024-10-12,Telemedicine,H2-PROV0004,DEPT018,93755,2023-10-08,2024-02-23
H2-ENC006939,HOSP011940,2023-04-17,Telemedicine,H2-PROV0026,DEPT011,97079,2021-12-22,2020-11-30
H2-ENC006940,HOSP003054,2023-04-24,Telemedicine,H2-PROV0017,DEPT015,20818,2025-04-28,2026-01-04
H2-ENC006941,HOSP035496,2022-12-23,Outpatient,H2-PROV0003,DEPT004,94174,2020-07-23,2022-04-22
H2-ENC006942,HOSP045279,2021-10-12,Routine Checkup,H2-PROV0003,DEPT008,53313,2026-02-16,2020-10-18
H2-ENC006943,HOSP012884,2024-08-05,Outpatient,H2-PROV0016,DEPT006,80648,2020-09-26,2024-08-06
H2-ENC006944,HOSP035251,2023-10-24,Outpatient,H2-PROV0012,DEPT008,69934,2026-09-30,2022-10-13
H2-ENC006945,HOSP009722,2024-01-23,Inpatient,H2-PROV0006,DEPT012,40905,2021-01-23,2026-02-23
H2-ENC006946,HOSP038685,2020-08-03,Inpatient,H2-PROV0004,DEPT007,37641,2025-01-25,2025-01-11
H2-ENC006947,HOSP028644,2021-04-07,Routine Checkup,H2-PROV0021,DEPT018,21133,2024-07-19,2023-07-14
H2-ENC006948,HOSP003280,2025-11-15,Telemedicine,H2-PROV0018,DEPT020,42812,2020-06-30,2022-03-02
H2-ENC006949,HOSP001975,2022-02-13,Telemedicine,H2-PROV0002,DEPT001,58265,2023-04-07,2022-06-05
H2-ENC006950,HOSP002791,2021-08-11,Inpatient,H2-PROV0027,DEPT006,80524,2025-08-01,2023-07-01
H2-ENC006951,HOSP041048,2022-08-21,Telemedicine,H2-PROV0018,DEPT015,60864,2022-03-19,2021-02-27
H2-ENC006952,HOSP008080,2021-01-23,Emergency,H2-PROV0027,DEPT001,93015,2025-02-18,2025-06-14
H2-ENC006953,HOSP003560,2022-11-02,Emergency,H2-PROV0017,DEPT001,21536,2026-06-26,2026-05-05
H2-ENC006954,HOSP003274,2021-12-14,Routine Checkup,H2-PROV0013,DEPT011,99752,2023-02-20,2024-06-07
H2-ENC006955,HOSP047561,2021-02-24,Inpatient,H2-PROV0004,DEPT005,26430,2020-04-09,2025-08-01
H2-ENC006956,HOSP044500,2025-02-24,Inpatient,H2-PROV0027,DEPT002,82892,2026-06-23,2025-02-27
H2-ENC006957,HOSP023546,2021-06-11,Emergency,H2-PROV0001,DEPT003,20581,2020-11-22,2022-05-08
H2-ENC006958,HOSP013397,2024-06-03,Inpatient,H2-PROV0018,DEPT003,53056,2026-09-23,2022-08-09
H2-ENC006959,HOSP019390,2025-04-30,Telemedicine,H2-PROV0003,DEPT002,85792,2025-10-04,2025-08-01
H2-ENC006960,HOSP008422,2022-07-05,Inpatient,H2-PROV0014,DEPT004,68587,2023-01-04,2024-04-14
H2-ENC006961,HOSP024136,2026-03-09,Telemedicine,H2-PROV0007,DEPT007,82294,2024-07-26,2026-07-25
H2-ENC006962,HOSP031222,2020-06-24,Emergency,H2-PROV0013,DEPT010,30420,2022-02-01,2025-10-28
H2-ENC006963,HOSP025105,2025-05-10,Inpatient,H2-PROV0019,DEPT007,74383,2022-04-04,2025-10-16
H2-ENC006964,HOSP009494,2021-03-12,Emergency,H2-PROV0008,DEPT019,38735,2022-02-26,2022-04-07
H2-ENC006965,HOSP018493,2025-05-02,Emergency,H2-PROV0008,DEPT004,98428,2024-05-04,2023-08-11
H2-ENC006966,HOSP012418,2025-09-14,Inpatient,H2-PROV0030,DEPT001,77833,2023-01-28,2021-11-22
H2-ENC006967,HOSP012929,2022-06-10,Telemedicine,H2-PROV0013,DEPT001,91746,2022-02-20,2026-07-13
H2-ENC006968,HOSP044918,2021-11-28,Inpatient,H2-PROV0003,DEPT013,65795,2025-06-26,2026-04-14
H2-ENC006969,HOSP005773,2022-08-31,Telemedicine,H2-PROV0018,DEPT003,33056,2024-12-04,2022-10-05
H2-ENC006970,HOSP037218,2026-04-05,Outpatient,H2-PROV0020,DEPT010,85191,2024-07-15,2024-06-14
H2-ENC006971,HOSP007084,2024-05-22,Telemedicine,H2-PROV0017,DEPT001,13484,2025-09-07,2021-12-20
H2-ENC006972,HOSP043991,2022-07-30,Outpatient,H2-PROV0025,DEPT015,90316,2026-07-12,2024-05-28
H2-ENC006973,HOSP016412,2025-10-22,Telemedicine,H2-PROV0024,DEPT002,85707,2025-10-05,2022-08-07
H2-ENC006974,HOSP003991,2026-07-06,Routine Checkup,H2-PROV0013,DEPT016,19697,2020-11-07,2022-10-16
H2-ENC006975,HOSP014178,2022-07-29,Telemedicine,H2-PROV0017,DEPT017,84874,2022-09-09,2024-11-26
H2-ENC006976,HOSP046575,2026-01-11,Emergency,H2-PROV0020,DEPT004,71258,2026-09-30,2020-12-26
H2-ENC006977,HOSP003925,2023-03-04,Routine Checkup,H2-PROV0006,DEPT016,49874,2024-02-25,2025-04-29
H2-ENC006978,HOSP013924,2020-06-06,Emergency,H2-PROV0023,DEPT004,64532,2022-10-03,2026-04-16
H2-ENC006979,HOSP034973,2020-10-17,Routine Checkup,H2-PROV0021,DEPT005,28046,2023-02-19,2026-09-14
H2-ENC006980,HOSP033181,2026-01-19,Inpatient,H2-PROV0017,DEPT014,17178,2021-10-11,2023-05-31
H2-ENC006981,HOSP026395,2023-12-26,Inpatient,H2-PROV0013,DEPT011,96903,2024-06-11,2026-04-09
H2-ENC006982,HOSP031662,2024-03-08,Telemedicine,H2-PROV0022,DEPT009,60360,2024-01-02,2025-02-12
H2-ENC006983,HOSP038699,2023-01-06,Outpatient,H2-PROV0028,DEPT012,66480,2026-08-19,2020-08-14
H2-ENC006984,HOSP042733,2025-12-18,Emergency,H2-PROV0008,DEPT003,48801,2024-01-25,2020-09-06
H2-ENC006985,HOSP022377,2025-10-15,Emergency,H2-PROV0006,DEPT013,25152,2024-09-20,2023-12-30
H2-ENC006986,HOSP011274,2020-01-21,Outpatient,H2-PROV0003,DEPT004,75720,2025-03-21,2023-07-24
H2-ENC006987,HOSP028315,2024-03-25,Inpatient,H2-PROV0030,DEPT002,83075,2026-04-29,2021-08-20
H2-ENC006988,HOSP024077,2025-10-15,Outpatient,H2-PROV0025,DEPT019,16461,2025-06-15,2022-09-05
H2-ENC006989,HOSP011261,2021-05-12,Inpatient,H2-PROV0001,DEPT007,28814,2023-09-29,2022-09-08
H2-ENC006990,HOSP033876,2025-02-03,Inpatient,H2-PROV0023,DEPT002,63966,2020-08-12,2026-01-15
H2-ENC006991,HOSP037864,2021-03-19,Outpatient,H2-PROV0010,DEPT020,81065,2023-11-13,2020-04-15
H2-ENC006992,HOSP012707,2026-07-14,Inpatient,H2-PROV0026,DEPT013,30854,2022-04-15,2025-12-13
H2-ENC006993,HOSP003781,2024-12-20,Emergency,H2-PROV0028,DEPT016,97505,2020-09-18,2022-10-25
H2-ENC006994,HOSP004650,2025-08-04,Emergency,H2-PROV0028,DEPT020,66972,2021-07-31,2020-06-22
H2-ENC006995,HOSP034234,2021-05-20,Emergency,H2-PROV0011,DEPT016,98690,2023-06-20,2023-10-05
H2-ENC006996,HOSP034930,2025-08-04,Outpatient,H2-PROV0011,DEPT008,33961,2026-06-02,2024-11-15
H2-ENC006997,HOSP023881,2025-09-24,Telemedicine,H2-PROV0001,DEPT001,10703,2021-10-26,2025-10-22
H2-ENC006998,HOSP033910,2024-07-16,Emergency,H2-PROV0004,DEPT004,36953,2022-02-02,2022-09-03
H2-ENC006999,HOSP046001,2023-11-17,Outpatient,H2-PROV0007,DEPT009,99695,2020-05-13,2025-04-01
H2-ENC007000,HOSP032974,2026-03-12,Routine Checkup,H2-PROV0004,DEPT008,38609,2020-03-17,2026-01-24
H2-ENC007001,HOSP029774,2025-06-18,Emergency,H2-PROV0014,DEPT011,93079,2026-04-05,2025-03-21
H2-ENC007002,HOSP046997,2020-11-01,Outpatient,H2-PROV0004,DEPT006,20761,2020-05-25,2025-01-19
H2-ENC007003,HOSP006962,2022-12-07,Inpatient,H2-PROV0015,DEPT018,38918,2025-11-02,2020-05-10
H2-ENC007004,HOSP037879,2021-02-17,Telemedicine,H2-PROV0015,DEPT018,49391,2024-02-03,2026-05-11
H2-ENC007005,HOSP012968,2022-11-17,Emergency,H2-PROV0016,DEPT009,70688,2026-02-25,2020-03-28
H2-ENC007006,HOSP039421,2024-12-10,Routine Checkup,H2-PROV0002,DEPT003,48045,2022-07-02,2025-01-29
H2-ENC007007,HOSP018887,2024-12-26,Outpatient,H2-PROV0007,DEPT010,96898,2020-06-29,2020-03-10
H2-ENC007008,HOSP024677,2022-11-18,Inpatient,H2-PROV0018,DEPT014,35978,2020-02-05,2022-08-25
H2-ENC007009,HOSP042940,2024-03-01,Telemedicine,H2-PROV0020,DEPT020,99841,2020-07-01,2020-02-05
H2-ENC007010,HOSP005612,2023-05-22,Routine Checkup,H2-PROV0022,DEPT007,18108,2021-07-07,2024-08-14
H2-ENC007011,HOSP037027,2020-04-15,Routine Checkup,H2-PROV0013,DEPT009,80451,2025-01-19,2022-02-15
H2-ENC007012,HOSP012257,2023-02-22,Emergency,H2-PROV0027,DEPT019,17639,2021-03-15,2021-06-21
H2-ENC007013,HOSP009514,2025-04-06,Inpatient,H2-PROV0002,DEPT007,12415,2026-06-25,2022-01-04
H2-ENC007014,HOSP007129,2024-12-04,Emergency,H2-PROV0009,DEPT013,37486,2020-06-12,2020-09-22
H2-ENC007015,HOSP049891,2024-01-03,Telemedicine,H2-PROV0027,DEPT011,11646,2023-07-27,2023-11-11
H2-ENC007016,HOSP033288,2021-06-29,Telemedicine,H2-PROV0018,DEPT018,84333,2025-06-01,2024-05-13
H2-ENC007017,HOSP039511,2024-06-21,Telemedicine,H2-PROV0003,DEPT013,75496,2024-06-27,2026-05-23
H2-ENC007018,HOSP017393,2020-08-11,Outpatient,H2-PROV0022,DEPT014,10745,2021-05-24,2020-11-02
H2-ENC007019,HOSP035980,2024-03-05,Emergency,H2-PROV0015,DEPT011,72092,2021-02-07,2020-11-11
H2-ENC007020,HOSP037275,2022-03-24,Routine Checkup,H2-PROV0006,DEPT007,30076,2022-10-02,2024-08-18
H2-ENC007021,HOSP007856,2026-03-10,Inpatient,H2-PROV0026,DEPT010,68535,2025-02-06,2023-10-24
H2-ENC007022,HOSP049072,2024-10-26,Routine Checkup,H2-PROV0001,DEPT003,48801,2022-03-28,2022-11-12
H2-ENC007023,HOSP002740,2025-11-03,Inpatient,H2-PROV0029,DEPT009,84333,2022-03-08,2024-09-05
H2-ENC007024,HOSP003702,2023-04-03,Telemedicine,H2-PROV0005,DEPT010,96525,2021-07-28,2021-06-27
H2-ENC007025,HOSP005933,2023-01-20,Emergency,H2-PROV0014,DEPT007,79634,2026-02-18,2021-08-03
H2-ENC007026,HOSP045643,2020-03-13,Telemedicine,H2-PROV0014,DEPT014,27801,2024-03-11,2020-11-05
H2-ENC007027,HOSP035178,2023-03-11,Emergency,H2-PROV0006,DEPT008,16982,2021-07-23,2020-08-22
H2-ENC007028,HOSP001125,2021-12-18,Outpatient,H2-PROV0025,DEPT013,84517,2025-09-23,2023-02-27
H2-ENC007029,HOSP033922,2024-07-22,Telemedicine,H2-PROV0014,DEPT013,41594,2020-11-02,2025-06-12
H2-ENC007030,HOSP029131,2021-03-31,Telemedicine,H2-PROV0006,DEPT007,45202,2020-11-21,2022-06-17
H2-ENC007031,HOSP028037,2023-08-07,Routine Checkup,H2-PROV0008,DEPT018,42322,2020-07-21,2022-03-28
H2-ENC007032,HOSP024130,2021-05-27,Outpatient,H2-PROV0002,DEPT020,11200,2026-06-15,2025-08-26
H2-ENC007033,HOSP033852,2021-12-21,Inpatient,H2-PROV0007,DEPT010,60075,2021-12-20,2023-07-18
H2-ENC007034,HOSP020762,2021-01-13,Outpatient,H2-PROV0022,DEPT008,75310,2023-12-06,2022-10-17
H2-ENC007035,HOSP002781,2020-02-17,Emergency,H2-PROV0027,DEPT005,94872,2021-07-02,2025-01-24
H2-ENC007036,HOSP039970,2021-01-31,Inpatient,H2-PROV0027,DEPT009,90405,2024-10-23,2026-09-25
H2-ENC007037,HOSP034873,2026-03-25,Inpatient,H2-PROV0030,DEPT003,75772,2022-10-05,2023-10-26
H2-ENC007038,HOSP045639,2021-07-02,Routine Checkup,H2-PROV0001,DEPT014,38675,2023-02-17,2020-09-02
H2-ENC007039,HOSP046290,2022-03-05,Inpatient,H2-PROV0019,DEPT007,59469,2025-03-29,2026-01-11
H2-ENC007040,HOSP045842,2022-10-15,Outpatient,H2-PROV0015,DEPT008,99174,2023-05-19,2025-09-16
H2-ENC007041,HOSP044217,2026-02-08,Emergency,H2-PROV0014,DEPT007,88440,2022-06-02,2022-12-13
H2-ENC007042,HOSP030106,2020-03-05,Emergency,H2-PROV0019,DEPT012,64270,2026-06-27,2023-01-30
H2-ENC007043,HOSP010764,2021-08-20,Routine Checkup,H2-PROV0027,DEPT019,96827,2020-07-29,2024-09-01
H2-ENC007044,HOSP024457,2025-02-26,Emergency,H2-PROV0030,DEPT006,33961,2024-07-25,2024-12-21
H2-ENC007045,HOSP049131,2025-08-12,Emergency,H2-PROV0008,DEPT020,85873,2022-09-22,2025-11-07
H2-ENC007046,HOSP015112,2025-08-29,Telemedicine,H2-PROV0022,DEPT019,34493,2023-07-21,2022-01-19
H2-ENC007047,HOSP023967,2023-05-14,Routine Checkup,H2-PROV0028,DEPT004,99921,2023-04-15,2022-01-03
H2-ENC007048,HOSP035022,2023-07-06,Telemedicine,H2-PROV0021,DEPT015,47821,2020-11-28,2021-06-04
H2-ENC007049,HOSP010277,2025-08-21,Telemedicine,H2-PROV0014,DEPT005,16990,2023-12-02,2022-06-20
H2-ENC007050,HOSP045703,2020-05-23,Inpatient,H2-PROV0003,DEPT014,85746,2020-10-30,2023-09-11
H2-ENC007051,HOSP012221,2022-03-24,Telemedicine,H2-PROV0002,DEPT019,80370,2020-07-31,2023-01-15
H2-ENC007052,HOSP032227,2024-11-13,Inpatient,H2-PROV0021,DEPT014,80461,2021-12-10,2024-04-26
H2-ENC007053,HOSP011599,2024-05-22,Routine Checkup,H2-PROV0023,DEPT009,68535,2020-05-07,2021-09-29
H2-ENC007054,HOSP025684,2023-10-08,Telemedicine,H2-PROV0006,DEPT003,81608,2022-03-31,2020-01-18
H2-ENC007055,HOSP008167,2026-03-15,Routine Checkup,H2-PROV0001,DEPT004,14989,2023-12-17,2026-09-11
H2-ENC007056,HOSP001377,2022-02-19,Routine Checkup,H2-PROV0007,DEPT009,63714,2022-10-07,2021-11-01
H2-ENC007057,HOSP007714,2025-09-07,Outpatient,H2-PROV0025,DEPT018,96411,2025-06-16,2022-10-29
H2-ENC007058,HOSP047587,2022-04-22,Inpatient,H2-PROV0013,DEPT009,24161,2020-06-07,2021-04-13
H2-ENC007059,HOSP012552,2020-10-18,Outpatient,H2-PROV0026,DEPT009,32565,2021-12-28,2020-09-24
H2-ENC007060,HOSP006462,2024-03-21,Inpatient,H2-PROV0013,DEPT019,80253,2020-01-10,2023-08-15
H2-ENC007061,HOSP025490,2023-08-15,Outpatient,H2-PROV0028,DEPT016,75774,2026-07-16,2022-12-25
H2-ENC007062,HOSP025302,2021-08-02,Telemedicine,H2-PROV0021,DEPT012,50070,2022-06-21,2024-06-04
H2-ENC007063,HOSP018675,2022-07-30,Outpatient,H2-PROV0010,DEPT020,46668,2023-12-12,2021-05-20
H2-ENC007064,HOSP012604,2021-03-19,Emergency,H2-PROV0007,DEPT020,42200,2025-10-16,2022-12-17
H2-ENC007065,HOSP003398,2026-03-17,Inpatient,H2-PROV0024,DEPT004,94174,2025-10-16,2020-11-27
H2-ENC007066,HOSP047706,2025-01-28,Inpatient,H2-PROV0026,DEPT006,84212,2023-06-26,2024-01-17
H2-ENC007067,HOSP031592,2023-02-09,Routine Checkup,H2-PROV0014,DEPT001,98121,2024-11-16,2023-04-08
H2-ENC007068,HOSP012345,2020-01-09,Emergency,H2-PROV0020,DEPT006,44321,2024-06-25,2025-06-23
H2-ENC007069,HOSP039822,2024-10-08,Emergency,H2-PROV0012,DEPT009,57355,2021-08-28,2023-09-23
H2-ENC007070,HOSP006987,2026-08-06,Telemedicine,H2-PROV0026,DEPT014,52613,2023-08-10,2022-11-25
H2-ENC007071,HOSP042344,2026-03-25,Emergency,H2-PROV0015,DEPT014,47288,2023-12-08,2025-11-29
H2-ENC007072,HOSP011035,2022-08-09,Inpatient,H2-PROV0027,DEPT014,39592,2021-05-02,2024-04-17
H2-ENC007073,HOSP028648,2022-10-30,Emergency,H2-PROV0021,DEPT012,58265,2022-11-08,2023-10-15
H2-ENC007074,HOSP045837,2025-02-13,Telemedicine,H2-PROV0005,DEPT002,79722,2020-07-18,2026-03-22
H2-ENC007075,HOSP010387,2022-11-04,Outpatient,H2-PROV0009,DEPT006,45009,2025-07-30,2024-01-04
H2-ENC007076,HOSP002594,2022-10-02,Inpatient,H2-PROV0004,DEPT005,95020,2024-07-03,2024-03-27
H2-ENC007077,HOSP044866,2025-11-24,Outpatient,H2-PROV0030,DEPT014,17070,2021-03-28,2025-12-05
H2-ENC007078,HOSP004160,2021-09-23,Inpatient,H2-PROV0008,DEPT018,33258,2020-06-10,2023-11-22
H2-ENC007079,HOSP024600,2020-01-11,Telemedicine,H2-PROV0014,DEPT013,61733,2023-10-11,2020-12-26
H2-ENC007080,HOSP048851,2022-09-13,Telemedicine,H2-PROV0029,DEPT015,85710,2021-01-16,2020-01-29
H2-ENC007081,HOSP028161,2023-03-27,Emergency,H2-PROV0025,DEPT008,72068,2025-07-25,2025-02-08
H2-ENC007082,HOSP049363,2021-02-07,Outpatient,H2-PROV0016,DEPT002,60573,2025-02-27,2020-02-26
H2-ENC007083,HOSP012274,2026-05-18,Routine Checkup,H2-PROV0022,DEPT009,45994,2024-08-26,2022-11-10
H2-ENC007084,HOSP041879,2023-05-06,Emergency,H2-PROV0014,DEPT018,57355,2024-08-17,2022-08-03
H2-ENC007085,HOSP038009,2024-06-06,Telemedicine,H2-PROV0001,DEPT002,73021,2021-04-17,2021-04-02
H2-ENC007086,HOSP027056,2025-06-06,Outpatient,H2-PROV0022,DEPT007,84333,2020-10-19,2025-05-19
H2-ENC007087,HOSP015083,2020-03-19,Inpatient,H2-PROV0006,DEPT003,45591,2025-03-07,2020-10-10
H2-ENC007088,HOSP039692,2022-02-09,Inpatient,H2-PROV0029,DEPT016,10745,2025-07-23,2023-12-30
H2-ENC007089,HOSP048834,2023-07-24,Emergency,H2-PROV0015,DEPT014,17225,2024-05-30,2021-04-18
H2-ENC007090,HOSP032462,2026-03-18,Outpatient,H2-PROV0004,DEPT003,99174,2026-01-01,2026-05-04
H2-ENC007091,HOSP032793,2020-11-19,Emergency,H2-PROV0008,DEPT015,67519,2025-03-22,2025-04-21
H2-ENC007092,HOSP006122,2021-08-19,Routine Checkup,H2-PROV0019,DEPT005,33056,2023-02-26,2024-10-19
H2-ENC007093,HOSP002070,2024-08-16,Outpatient,H2-PROV0028,DEPT014,18032,2025-02-24,2024-07-22
H2-ENC007094,HOSP016548,2022-09-30,Outpatient,H2-PROV0006,DEPT012,99977,2024-10-12,2023-12-10
H2-ENC007095,HOSP029561,2024-03-07,Outpatient,H2-PROV0014,DEPT019,25961,2023-01-24,2023-03-11
H2-ENC007096,HOSP033302,2024-01-08,Routine Checkup,H2-PROV0030,DEPT007,91746,2020-11-18,2025-07-02
H2-ENC007097,HOSP002243,2021-06-04,Telemedicine,H2-PROV0020,DEPT018,16461,2022-12-12,2026-05-14
H2-ENC007098,HOSP029104,2022-02-08,Routine Checkup,H2-PROV0017,DEPT014,40475,2025-09-13,2024-04-30
H2-ENC007099,HOSP027929,2021-05-07,Inpatient,H2-PROV0009,DEPT002,75884,2023-10-24,2025-01-05
H2-ENC007100,HOSP016220,2023-01-09,Outpatient,H2-PROV0008,DEPT007,55611,2021-05-27,2025-10-02
H2-ENC007101,HOSP036674,2021-03-03,Outpatient,H2-PROV0028,DEPT011,41054,2020-08-30,2026-02-04
H2-ENC007102,HOSP014121,2026-06-28,Inpatient,H2-PROV0028,DEPT009,24161,2023-07-22,2022-05-11
H2-ENC007103,HOSP007643,2024-01-30,Routine Checkup,H2-PROV0030,DEPT009,70701,2023-01-01,2025-12-02
H2-ENC007104,HOSP022450,2024-01-16,Inpatient,H2-PROV0011,DEPT004,66033,2021-04-10,2026-03-07
H2-ENC007105,HOSP022655,2022-12-13,Outpatient,H2-PROV0022,DEPT009,97491,2024-10-13,2024-04-07
H2-ENC007106,HOSP002959,2024-01-02,Outpatient,H2-PROV0026,DEPT005,69450,2023-05-19,2026-01-11
H2-ENC007107,HOSP033392,2020-10-04,Emergency,H2-PROV0010,DEPT013,67757,2024-10-25,2020-11-11
H2-ENC007108,HOSP012035,2026-08-18,Telemedicine,H2-PROV0001,DEPT017,37375,2021-12-06,2021-02-14
H2-ENC007109,HOSP024310,2022-05-09,Outpatient,H2-PROV0004,DEPT020,60075,2020-10-06,2021-10-09
H2-ENC007110,HOSP010826,2023-07-27,Telemedicine,H2-PROV0025,DEPT020,48754,2022-01-31,2025-05-08
H2-ENC007111,HOSP003800,2025-03-08,Emergency,H2-PROV0028,DEPT002,24795,2022-03-29,2026-06-02
H2-ENC007112,HOSP025367,2020-12-21,Inpatient,H2-PROV0009,DEPT019,55663,2020-01-21,2022-10-05
H2-ENC007113,HOSP036114,2025-12-12,Inpatient,H2-PROV0010,DEPT001,47609,2023-02-15,2023-04-30
H2-ENC007114,HOSP049168,2024-02-18,Emergency,H2-PROV0005,DEPT018,79992,2020-01-25,2024-02-11
H2-ENC007115,HOSP032794,2024-11-27,Telemedicine,H2-PROV0017,DEPT012,32674,2025-07-01,2025-08-18
H2-ENC007116,HOSP026342,2020-05-06,Outpatient,H2-PROV0027,DEPT012,76332,2024-11-27,2020-05-25
H2-ENC007117,HOSP026766,2024-01-20,Inpatient,H2-PROV0030,DEPT013,30764,2025-09-21,2025-05-16
H2-ENC007118,HOSP008059,2023-09-24,Emergency,H2-PROV0013,DEPT007,12472,2020-05-22,2022-02-26
H2-ENC007119,HOSP023090,2020-02-13,Emergency,H2-PROV0006,DEPT017,80524,2025-10-20,2024-11-04
H2-ENC007120,HOSP015546,2024-12-28,Routine Checkup,H2-PROV0012,DEPT019,76922,2023-09-24,2025-02-23
H2-ENC007121,HOSP007946,2023-10-10,Emergency,H2-PROV0012,DEPT015,84958,2022-07-27,2024-03-21
H2-ENC007122,HOSP006608,2022-06-29,Routine Checkup,H2-PROV0026,DEPT001,63966,2025-06-03,2022-08-16
H2-ENC007123,HOSP037275,2024-05-01,Inpatient,H2-PROV0003,DEPT006,10540,2022-05-09,2020-05-09
H2-ENC007124,HOSP011395,2022-07-10,Telemedicine,H2-PROV0015,DEPT008,82995,2021-01-31,2022-02-06
H2-ENC007125,HOSP031718,2026-03-20,Telemedicine,H2-PROV0014,DEPT013,52613,2025-06-15,2021-12-12
H2-ENC007126,HOSP013514,2023-08-17,Telemedicine,H2-PROV0029,DEPT015,51912,2020-10-26,2020-06-01
H2-ENC007127,HOSP006463,2023-12-09,Telemedicine,H2-PROV0015,DEPT004,90392,2023-03-05,2024-05-07
H2-ENC007128,HOSP025722,2020-07-02,Telemedicine,H2-PROV0028,DEPT016,45115,2020-03-20,2026-09-17
H2-ENC007129,HOSP009562,2023-04-20,Emergency,H2-PROV0013,DEPT018,39840,2023-04-04,2022-07-20
H2-ENC007130,HOSP007675,2024-12-21,Telemedicine,H2-PROV0030,DEPT010,19697,2026-01-09,2020-05-04
H2-ENC007131,HOSP041740,2021-06-13,Inpatient,H2-PROV0010,DEPT010,12415,2020-04-21,2021-12-11
H2-ENC007132,HOSP044172,2022-06-08,Routine Checkup,H2-PROV0019,DEPT018,59644,2023-11-28,2025-07-11
H2-ENC007133,HOSP022974,2026-01-15,Telemedicine,H2-PROV0024,DEPT013,28518,2022-08-22,2025-08-17
H2-ENC007134,HOSP008308,2022-01-08,Outpatient,H2-PROV0007,DEPT011,42812,2024-07-21,2020-02-25
H2-ENC007135,HOSP001469,2021-03-22,Telemedicine,H2-PROV0024,DEPT016,39610,2024-02-25,2026-01-16
H2-ENC007136,HOSP048256,2024-05-17,Telemedicine,H2-PROV0003,DEPT008,92395,2020-02-22,2025-01-22
H2-ENC007137,HOSP018852,2020-08-28,Telemedicine,H2-PROV0023,DEPT007,53504,2025-12-01,2023-06-16
H2-ENC007138,HOSP040758,2023-06-20,Emergency,H2-PROV0024,DEPT020,42691,2026-02-28,2023-07-24
H2-ENC007139,HOSP027263,2024-10-04,Outpatient,H2-PROV0028,DEPT007,64532,2024-11-06,2024-06-28
H2-ENC007140,HOSP001878,2026-01-20,Inpatient,H2-PROV0004,DEPT003,50025,2022-03-05,2024-04-08
H2-ENC007141,HOSP042810,2025-08-26,Telemedicine,H2-PROV0005,DEPT018,31734,2026-01-23,2026-03-07
H2-ENC007142,HOSP045789,2021-02-13,Telemedicine,H2-PROV0021,DEPT007,50070,2020-01-24,2026-08-24
H2-ENC007143,HOSP028190,2021-01-22,Emergency,H2-PROV0021,DEPT014,96903,2022-10-15,2024-11-15
H2-ENC007144,HOSP015742,2021-11-03,Outpatient,H2-PROV0026,DEPT005,41299,2020-10-26,2023-11-13
H2-ENC007145,HOSP045903,2023-10-21,Outpatient,H2-PROV0014,DEPT009,37404,2023-06-29,2020-05-18
H2-ENC007146,HOSP011204,2023-12-26,Inpatient,H2-PROV0015,DEPT003,50750,2025-11-22,2025-12-24
H2-ENC007147,HOSP007937,2020-05-05,Telemedicine,H2-PROV0028,DEPT004,24476,2026-03-01,2025-05-03
H2-ENC007148,HOSP019905,2024-07-05,Emergency,H2-PROV0024,DEPT016,17639,2020-08-12,2026-03-17
H2-ENC007149,HOSP010559,2021-09-01,Telemedicine,H2-PROV0017,DEPT006,22628,2025-05-31,2025-04-22
H2-ENC007150,HOSP014700,2023-08-15,Outpatient,H2-PROV0005,DEPT013,86865,2023-08-14,2023-05-02
H2-ENC007151,HOSP019308,2023-03-17,Telemedicine,H2-PROV0024,DEPT018,71994,2026-04-23,2024-04-23
H2-ENC007152,HOSP049181,2024-10-14,Telemedicine,H2-PROV0003,DEPT006,35802,2023-11-08,2020-11-03
H2-ENC007153,HOSP031457,2021-03-05,Inpatient,H2-PROV0017,DEPT011,26697,2021-05-25,2021-10-13
H2-ENC007154,HOSP033689,2020-11-23,Routine Checkup,H2-PROV0015,DEPT012,59755,2020-11-15,2023-12-08
H2-ENC007155,HOSP001175,2020-10-30,Inpatient,H2-PROV0010,DEPT019,20581,2023-11-28,2023-01-28
H2-ENC007156,HOSP019800,2020-01-25,Routine Checkup,H2-PROV0011,DEPT003,25335,2025-10-25,2026-06-04
H2-ENC007157,HOSP014935,2024-05-09,Outpatient,H2-PROV0030,DEPT003,53233,2020-12-16,2021-07-22
H2-ENC007158,HOSP036278,2021-11-12,Outpatient,H2-PROV0027,DEPT009,73843,2022-11-14,2022-05-23
H2-ENC007159,HOSP031260,2024-09-11,Inpatient,H2-PROV0027,DEPT020,54974,2023-10-14,2022-07-20
H2-ENC007160,HOSP031736,2022-05-29,Outpatient,H2-PROV0022,DEPT005,41123,2023-07-01,2021-02-26
H2-ENC007161,HOSP015387,2022-10-17,Outpatient,H2-PROV0004,DEPT002,69638,2021-04-02,2026-02-12
H2-ENC007162,HOSP024188,2020-08-09,Telemedicine,H2-PROV0019,DEPT016,25961,2024-05-30,2020-11-16
H2-ENC007163,HOSP009198,2020-01-28,Outpatient,H2-PROV0030,DEPT001,34629,2025-06-18,2023-05-07
H2-ENC007164,HOSP005159,2026-01-24,Emergency,H2-PROV0008,DEPT012,10886,2026-04-29,2024-07-15
H2-ENC007165,HOSP028424,2023-12-24,Routine Checkup,H2-PROV0018,DEPT006,78411,2021-10-09,2021-12-09
H2-ENC007166,HOSP029366,2023-06-10,Emergency,H2-PROV0015,DEPT014,60360,2021-12-06,2024-11-07
H2-ENC007167,HOSP032444,2025-04-25,Telemedicine,H2-PROV0001,DEPT020,68319,2022-12-01,2025-06-16
H2-ENC007168,HOSP013918,2021-07-28,Outpatient,H2-PROV0019,DEPT008,41291,2025-01-31,2022-10-30
H2-ENC007169,HOSP004984,2024-12-11,Routine Checkup,H2-PROV0012,DEPT005,92091,2023-03-10,2021-03-21
H2-ENC007170,HOSP016444,2022-08-30,Outpatient,H2-PROV0015,DEPT001,77833,2025-05-29,2026-05-24
H2-ENC007171,HOSP007613,2024-03-21,Outpatient,H2-PROV0016,DEPT015,46444,2021-02-05,2023-12-18
H2-ENC007172,HOSP042238,2020-10-09,Inpatient,H2-PROV0026,DEPT008,63721,2021-09-29,2024-02-26
H2-ENC007173,HOSP019991,2022-05-27,Inpatient,H2-PROV0017,DEPT019,76778,2024-01-20,2021-01-16
H2-ENC007174,HOSP020150,2024-08-24,Inpatient,H2-PROV0001,DEPT015,55376,2026-06-16,2021-02-22
H2-ENC007175,HOSP013082,2025-06-06,Inpatient,H2-PROV0024,DEPT001,19298,2022-01-26,2021-06-06
H2-ENC007176,HOSP045946,2020-01-11,Outpatient,H2-PROV0017,DEPT003,63043,2022-07-31,2024-12-22
H2-ENC007177,HOSP012196,2024-10-07,Emergency,H2-PROV0029,DEPT020,51901,2025-03-01,2021-12-04
H2-ENC007178,HOSP027287,2025-01-09,Inpatient,H2-PROV0018,DEPT013,64993,2023-11-05,2023-11-15
H2-ENC007179,HOSP044341,2020-03-10,Emergency,H2-PROV0002,DEPT019,65662,2023-09-20,2021-05-25
H2-ENC007180,HOSP040425,2025-01-20,Emergency,H2-PROV0008,DEPT005,20174,2025-01-27,2025-01-14
H2-ENC007181,HOSP047319,2024-03-04,Inpatient,H2-PROV0030,DEPT017,28138,2025-04-13,2021-01-21
H2-ENC007182,HOSP029193,2025-03-23,Emergency,H2-PROV0001,DEPT014,35645,2025-05-03,2022-04-12
H2-ENC007183,HOSP015825,2023-10-28,Routine Checkup,H2-PROV0010,DEPT003,20258,2024-10-05,2026-03-03
H2-ENC007184,HOSP044573,2022-11-13,Telemedicine,H2-PROV0014,DEPT004,47609,2020-05-11,2022-10-18
H2-ENC007185,HOSP041330,2022-01-22,Routine Checkup,H2-PROV0015,DEPT017,56393,2022-03-19,2025-03-14
H2-ENC007186,HOSP009283,2022-06-28,Outpatient,H2-PROV0005,DEPT015,74043,2026-05-23,2021-10-25
H2-ENC007187,HOSP006671,2022-10-31,Emergency,H2-PROV0001,DEPT010,33770,2024-03-11,2021-01-26
H2-ENC007188,HOSP008019,2025-01-16,Inpatient,H2-PROV0024,DEPT016,61976,2023-05-22,2022-05-31
H2-ENC007189,HOSP015277,2020-07-25,Emergency,H2-PROV0024,DEPT020,66028,2021-09-30,2024-07-21
H2-ENC007190,HOSP013462,2025-02-15,Inpatient,H2-PROV0029,DEPT016,63485,2023-08-30,2024-06-26
H2-ENC007191,HOSP024139,2024-07-12,Routine Checkup,H2-PROV0006,DEPT001,87187,2023-06-06,2020-03-30
H2-ENC007192,HOSP024186,2020-04-15,Telemedicine,H2-PROV0026,DEPT020,88786,2022-03-10,2020-06-21
H2-ENC007193,HOSP033769,2021-01-28,Emergency,H2-PROV0008,DEPT003,91677,2025-12-17,2024-11-02
H2-ENC007194,HOSP003022,2021-01-19,Telemedicine,H2-PROV0018,DEPT008,71110,2020-06-03,2022-06-13
H2-ENC007195,HOSP032469,2025-10-16,Emergency,H2-PROV0001,DEPT002,42812,2024-03-28,2022-09-15
H2-ENC007196,HOSP042001,2024-07-17,Routine Checkup,H2-PROV0028,DEPT005,99846,2020-09-02,2020-05-06
H2-ENC007197,HOSP011876,2021-12-03,Outpatient,H2-PROV0008,DEPT002,65857,2025-08-07,2020-04-09
H2-ENC007198,HOSP016667,2025-03-26,Inpatient,H2-PROV0016,DEPT006,21133,2026-05-12,2021-12-28
H2-ENC007199,HOSP001332,2020-08-07,Routine Checkup,H2-PROV0010,DEPT018,51912,2024-02-18,2024-07-11
H2-ENC007200,HOSP022731,2024-08-12,Outpatient,H2-PROV0022,DEPT019,79634,2022-12-31,2023-05-17
H2-ENC007201,HOSP020473,2022-01-19,Outpatient,H2-PROV0005,DEPT012,67997,2020-12-15,2024-09-20
H2-ENC007202,HOSP017979,2025-10-24,Emergency,H2-PROV0013,DEPT012,22795,2022-08-08,2024-03-11
H2-ENC007203,HOSP013381,2021-07-01,Inpatient,H2-PROV0006,DEPT002,18346,2024-11-14,2020-05-07
H2-ENC007204,HOSP044060,2024-07-11,Emergency,H2-PROV0009,DEPT019,97715,2020-06-01,2022-01-15
H2-ENC007205,HOSP006915,2025-09-10,Emergency,H2-PROV0019,DEPT003,81402,2021-03-22,2023-07-11
H2-ENC007206,HOSP012739,2025-09-11,Telemedicine,H2-PROV0029,DEPT019,11908,2022-06-29,2024-02-22
H2-ENC007207,HOSP014222,2026-03-27,Emergency,H2-PROV0020,DEPT013,71595,2024-07-18,2020-04-07
H2-ENC007208,HOSP040382,2026-03-26,Routine Checkup,H2-PROV0024,DEPT001,49103,2021-08-30,2021-02-06
H2-ENC007209,HOSP018006,2022-02-22,Routine Checkup,H2-PROV0010,DEPT005,35215,2021-01-17,2022-05-08
H2-ENC007210,HOSP014672,2021-06-01,Routine Checkup,H2-PROV0019,DEPT018,34672,2022-06-01,2025-03-12
H2-ENC007211,HOSP043076,2020-05-12,Telemedicine,H2-PROV0014,DEPT019,64840,2025-03-05,2020-11-15
H2-ENC007212,HOSP014951,2026-01-03,Telemedicine,H2-PROV0027,DEPT013,43287,2023-11-12,2025-02-14
H2-ENC007213,HOSP014481,2024-05-30,Inpatient,H2-PROV0029,DEPT013,75790,2025-01-26,2024-06-01
H2-ENC007214,HOSP016410,2021-07-17,Routine Checkup,H2-PROV0009,DEPT005,53687,2025-07-09,2024-01-20
H2-ENC007215,HOSP001303,2020-11-23,Outpatient,H2-PROV0017,DEPT006,41594,2021-01-16,2026-06-20
H2-ENC007216,HOSP002012,2023-12-31,Outpatient,H2-PROV0015,DEPT010,65995,2022-09-18,2021-03-12
H2-ENC007217,HOSP042020,2022-06-20,Routine Checkup,H2-PROV0021,DEPT002,83819,2026-05-14,2022-04-04
H2-ENC007218,HOSP010012,2026-01-07,Telemedicine,H2-PROV0013,DEPT003,74107,2026-01-01,2026-09-22
H2-ENC007219,HOSP004562,2020-10-29,Routine Checkup,H2-PROV0019,DEPT012,39840,2022-11-11,2022-12-08
H2-ENC007220,HOSP007652,2022-09-13,Outpatient,H2-PROV0003,DEPT011,55369,2022-01-02,2024-04-12
H2-ENC007221,HOSP030625,2025-08-08,Outpatient,H2-PROV0016,DEPT008,81495,2021-02-19,2021-07-07
H2-ENC007222,HOSP036316,2021-07-15,Routine Checkup,H2-PROV0015,DEPT005,32995,2022-11-07,2021-09-24
H2-ENC007223,HOSP012588,2024-04-14,Inpatient,H2-PROV0002,DEPT004,85655,2020-01-08,2024-12-01
H2-ENC007224,HOSP016906,2021-06-20,Inpatient,H2-PROV0009,DEPT002,74724,2023-06-10,2020-04-08
H2-ENC007225,HOSP045603,2024-09-17,Emergency,H2-PROV0028,DEPT003,14064,2024-01-02,2021-07-30
H2-ENC007226,HOSP024049,2022-09-28,Emergency,H2-PROV0024,DEPT013,97033,2024-09-22,2024-09-16
H2-ENC007227,HOSP022181,2023-05-21,Routine Checkup,H2-PROV0016,DEPT002,14988,2023-10-24,2024-03-05
H2-ENC007228,HOSP004217,2022-05-26,Inpatient,H2-PROV0001,DEPT017,80451,2024-11-07,2020-05-10
H2-ENC007229,HOSP002168,2026-08-29,Telemedicine,H2-PROV0026,DEPT001,53463,2021-10-23,2020-05-06
H2-ENC007230,HOSP020473,2024-07-13,Outpatient,H2-PROV0006,DEPT015,28294,2025-06-27,2026-03-28
H2-ENC007231,HOSP033357,2021-06-06,Inpatient,H2-PROV0022,DEPT008,62879,2021-01-09,2023-09-26
H2-ENC007232,HOSP011751,2022-01-26,Inpatient,H2-PROV0017,DEPT006,55663,2025-01-13,2025-02-12
H2-ENC007233,HOSP009290,2020-11-23,Routine Checkup,H2-PROV0007,DEPT015,89973,2021-06-25,2020-09-27
H2-ENC007234,HOSP025006,2024-05-13,Telemedicine,H2-PROV0021,DEPT002,95960,2024-08-17,2023-02-11
H2-ENC007235,HOSP029598,2026-08-09,Inpatient,H2-PROV0021,DEPT002,61123,2025-10-06,2021-03-24
H2-ENC007236,HOSP000035,2020-11-04,Telemedicine,H2-PROV0017,DEPT008,92667,2025-01-12,2020-11-21
H2-ENC007237,HOSP014664,2023-09-21,Outpatient,H2-PROV0026,DEPT019,80524,2021-01-12,2021-01-19
H2-ENC007238,HOSP019374,2021-06-29,Inpatient,H2-PROV0020,DEPT010,22795,2022-12-06,2022-03-07
H2-ENC007239,HOSP014456,2026-05-02,Routine Checkup,H2-PROV0022,DEPT011,56071,2025-03-09,2026-07-10
H2-ENC007240,HOSP009495,2025-07-14,Outpatient,H2-PROV0004,DEPT014,22696,2020-11-26,2021-06-29
H2-ENC007241,HOSP034616,2020-07-22,Inpatient,H2-PROV0016,DEPT009,76537,2022-10-31,2021-01-18
H2-ENC007242,HOSP033718,2026-03-06,Outpatient,H2-PROV0020,DEPT017,35617,2023-04-18,2020-04-20
H2-ENC007243,HOSP043273,2022-06-07,Outpatient,H2-PROV0015,DEPT006,78741,2022-03-14,2023-04-30
H2-ENC007244,HOSP040185,2024-03-24,Outpatient,H2-PROV0024,DEPT010,20356,2023-04-23,2026-05-15
H2-ENC007245,HOSP012588,2022-03-10,Emergency,H2-PROV0030,DEPT016,27385,2023-03-15,2024-09-07
H2-ENC007246,HOSP042148,2024-11-30,Outpatient,H2-PROV0001,DEPT002,82294,2023-07-13,2024-05-05
H2-ENC007247,HOSP002353,2025-03-31,Emergency,H2-PROV0028,DEPT015,82323,2023-07-10,2024-06-21
H2-ENC007248,HOSP014800,2021-10-30,Outpatient,H2-PROV0017,DEPT012,96898,2024-02-03,2020-11-03
H2-ENC007249,HOSP042688,2020-03-21,Outpatient,H2-PROV0010,DEPT008,21309,2020-08-21,2023-02-04
H2-ENC007250,HOSP012392,2022-12-18,Emergency,H2-PROV0027,DEPT016,53233,2021-05-02,2022-09-18
H2-ENC007251,HOSP011586,2021-06-20,Inpatient,H2-PROV0018,DEPT018,33433,2024-07-24,2025-09-07
H2-ENC007252,HOSP007706,2023-02-06,Routine Checkup,H2-PROV0019,DEPT007,62990,2021-08-19,2020-07-06
H2-ENC007253,HOSP025336,2025-08-29,Routine Checkup,H2-PROV0028,DEPT012,15572,2022-12-04,2021-08-04
H2-ENC007254,HOSP018548,2024-08-04,Routine Checkup,H2-PROV0026,DEPT009,19587,2025-06-28,2023-09-24
H2-ENC007255,HOSP031622,2021-05-08,Emergency,H2-PROV0007,DEPT015,59662,2023-06-16,2024-09-17
H2-ENC007256,HOSP040805,2021-04-20,Routine Checkup,H2-PROV0020,DEPT019,46168,2021-05-13,2022-09-21
H2-ENC007257,HOSP042911,2023-04-02,Outpatient,H2-PROV0019,DEPT010,22079,2022-02-11,2023-08-06
H2-ENC007258,HOSP007108,2024-07-28,Telemedicine,H2-PROV0017,DEPT004,98614,2025-11-22,2022-06-05
H2-ENC007259,HOSP044425,2023-09-22,Telemedicine,H2-PROV0005,DEPT003,83674,2021-06-14,2022-06-07
H2-ENC007260,HOSP039145,2021-06-12,Outpatient,H2-PROV0015,DEPT008,12046,2023-07-06,2023-08-27
H2-ENC007261,HOSP042308,2023-12-14,Telemedicine,H2-PROV0018,DEPT003,38090,2023-02-10,2022-07-18
H2-ENC007262,HOSP000217,2025-11-16,Outpatient,H2-PROV0023,DEPT003,12013,2020-02-16,2023-07-08
H2-ENC007263,HOSP031358,2025-07-22,Telemedicine,H2-PROV0018,DEPT002,22628,2025-12-18,2021-03-25
H2-ENC007264,HOSP030145,2022-10-27,Telemedicine,H2-PROV0026,DEPT016,58651,2021-08-11,2021-10-28
H2-ENC007265,HOSP011815,2026-06-13,Routine Checkup,H2-PROV0012,DEPT010,65995,2026-03-05,2026-06-26
H2-ENC007266,HOSP048553,2026-04-20,Routine Checkup,H2-PROV0010,DEPT002,55029,2020-11-17,2021-11-20
H2-ENC007267,HOSP047478,2020-04-01,Inpatient,H2-PROV0008,DEPT020,96411,2026-09-24,2025-11-19
H2-ENC007268,HOSP010615,2023-03-02,Routine Checkup,H2-PROV0015,DEPT011,17846,2021-06-01,2026-05-19
H2-ENC007269,HOSP029642,2023-12-09,Inpatient,H2-PROV0009,DEPT004,85707,2024-07-10,2023-05-05
H2-ENC007270,HOSP030307,2026-06-20,Inpatient,H2-PROV0014,DEPT009,60360,2025-10-20,2025-01-30
H2-ENC007271,HOSP007096,2020-02-15,Inpatient,H2-PROV0030,DEPT001,90542,2023-10-24,2025-12-04
H2-ENC007272,HOSP008334,2026-06-24,Emergency,H2-PROV0002,DEPT014,46444,2022-10-24,2020-05-31
H2-ENC007273,HOSP012841,2021-03-20,Outpatient,H2-PROV0007,DEPT012,81065,2021-06-07,2024-03-14
H2-ENC007274,HOSP040497,2026-06-13,Routine Checkup,H2-PROV0007,DEPT010,76259,2026-02-23,2023-07-30
H2-ENC007275,HOSP038092,2024-08-09,Outpatient,H2-PROV0010,DEPT008,92091,2021-12-05,2026-04-07
H2-ENC007276,HOSP021075,2023-03-31,Inpatient,H2-PROV0006,DEPT020,61976,2024-04-22,2024-11-19
H2-ENC007277,HOSP018652,2020-02-04,Inpatient,H2-PROV0002,DEPT014,50313,2021-09-28,2026-09-29
H2-ENC007278,HOSP039487,2025-11-18,Outpatient,H2-PROV0029,DEPT003,20290,2022-07-16,2020-11-27
H2-ENC007279,HOSP023403,2021-11-04,Emergency,H2-PROV0008,DEPT018,24440,2021-02-18,2021-11-08
H2-ENC007280,HOSP040561,2022-02-16,Telemedicine,H2-PROV0005,DEPT006,71625,2022-12-03,2020-01-24
H2-ENC007281,HOSP027021,2022-12-23,Telemedicine,H2-PROV0028,DEPT007,91391,2026-04-07,2020-01-16
H2-ENC007282,HOSP014002,2022-06-29,Telemedicine,H2-PROV0019,DEPT007,32995,2021-07-08,2020-05-08
H2-ENC007283,HOSP045673,2020-04-04,Routine Checkup,H2-PROV0022,DEPT010,29302,2023-02-10,2026-06-02
H2-ENC007284,HOSP033547,2020-01-07,Telemedicine,H2-PROV0016,DEPT017,32995,2023-12-27,2024-04-08
H2-ENC007285,HOSP044547,2021-01-06,Telemedicine,H2-PROV0030,DEPT004,58731,2025-10-27,2022-01-04
H2-ENC007286,HOSP014582,2020-05-05,Routine Checkup,H2-PROV0004,DEPT019,90405,2025-05-14,2025-10-13
H2-ENC007287,HOSP046001,2020-01-12,Outpatient,H2-PROV0010,DEPT017,28569,2026-10-03,2020-10-12
H2-ENC007288,HOSP029806,2022-10-04,Outpatient,H2-PROV0006,DEPT015,12607,2020-06-27,2026-03-12
H2-ENC007289,HOSP033948,2020-11-14,Telemedicine,H2-PROV0019,DEPT012,24178,2023-05-13,2022-10-31
H2-ENC007290,HOSP030787,2026-09-16,Telemedicine,H2-PROV0006,DEPT019,47821,2026-06-29,2020-11-07
H2-ENC007291,HOSP029130,2026-05-13,Telemedicine,H2-PROV0030,DEPT011,22212,2025-03-01,2023-05-31
H2-ENC007292,HOSP043523,2020-10-26,Telemedicine,H2-PROV0022,DEPT010,12273,2026-02-03,2022-12-24
H2-ENC007293,HOSP029580,2024-04-16,Inpatient,H2-PROV0019,DEPT020,17969,2024-11-04,2024-08-26
H2-ENC007294,HOSP015245,2024-09-08,Telemedicine,H2-PROV0001,DEPT005,61631,2025-07-01,2023-11-08
H2-ENC007295,HOSP001133,2020-03-19,Routine Checkup,H2-PROV0028,DEPT016,26430,2024-06-17,2024-10-08
H2-ENC007296,HOSP042923,2023-04-27,Emergency,H2-PROV0007,DEPT004,58265,2022-07-09,2025-05-26
H2-ENC007297,HOSP017084,2020-03-29,Emergency,H2-PROV0019,DEPT016,16270,2020-08-11,2020-06-26
H2-ENC007298,HOSP041523,2022-11-07,Emergency,H2-PROV0024,DEPT006,20132,2025-06-04,2021-05-22
H2-ENC007299,HOSP049887,2021-02-10,Telemedicine,H2-PROV0024,DEPT005,39231,2022-06-23,2026-02-19
H2-ENC007300,HOSP045164,2022-08-06,Inpatient,H2-PROV0006,DEPT019,97079,2024-07-07,2022-12-24
H2-ENC007301,HOSP020640,2022-02-27,Inpatient,H2-PROV0029,DEPT011,92708,2021-01-14,2024-09-14
H2-ENC007302,HOSP022812,2025-02-18,Emergency,H2-PROV0026,DEPT002,38212,2022-01-22,2020-06-19
H2-ENC007303,HOSP014224,2023-12-19,Telemedicine,H2-PROV0026,DEPT013,78005,2020-11-23,2023-04-30
H2-ENC007304,HOSP005543,2021-04-03,Emergency,H2-PROV0030,DEPT005,60811,2026-02-27,2020-01-05
H2-ENC007305,HOSP008136,2026-04-10,Inpatient,H2-PROV0030,DEPT007,58567,2024-02-15,2024-08-23
H2-ENC007306,HOSP012632,2025-06-07,Inpatient,H2-PROV0007,DEPT010,31621,2021-12-23,2020-08-10
H2-ENC007307,HOSP016343,2021-07-19,Inpatient,H2-PROV0027,DEPT016,89746,2022-12-24,2022-08-29
H2-ENC007308,HOSP033816,2021-04-10,Inpatient,H2-PROV0017,DEPT015,25624,2024-04-08,2023-11-18
H2-ENC007309,HOSP039003,2025-12-13,Inpatient,H2-PROV0016,DEPT012,84413,2025-12-08,2025-08-08
H2-ENC007310,HOSP046165,2023-05-06,Routine Checkup,H2-PROV0010,DEPT015,84212,2022-08-21,2023-07-18
H2-ENC007311,HOSP047862,2021-10-25,Inpatient,H2-PROV0007,DEPT001,70855,2026-02-25,2023-06-19
H2-ENC007312,HOSP036221,2022-07-08,Emergency,H2-PROV0019,DEPT009,65795,2021-03-12,2020-05-17
H2-ENC007313,HOSP030254,2025-01-13,Emergency,H2-PROV0011,DEPT007,32227,2025-10-27,2021-04-21
H2-ENC007314,HOSP030305,2025-07-24,Outpatient,H2-PROV0013,DEPT003,70531,2022-05-20,2024-02-05
H2-ENC007315,HOSP019868,2025-06-29,Inpatient,H2-PROV0010,DEPT004,28393,2024-09-12,2022-12-09
H2-ENC007316,HOSP007151,2021-09-08,Emergency,H2-PROV0029,DEPT019,74724,2022-08-27,2024-04-21
H2-ENC007317,HOSP006246,2020-02-18,Telemedicine,H2-PROV0016,DEPT017,46168,2020-04-11,2024-12-30
H2-ENC007318,HOSP037509,2024-11-02,Outpatient,H2-PROV0027,DEPT006,88363,2020-04-09,2021-04-15
H2-ENC007319,HOSP005944,2025-03-06,Telemedicine,H2-PROV0016,DEPT011,45766,2020-11-02,2025-04-18
H2-ENC007320,HOSP026383,2020-11-18,Outpatient,H2-PROV0007,DEPT006,76537,2020-05-19,2023-08-13
H2-ENC007321,HOSP025092,2024-03-13,Telemedicine,H2-PROV0029,DEPT002,42054,2020-06-22,2024-09-05
H2-ENC007322,HOSP035538,2025-08-06,Routine Checkup,H2-PROV0012,DEPT016,80695,2020-01-23,2026-05-22
H2-ENC007323,HOSP028177,2024-08-15,Routine Checkup,H2-PROV0018,DEPT017,35215,2021-10-07,2020-02-08
H2-ENC007324,HOSP022303,2021-06-28,Emergency,H2-PROV0023,DEPT014,89360,2025-02-10,2022-05-03
H2-ENC007325,HOSP031897,2021-10-02,Outpatient,H2-PROV0008,DEPT006,91726,2022-01-15,2021-06-28
H2-ENC007326,HOSP015352,2020-08-24,Emergency,H2-PROV0007,DEPT018,16990,2023-09-14,2020-03-05
H2-ENC007327,HOSP049701,2024-05-30,Outpatient,H2-PROV0006,DEPT001,85154,2022-01-06,2026-08-27
H2-ENC007328,HOSP030201,2021-03-26,Outpatient,H2-PROV0023,DEPT017,81768,2025-09-18,2026-03-26
H2-ENC007329,HOSP001218,2026-07-24,Inpatient,H2-PROV0026,DEPT018,99921,2022-04-15,2020-04-28
H2-ENC007330,HOSP046757,2021-06-19,Routine Checkup,H2-PROV0010,DEPT012,19298,2026-01-31,2022-02-27
H2-ENC007331,HOSP026651,2020-04-28,Outpatient,H2-PROV0019,DEPT009,28294,2020-03-30,2021-04-06
H2-ENC007332,HOSP007030,2022-04-19,Outpatient,H2-PROV0029,DEPT020,38675,2025-07-28,2021-04-21
H2-ENC007333,HOSP011730,2020-07-19,Telemedicine,H2-PROV0014,DEPT003,50401,2024-10-29,2024-03-05
H2-ENC007334,HOSP022230,2022-03-11,Outpatient,H2-PROV0012,DEPT012,21536,2025-02-02,2020-05-02
H2-ENC007335,HOSP045486,2022-04-11,Inpatient,H2-PROV0027,DEPT020,33258,2020-01-11,2025-09-24
H2-ENC007336,HOSP048657,2026-04-16,Emergency,H2-PROV0020,DEPT006,28906,2023-01-26,2022-08-30
H2-ENC007337,HOSP016420,2023-07-26,Telemedicine,H2-PROV0012,DEPT010,28814,2020-04-15,2020-05-11
H2-ENC007338,HOSP013863,2024-03-16,Inpatient,H2-PROV0007,DEPT014,85865,2020-08-30,2026-07-09
H2-ENC007339,HOSP040140,2023-07-16,Emergency,H2-PROV0008,DEPT013,51011,2026-06-25,2023-07-17
H2-ENC007340,HOSP023501,2023-08-03,Telemedicine,H2-PROV0010,DEPT007,64075,2024-06-22,2026-09-27
H2-ENC007341,HOSP025809,2024-09-06,Telemedicine,H2-PROV0018,DEPT001,73742,2023-11-20,2026-08-21
H2-ENC007342,HOSP048078,2023-04-27,Outpatient,H2-PROV0011,DEPT008,24026,2023-01-31,2021-08-15
H2-ENC007343,HOSP047557,2020-01-15,Routine Checkup,H2-PROV0026,DEPT018,65668,2023-08-19,2021-05-29
H2-ENC007344,HOSP017071,2023-06-06,Telemedicine,H2-PROV0030,DEPT006,46814,2023-11-07,2021-05-01
H2-ENC007345,HOSP026889,2021-05-24,Inpatient,H2-PROV0002,DEPT002,42200,2023-08-28,2020-10-29
H2-ENC007346,HOSP006182,2024-12-02,Outpatient,H2-PROV0013,DEPT010,71325,2021-01-27,2024-03-29
H2-ENC007347,HOSP030431,2022-11-10,Emergency,H2-PROV0027,DEPT005,78005,2022-10-19,2025-10-16
H2-ENC007348,HOSP032014,2022-12-26,Emergency,H2-PROV0026,DEPT008,79425,2022-07-24,2026-03-03
H2-ENC007349,HOSP039261,2021-08-08,Telemedicine,H2-PROV0009,DEPT001,58086,2022-09-12,2023-04-21
H2-ENC007350,HOSP023087,2022-02-27,Telemedicine,H2-PROV0017,DEPT012,80524,2021-11-05,2022-11-29
H2-ENC007351,HOSP039600,2023-05-15,Telemedicine,H2-PROV0021,DEPT010,71185,2022-03-11,2024-02-10
H2-ENC007352,HOSP012981,2024-08-27,Inpatient,H2-PROV0012,DEPT002,87365,2022-12-19,2024-02-29
H2-ENC007353,HOSP019161,2023-12-29,Emergency,H2-PROV0027,DEPT011,75182,2022-01-02,2025-06-20
H2-ENC007354,HOSP045887,2024-02-27,Telemedicine,H2-PROV0016,DEPT013,34845,2020-12-29,2022-01-11
H2-ENC007355,HOSP030483,2021-06-17,Routine Checkup,H2-PROV0029,DEPT013,99921,2020-12-19,2026-03-24
H2-ENC007356,HOSP046234,2025-09-16,Inpatient,H2-PROV0028,DEPT017,76797,2023-08-24,2024-07-30
H2-ENC007357,HOSP038938,2021-04-04,Routine Checkup,H2-PROV0029,DEPT017,58265,2020-10-25,2021-04-23
H2-ENC007358,HOSP032889,2026-05-17,Telemedicine,H2-PROV0004,DEPT001,76537,2020-04-16,2022-02-19
H2-ENC007359,HOSP017986,2021-10-25,Telemedicine,H2-PROV0005,DEPT017,69934,2022-11-16,2022-01-03
H2-ENC007360,HOSP000651,2026-07-14,Inpatient,H2-PROV0026,DEPT020,17969,2024-03-09,2026-06-17
H2-ENC007361,HOSP036850,2026-06-01,Inpatient,H2-PROV0002,DEPT017,54867,2026-03-25,2020-09-23
H2-ENC007362,HOSP028454,2025-09-24,Outpatient,H2-PROV0013,DEPT008,28166,2026-09-04,2020-04-30
H2-ENC007363,HOSP026979,2022-08-16,Inpatient,H2-PROV0007,DEPT012,73021,2022-03-18,2022-11-06
H2-ENC007364,HOSP022802,2020-07-02,Inpatient,H2-PROV0025,DEPT011,16578,2021-11-05,2024-08-03
H2-ENC007365,HOSP023912,2021-12-04,Inpatient,H2-PROV0021,DEPT006,88698,2021-02-11,2024-11-24
H2-ENC007366,HOSP013927,2023-10-23,Telemedicine,H2-PROV0019,DEPT015,93650,2021-08-28,2021-05-29
H2-ENC007367,HOSP019544,2023-04-21,Routine Checkup,H2-PROV0006,DEPT013,65668,2024-04-10,2026-07-25
H2-ENC007368,HOSP033837,2023-09-21,Telemedicine,H2-PROV0020,DEPT011,22275,2020-11-12,2022-07-01
H2-ENC007369,HOSP046163,2020-08-11,Outpatient,H2-PROV0013,DEPT002,71812,2023-07-21,2022-01-26
H2-ENC007370,HOSP004066,2020-06-12,Emergency,H2-PROV0021,DEPT017,53889,2025-07-28,2024-12-07
H2-ENC007371,HOSP044995,2021-01-29,Emergency,H2-PROV0014,DEPT017,35802,2023-05-20,2025-05-18
H2-ENC007372,HOSP011586,2023-02-22,Inpatient,H2-PROV0013,DEPT013,17216,2020-01-24,2023-01-07
H2-ENC007373,HOSP041171,2025-04-27,Routine Checkup,H2-PROV0010,DEPT019,41258,2023-03-10,2022-07-03
H2-ENC007374,HOSP016324,2023-10-05,Inpatient,H2-PROV0009,DEPT002,43631,2026-08-04,2023-11-10
H2-ENC007375,HOSP039663,2026-07-23,Emergency,H2-PROV0012,DEPT015,23432,2025-09-04,2025-05-20
H2-ENC007376,HOSP015056,2023-02-01,Outpatient,H2-PROV0012,DEPT002,24371,2022-04-14,2022-04-12
H2-ENC007377,HOSP015070,2022-10-09,Routine Checkup,H2-PROV0009,DEPT009,34551,2026-01-31,2020-01-14
H2-ENC007378,HOSP011043,2023-06-26,Routine Checkup,H2-PROV0014,DEPT006,68044,2023-07-16,2025-06-19
H2-ENC007379,HOSP013718,2021-06-10,Routine Checkup,H2-PROV0005,DEPT006,46677,2022-06-01,2020-03-15
H2-ENC007380,HOSP021067,2020-06-26,Telemedicine,H2-PROV0012,DEPT009,68587,2021-09-19,2025-03-02
H2-ENC007381,HOSP042025,2026-05-15,Emergency,H2-PROV0004,DEPT019,73843,2025-12-07,2022-04-20
H2-ENC007382,HOSP031988,2021-04-23,Routine Checkup,H2-PROV0015,DEPT003,43631,2025-10-22,2021-06-24
H2-ENC007383,HOSP027972,2024-04-01,Outpatient,H2-PROV0024,DEPT013,23826,2025-09-12,2021-03-13
H2-ENC007384,HOSP040435,2020-09-21,Inpatient,H2-PROV0023,DEPT002,51571,2024-07-22,2026-06-15
H2-ENC007385,HOSP021165,2023-05-25,Outpatient,H2-PROV0019,DEPT015,83674,2020-08-10,2022-09-20
H2-ENC007386,HOSP048920,2020-11-23,Emergency,H2-PROV0007,DEPT015,46213,2023-04-23,2022-06-05
H2-ENC007387,HOSP020190,2023-02-09,Routine Checkup,H2-PROV0029,DEPT001,14684,2020-03-09,2022-10-22
H2-ENC007388,HOSP001250,2022-05-29,Outpatient,H2-PROV0022,DEPT012,51053,2020-09-13,2023-04-03
H2-ENC007389,HOSP019527,2023-09-09,Emergency,H2-PROV0010,DEPT015,77860,2024-11-06,2026-08-15
H2-ENC007390,HOSP040276,2020-08-27,Routine Checkup,H2-PROV0019,DEPT005,28350,2020-03-21,2026-02-05
H2-ENC007391,HOSP046047,2020-10-23,Outpatient,H2-PROV0020,DEPT008,81231,2022-09-24,2026-06-20
H2-ENC007392,HOSP011074,2020-05-31,Telemedicine,H2-PROV0028,DEPT008,51293,2020-07-08,2021-03-04
H2-ENC007393,HOSP025131,2024-09-09,Emergency,H2-PROV0012,DEPT006,34845,2021-02-25,2020-08-29
H2-ENC007394,HOSP013403,2026-03-20,Outpatient,H2-PROV0014,DEPT008,10877,2026-05-11,2021-11-14
H2-ENC007395,HOSP029171,2021-04-28,Emergency,H2-PROV0012,DEPT019,73742,2022-05-29,2026-04-22
H2-ENC007396,HOSP045479,2024-02-01,Routine Checkup,H2-PROV0028,DEPT018,82294,2025-04-19,2024-01-18
H2-ENC007397,HOSP043069,2024-09-24,Inpatient,H2-PROV0012,DEPT010,69396,2020-12-28,2020-11-22
H2-ENC007398,HOSP046297,2020-12-17,Routine Checkup,H2-PROV0023,DEPT008,97491,2023-09-09,2024-01-16
H2-ENC007399,HOSP015259,2023-03-21,Routine Checkup,H2-PROV0023,DEPT017,49338,2020-03-16,2025-11-05
H2-ENC007400,HOSP037045,2021-08-26,Telemedicine,H2-PROV0014,DEPT004,32995,2022-01-08,2025-03-21
H2-ENC007401,HOSP016589,2021-03-11,Routine Checkup,H2-PROV0006,DEPT002,30420,2022-03-18,2023-05-05
H2-ENC007402,HOSP019909,2024-01-22,Telemedicine,H2-PROV0007,DEPT020,90838,2024-04-02,2026-05-14
H2-ENC007403,HOSP045472,2020-09-12,Emergency,H2-PROV0008,DEPT020,84594,2022-02-07,2024-02-01
H2-ENC007404,HOSP028173,2021-08-27,Routine Checkup,H2-PROV0001,DEPT013,32087,2020-05-25,2022-02-18
H2-ENC007405,HOSP041394,2023-09-25,Routine Checkup,H2-PROV0021,DEPT003,78999,2021-01-11,2025-08-19
H2-ENC007406,HOSP025615,2020-04-23,Outpatient,H2-PROV0023,DEPT018,95525,2021-03-16,2025-09-27
H2-ENC007407,HOSP046653,2023-07-27,Routine Checkup,H2-PROV0030,DEPT016,68044,2025-03-24,2024-05-18
H2-ENC007408,HOSP036106,2023-12-02,Inpatient,H2-PROV0008,DEPT004,75720,2022-07-03,2020-05-07
H2-ENC007409,HOSP015206,2022-11-24,Inpatient,H2-PROV0019,DEPT014,68543,2024-04-30,2025-12-22
H2-ENC007410,HOSP010991,2024-07-26,Inpatient,H2-PROV0027,DEPT013,60966,2020-02-01,2021-12-27
H2-ENC007411,HOSP009252,2020-08-21,Emergency,H2-PROV0018,DEPT009,96525,2021-03-01,2021-07-11
H2-ENC007412,HOSP018677,2025-03-29,Emergency,H2-PROV0010,DEPT005,58731,2021-07-29,2022-11-04
H2-ENC007413,HOSP038932,2021-06-22,Routine Checkup,H2-PROV0021,DEPT020,74724,2021-12-02,2021-12-19
H2-ENC007414,HOSP032868,2023-04-25,Routine Checkup,H2-PROV0004,DEPT007,82175,2023-08-10,2020-02-02
H2-ENC007415,HOSP047409,2024-03-28,Emergency,H2-PROV0017,DEPT016,36953,2021-01-28,2026-06-13
H2-ENC007416,HOSP014427,2022-12-24,Outpatient,H2-PROV0012,DEPT010,35982,2025-10-27,2022-03-17
H2-ENC007417,HOSP011467,2026-09-07,Telemedicine,H2-PROV0026,DEPT018,62815,2020-11-26,2020-02-27
H2-ENC007418,HOSP028973,2026-06-26,Telemedicine,H2-PROV0027,DEPT010,99885,2021-03-05,2024-10-15
H2-ENC007419,HOSP014014,2022-04-11,Emergency,H2-PROV0018,DEPT019,70855,2025-04-24,2023-01-14
H2-ENC007420,HOSP026771,2020-09-27,Telemedicine,H2-PROV0017,DEPT007,17178,2020-07-05,2026-01-18
H2-ENC007421,HOSP026996,2020-10-18,Routine Checkup,H2-PROV0001,DEPT009,10703,2021-05-03,2023-09-30
H2-ENC007422,HOSP024869,2023-03-12,Routine Checkup,H2-PROV0006,DEPT020,14517,2020-07-10,2021-05-30
H2-ENC007423,HOSP036075,2024-07-09,Emergency,H2-PROV0018,DEPT009,21397,2024-01-15,2022-05-21
H2-ENC007424,HOSP007748,2020-06-30,Telemedicine,H2-PROV0026,DEPT014,25181,2020-01-17,2023-01-01
H2-ENC007425,HOSP046278,2021-11-29,Routine Checkup,H2-PROV0004,DEPT009,56003,2025-04-03,2024-07-19
H2-ENC007426,HOSP008674,2025-05-07,Telemedicine,H2-PROV0030,DEPT008,59003,2022-05-24,2022-03-01
H2-ENC007427,HOSP016809,2023-07-22,Telemedicine,H2-PROV0010,DEPT020,97505,2021-09-11,2020-04-27
H2-ENC007428,HOSP001640,2021-12-11,Routine Checkup,H2-PROV0006,DEPT016,44545,2020-04-08,2025-07-14
H2-ENC007429,HOSP028805,2026-10-04,Inpatient,H2-PROV0013,DEPT002,88824,2021-07-16,2020-10-28
H2-ENC007430,HOSP001856,2024-09-14,Outpatient,H2-PROV0020,DEPT007,20761,2022-08-04,2021-10-23
H2-ENC007431,HOSP022168,2021-02-17,Emergency,H2-PROV0021,DEPT010,54345,2025-09-18,2025-08-01
H2-ENC007432,HOSP023502,2020-11-29,Routine Checkup,H2-PROV0014,DEPT009,19290,2026-07-26,2025-03-08
H2-ENC007433,HOSP003069,2022-06-05,Telemedicine,H2-PROV0010,DEPT007,96525,2023-03-30,2020-10-11
H2-ENC007434,HOSP033278,2022-09-23,Inpatient,H2-PROV0014,DEPT004,97033,2022-12-04,2023-06-12
H2-ENC007435,HOSP035696,2025-06-13,Routine Checkup,H2-PROV0027,DEPT006,72220,2021-03-12,2022-11-22
H2-ENC007436,HOSP023500,2021-11-06,Emergency,H2-PROV0026,DEPT007,55369,2020-04-21,2020-11-11
H2-ENC007437,HOSP027642,2024-03-08,Routine Checkup,H2-PROV0018,DEPT005,12415,2025-11-20,2020-04-08
H2-ENC007438,HOSP038028,2020-11-28,Routine Checkup,H2-PROV0028,DEPT008,14848,2022-03-08,2022-08-09
H2-ENC007439,HOSP047875,2024-07-09,Emergency,H2-PROV0013,DEPT013,46669,2020-03-27,2025-11-16
H2-ENC007440,HOSP041805,2023-12-13,Telemedicine,H2-PROV0004,DEPT019,68587,2026-05-07,2021-11-28
H2-ENC007441,HOSP042209,2026-03-24,Outpatient,H2-PROV0020,DEPT005,80441,2022-01-14,2022-11-03
H2-ENC007442,HOSP008752,2026-06-09,Routine Checkup,H2-PROV0012,DEPT005,97506,2023-01-30,2023-03-03
H2-ENC007443,HOSP030551,2023-02-25,Routine Checkup,H2-PROV0008,DEPT007,16614,2023-05-12,2020-08-26
H2-ENC007444,HOSP028577,2022-02-21,Telemedicine,H2-PROV0001,DEPT012,57047,2025-06-07,2023-01-14
H2-ENC007445,HOSP030042,2022-07-25,Inpatient,H2-PROV0006,DEPT018,71994,2024-06-23,2026-06-10
H2-ENC007446,HOSP028646,2020-08-13,Emergency,H2-PROV0014,DEPT009,35215,2024-02-16,2026-01-14
H2-ENC007447,HOSP041929,2025-06-24,Routine Checkup,H2-PROV0015,DEPT013,25661,2025-01-30,2023-07-22
H2-ENC007448,HOSP047759,2023-03-07,Emergency,H2-PROV0008,DEPT013,95451,2026-07-17,2021-08-01
H2-ENC007449,HOSP020284,2020-09-19,Routine Checkup,H2-PROV0008,DEPT019,12415,2021-02-10,2025-08-26
H2-ENC007450,HOSP040558,2024-12-20,Outpatient,H2-PROV0026,DEPT006,81495,2026-09-25,2026-07-08
H2-ENC007451,HOSP036838,2022-04-19,Routine Checkup,H2-PROV0009,DEPT002,46256,2020-04-22,2022-10-04
H2-ENC007452,HOSP046439,2020-10-08,Emergency,H2-PROV0005,DEPT001,71812,2021-03-19,2026-09-03
H2-ENC007453,HOSP009590,2024-03-22,Outpatient,H2-PROV0028,DEPT003,64287,2023-07-12,2025-03-23
H2-ENC007454,HOSP043096,2021-08-09,Inpatient,H2-PROV0016,DEPT004,40806,2023-09-11,2023-05-18
H2-ENC007455,HOSP024972,2020-02-09,Outpatient,H2-PROV0012,DEPT007,43222,2023-02-02,2021-04-25
H2-ENC007456,HOSP041733,2024-07-26,Outpatient,H2-PROV0011,DEPT017,97181,2021-07-29,2023-12-26
H2-ENC007457,HOSP034218,2025-11-30,Telemedicine,H2-PROV0023,DEPT009,46677,2020-05-28,2023-08-14
H2-ENC007458,HOSP041636,2023-06-15,Emergency,H2-PROV0029,DEPT004,87180,2020-06-30,2026-08-07
H2-ENC007459,HOSP008281,2026-05-19,Inpatient,H2-PROV0008,DEPT007,96904,2020-03-03,2025-04-02
H2-ENC007460,HOSP015920,2025-05-13,Outpatient,H2-PROV0005,DEPT012,63177,2024-03-10,2022-09-18
H2-ENC007461,HOSP024464,2025-01-15,Routine Checkup,H2-PROV0007,DEPT005,18752,2020-10-18,2020-04-04
H2-ENC007462,HOSP027531,2024-01-23,Inpatient,H2-PROV0020,DEPT003,27801,2022-04-29,2021-06-16
H2-ENC007463,HOSP040682,2025-04-03,Telemedicine,H2-PROV0017,DEPT007,83674,2025-12-12,2023-05-15
H2-ENC007464,HOSP002048,2020-04-27,Inpatient,H2-PROV0028,DEPT001,79683,2020-04-05,2024-10-20
H2-ENC007465,HOSP040863,2023-07-20,Routine Checkup,H2-PROV0001,DEPT012,74043,2022-12-31,2025-09-14
H2-ENC007466,HOSP020465,2024-08-05,Routine Checkup,H2-PROV0009,DEPT013,84958,2025-12-03,2024-12-25
H2-ENC007467,HOSP009392,2025-07-27,Outpatient,H2-PROV0028,DEPT009,55350,2024-02-06,2021-05-22
H2-ENC007468,HOSP045800,2023-02-18,Outpatient,H2-PROV0005,DEPT008,93323,2024-01-27,2023-04-18
H2-ENC007469,HOSP028691,2021-05-25,Outpatient,H2-PROV0028,DEPT020,17070,2020-03-25,2023-02-18
H2-ENC007470,HOSP006354,2021-05-30,Outpatient,H2-PROV0019,DEPT012,59003,2020-01-12,2020-09-04
H2-ENC007471,HOSP044441,2021-10-28,Routine Checkup,H2-PROV0022,DEPT020,88824,2022-10-06,2026-08-21
H2-ENC007472,HOSP009361,2025-06-19,Telemedicine,H2-PROV0002,DEPT006,84805,2023-01-01,2020-02-05
H2-ENC007473,HOSP003556,2020-07-05,Inpatient,H2-PROV0014,DEPT015,47288,2020-03-24,2026-07-21
H2-ENC007474,HOSP031669,2025-07-01,Inpatient,H2-PROV0006,DEPT007,92708,2026-08-21,2025-09-04
H2-ENC007475,HOSP003352,2024-08-08,Routine Checkup,H2-PROV0016,DEPT001,10886,2026-02-03,2026-08-13
H2-ENC007476,HOSP017169,2025-06-06,Emergency,H2-PROV0022,DEPT002,92708,2023-07-06,2020-04-03
H2-ENC007477,HOSP018102,2021-12-30,Inpatient,H2-PROV0026,DEPT008,59662,2021-10-07,2020-07-04
H2-ENC007478,HOSP014182,2021-11-10,Telemedicine,H2-PROV0023,DEPT002,28518,2021-09-13,2023-09-13
H2-ENC007479,HOSP035140,2025-03-26,Emergency,H2-PROV0015,DEPT015,25152,2024-01-18,2020-10-09
H2-ENC007480,HOSP032689,2021-12-01,Inpatient,H2-PROV0030,DEPT017,69247,2020-11-23,2026-08-03
H2-ENC007481,HOSP001881,2026-06-24,Outpatient,H2-PROV0005,DEPT006,44002,2022-05-04,2025-04-06
H2-ENC007482,HOSP006349,2020-12-20,Routine Checkup,H2-PROV0014,DEPT017,56003,2025-05-12,2023-03-23
H2-ENC007483,HOSP027902,2021-03-19,Emergency,H2-PROV0008,DEPT008,50313,2024-09-08,2024-10-15
H2-ENC007484,HOSP005567,2020-05-13,Outpatient,H2-PROV0025,DEPT003,94426,2024-09-22,2025-10-03
H2-ENC007485,HOSP024288,2025-07-09,Emergency,H2-PROV0004,DEPT005,83819,2020-11-20,2021-05-18
H2-ENC007486,HOSP020367,2026-05-03,Inpatient,H2-PROV0001,DEPT020,63485,2021-07-20,2022-02-21
H2-ENC007487,HOSP013206,2020-05-08,Emergency,H2-PROV0009,DEPT004,51278,2023-06-05,2020-09-11
H2-ENC007488,HOSP036182,2025-11-29,Telemedicine,H2-PROV0013,DEPT013,51857,2022-02-09,2024-04-23
H2-ENC007489,HOSP002089,2020-11-10,Telemedicine,H2-PROV0017,DEPT002,51588,2026-08-03,2023-05-03
H2-ENC007490,HOSP019507,2022-01-24,Emergency,H2-PROV0022,DEPT014,18346,2020-09-25,2020-03-12
H2-ENC007491,HOSP014281,2021-10-24,Outpatient,H2-PROV0029,DEPT011,48203,2023-06-19,2021-10-22
H2-ENC007492,HOSP040090,2025-10-15,Inpatient,H2-PROV0012,DEPT009,73752,2026-03-26,2024-11-11
H2-ENC007493,HOSP049332,2021-03-11,Telemedicine,H2-PROV0014,DEPT016,50401,2024-10-10,2026-08-31
H2-ENC007494,HOSP003077,2026-01-16,Inpatient,H2-PROV0017,DEPT010,75310,2026-04-11,2021-08-01
H2-ENC007495,HOSP016790,2020-09-04,Telemedicine,H2-PROV0019,DEPT004,64366,2020-04-13,2020-10-03
H2-ENC007496,HOSP004110,2025-08-28,Outpatient,H2-PROV0020,DEPT015,99841,2022-04-24,2021-11-10
H2-ENC007497,HOSP011946,2021-11-12,Telemedicine,H2-PROV0029,DEPT016,78741,2023-06-01,2021-12-14
H2-ENC007498,HOSP030048,2022-12-19,Inpatient,H2-PROV0018,DEPT020,40842,2023-07-26,2021-01-05
H2-ENC007499,HOSP026547,2026-05-18,Inpatient,H2-PROV0003,DEPT019,70702,2020-12-05,2024-12-27
H2-ENC007500,HOSP016134,2021-08-06,Outpatient,H2-PROV0021,DEPT001,63116,2020-03-28,2020-02-08
H2-ENC007501,HOSP016921,2023-07-22,Telemedicine,H2-PROV0006,DEPT006,13489,2021-07-19,2023-01-28
H2-ENC007502,HOSP039604,2026-05-16,Routine Checkup,H2-PROV0009,DEPT017,76778,2020-02-04,2021-01-16
H2-ENC007503,HOSP032750,2025-09-30,Routine Checkup,H2-PROV0027,DEPT010,24476,2023-05-02,2022-07-14
H2-ENC007504,HOSP021576,2020-01-31,Inpatient,H2-PROV0007,DEPT001,72420,2021-10-01,2024-08-18
H2-ENC007505,HOSP008771,2023-11-19,Routine Checkup,H2-PROV0028,DEPT015,10160,2020-11-11,2023-09-25
H2-ENC007506,HOSP024970,2025-07-28,Inpatient,H2-PROV0011,DEPT018,40502,2020-12-02,2021-10-09
H2-ENC007507,HOSP046417,2020-01-05,Outpatient,H2-PROV0012,DEPT001,44002,2026-02-03,2023-11-02
H2-ENC007508,HOSP041491,2026-07-16,Outpatient,H2-PROV0008,DEPT008,97125,2024-04-07,2021-06-11
H2-ENC007509,HOSP019382,2021-02-04,Telemedicine,H2-PROV0023,DEPT011,33651,2026-02-12,2025-10-21
H2-ENC007510,HOSP040900,2024-01-24,Emergency,H2-PROV0016,DEPT001,66462,2025-05-06,2023-11-08
H2-ENC007511,HOSP020812,2025-10-29,Inpatient,H2-PROV0019,DEPT017,75802,2025-10-06,2020-12-29
H2-ENC007512,HOSP033413,2022-08-29,Telemedicine,H2-PROV0028,DEPT013,30076,2020-01-01,2023-02-27
H2-ENC007513,HOSP004935,2022-07-24,Routine Checkup,H2-PROV0026,DEPT004,78665,2021-12-28,2021-11-24
H2-ENC007514,HOSP015649,2022-10-28,Emergency,H2-PROV0012,DEPT004,96903,2025-08-17,2024-05-05
H2-ENC007515,HOSP019286,2024-06-05,Telemedicine,H2-PROV0019,DEPT020,92395,2025-03-20,2023-06-07
H2-ENC007516,HOSP007332,2025-06-12,Routine Checkup,H2-PROV0022,DEPT016,90481,2020-04-08,2020-05-19
H2-ENC007517,HOSP028026,2024-11-25,Routine Checkup,H2-PROV0025,DEPT018,15820,2020-02-28,2021-11-21
H2-ENC007518,HOSP019219,2020-11-26,Outpatient,H2-PROV0001,DEPT016,78730,2024-02-01,2020-02-20
H2-ENC007519,HOSP048287,2023-05-14,Routine Checkup,H2-PROV0021,DEPT020,41054,2026-01-26,2021-01-19
H2-ENC007520,HOSP049775,2025-03-03,Emergency,H2-PROV0005,DEPT009,68428,2022-09-11,2024-01-23
H2-ENC007521,HOSP002943,2020-10-29,Emergency,H2-PROV0002,DEPT012,38090,2021-08-23,2021-10-25
H2-ENC007522,HOSP041886,2025-12-07,Emergency,H2-PROV0001,DEPT003,99557,2025-02-04,2020-07-30
H2-ENC007523,HOSP015609,2023-11-03,Inpatient,H2-PROV0030,DEPT015,12259,2020-02-20,2021-02-14
H2-ENC007524,HOSP021798,2022-05-11,Emergency,H2-PROV0017,DEPT004,24371,2026-08-29,2023-10-23
H2-ENC007525,HOSP004906,2023-09-18,Telemedicine,H2-PROV0005,DEPT007,81825,2023-03-29,2023-08-02
H2-ENC007526,HOSP042689,2024-05-12,Telemedicine,H2-PROV0019,DEPT018,10540,2021-02-23,2020-09-02
H2-ENC007527,HOSP036210,2021-08-15,Outpatient,H2-PROV0008,DEPT014,35082,2026-09-04,2023-04-19
H2-ENC007528,HOSP033153,2020-02-11,Outpatient,H2-PROV0014,DEPT002,96652,2020-06-15,2021-12-08
H2-ENC007529,HOSP004165,2021-01-16,Emergency,H2-PROV0018,DEPT019,43247,2021-01-22,2026-03-22
H2-ENC007530,HOSP025756,2020-07-13,Outpatient,H2-PROV0025,DEPT013,32995,2022-05-03,2020-12-23
H2-ENC007531,HOSP047849,2024-11-25,Outpatient,H2-PROV0014,DEPT016,88742,2026-05-26,2025-04-27
H2-ENC007532,HOSP023381,2020-05-22,Telemedicine,H2-PROV0022,DEPT001,78730,2022-12-17,2022-09-15
H2-ENC007533,HOSP048771,2024-03-13,Telemedicine,H2-PROV0005,DEPT002,55214,2024-07-08,2023-06-14
H2-ENC007534,HOSP020157,2020-05-06,Telemedicine,H2-PROV0002,DEPT004,72420,2025-06-14,2026-06-20
H2-ENC007535,HOSP047662,2023-02-12,Telemedicine,H2-PROV0002,DEPT010,84594,2023-12-28,2022-05-06
H2-ENC007536,HOSP036464,2022-02-27,Routine Checkup,H2-PROV0003,DEPT018,37375,2025-12-27,2025-02-01
H2-ENC007537,HOSP022728,2020-07-14,Emergency,H2-PROV0014,DEPT016,84517,2022-01-03,2025-10-25
H2-ENC007538,HOSP038314,2026-08-08,Inpatient,H2-PROV0006,DEPT012,32565,2020-04-02,2021-09-05
H2-ENC007539,HOSP001315,2023-07-23,Routine Checkup,H2-PROV0001,DEPT012,74701,2022-12-16,2025-11-09
H2-ENC007540,HOSP024196,2024-01-21,Inpatient,H2-PROV0007,DEPT015,77311,2020-11-12,2021-01-03
H2-ENC007541,HOSP016984,2024-04-17,Emergency,H2-PROV0017,DEPT008,91985,2022-11-17,2023-06-17
H2-ENC007542,HOSP031044,2023-01-19,Telemedicine,H2-PROV0003,DEPT010,33654,2022-12-27,2020-12-28
H2-ENC007543,HOSP042152,2022-11-06,Telemedicine,H2-PROV0027,DEPT017,34568,2020-07-06,2024-02-19
H2-ENC007544,HOSP000225,2025-09-30,Inpatient,H2-PROV0026,DEPT016,97715,2023-06-26,2023-08-05
H2-ENC007545,HOSP013771,2026-01-29,Outpatient,H2-PROV0012,DEPT001,51293,2026-08-28,2025-01-12
H2-ENC007546,HOSP038712,2022-12-02,Inpatient,H2-PROV0010,DEPT010,10703,2020-04-18,2026-06-14
H2-ENC007547,HOSP034150,2025-10-07,Outpatient,H2-PROV0012,DEPT007,64075,2020-09-24,2022-11-07
H2-ENC007548,HOSP002622,2025-04-15,Emergency,H2-PROV0010,DEPT019,94167,2021-12-31,2023-01-08
H2-ENC007549,HOSP042720,2020-02-27,Inpatient,H2-PROV0028,DEPT013,37751,2020-02-29,2022-02-08
H2-ENC007550,HOSP000088,2023-11-28,Telemedicine,H2-PROV0026,DEPT003,74724,2021-06-04,2021-04-26
H2-ENC007551,HOSP012053,2021-02-14,Routine Checkup,H2-PROV0007,DEPT001,94034,2025-10-26,2024-05-21
H2-ENC007552,HOSP001571,2025-12-12,Routine Checkup,H2-PROV0029,DEPT017,53504,2026-07-21,2023-05-28
H2-ENC007553,HOSP019173,2022-05-17,Emergency,H2-PROV0004,DEPT010,33469,2024-07-19,2023-09-19
H2-ENC007554,HOSP003098,2022-12-10,Outpatient,H2-PROV0029,DEPT009,99799,2022-01-24,2025-01-30
H2-ENC007555,HOSP016715,2022-05-07,Routine Checkup,H2-PROV0029,DEPT019,16614,2021-08-02,2026-06-20
H2-ENC007556,HOSP030608,2021-10-06,Routine Checkup,H2-PROV0023,DEPT015,67757,2020-03-09,2026-03-22
H2-ENC007557,HOSP046617,2026-02-28,Emergency,H2-PROV0029,DEPT018,59966,2022-11-02,2022-02-24
H2-ENC007558,HOSP040285,2021-07-15,Telemedicine,H2-PROV0027,DEPT020,32643,2023-10-02,2022-08-29
H2-ENC007559,HOSP017262,2022-07-21,Telemedicine,H2-PROV0012,DEPT004,90497,2026-10-06,2026-03-31
H2-ENC007560,HOSP004887,2024-10-29,Routine Checkup,H2-PROV0014,DEPT015,12607,2025-10-11,2023-06-25
H2-ENC007561,HOSP014976,2026-05-15,Routine Checkup,H2-PROV0017,DEPT017,49103,2021-06-26,2022-05-05
H2-ENC007562,HOSP030807,2025-10-13,Routine Checkup,H2-PROV0006,DEPT007,71994,2024-08-28,2023-05-06
H2-ENC007563,HOSP014403,2022-06-02,Emergency,H2-PROV0002,DEPT016,31282,2020-11-16,2020-01-04
H2-ENC007564,HOSP026106,2021-01-20,Telemedicine,H2-PROV0015,DEPT012,79634,2023-03-07,2020-07-05
H2-ENC007565,HOSP004197,2023-07-03,Telemedicine,H2-PROV0015,DEPT018,20113,2022-08-25,2025-12-20
H2-ENC007566,HOSP011210,2023-09-14,Inpatient,H2-PROV0002,DEPT006,46440,2024-06-19,2023-05-18
H2-ENC007567,HOSP040522,2021-10-25,Routine Checkup,H2-PROV0007,DEPT006,39592,2026-03-14,2024-03-15
H2-ENC007568,HOSP014634,2022-02-20,Outpatient,H2-PROV0024,DEPT016,45994,2024-05-20,2021-12-23
H2-ENC007569,HOSP044331,2020-09-18,Emergency,H2-PROV0007,DEPT017,20818,2024-03-11,2026-02-05
H2-ENC007570,HOSP017878,2020-10-20,Emergency,H2-PROV0030,DEPT020,92667,2024-11-15,2024-05-19
H2-ENC007571,HOSP047003,2024-07-02,Emergency,H2-PROV0006,DEPT011,72404,2026-03-03,2022-12-02
H2-ENC007572,HOSP030717,2025-06-07,Inpatient,H2-PROV0019,DEPT006,67290,2020-08-23,2026-07-29
H2-ENC007573,HOSP008686,2023-08-27,Routine Checkup,H2-PROV0029,DEPT002,80367,2025-09-27,2023-04-05
H2-ENC007574,HOSP019874,2023-03-22,Emergency,H2-PROV0001,DEPT009,92521,2025-03-18,2021-04-27
H2-ENC007575,HOSP023266,2022-05-30,Telemedicine,H2-PROV0012,DEPT010,71259,2022-04-11,2020-11-30
H2-ENC007576,HOSP011664,2026-04-13,Telemedicine,H2-PROV0014,DEPT008,90885,2021-01-20,2024-06-19
H2-ENC007577,HOSP007306,2021-04-15,Emergency,H2-PROV0029,DEPT007,49103,2021-11-01,2024-07-26
H2-ENC007578,HOSP000201,2023-09-18,Telemedicine,H2-PROV0020,DEPT010,46256,2022-10-26,2025-05-29
H2-ENC007579,HOSP004896,2026-08-04,Routine Checkup,H2-PROV0012,DEPT003,75310,2022-02-21,2024-05-01
H2-ENC007580,HOSP015013,2024-12-03,Emergency,H2-PROV0017,DEPT005,10346,2022-03-30,2025-03-23
H2-ENC007581,HOSP011394,2023-06-16,Emergency,H2-PROV0018,DEPT015,33651,2021-12-26,2025-04-27
H2-ENC007582,HOSP012558,2023-03-29,Telemedicine,H2-PROV0016,DEPT011,23150,2024-09-30,2023-08-08
H2-ENC007583,HOSP012809,2023-09-09,Telemedicine,H2-PROV0017,DEPT009,35982,2026-04-13,2023-06-25
H2-ENC007584,HOSP013270,2022-11-04,Emergency,H2-PROV0028,DEPT014,62879,2025-12-11,2024-04-23
H2-ENC007585,HOSP033425,2021-10-02,Telemedicine,H2-PROV0018,DEPT016,18951,2026-01-01,2022-06-28
H2-ENC007586,HOSP004229,2025-07-26,Inpatient,H2-PROV0011,DEPT011,85746,2026-01-31,2021-04-17
H2-ENC007587,HOSP016082,2020-03-11,Routine Checkup,H2-PROV0014,DEPT002,35331,2021-04-02,2021-09-23
H2-ENC007588,HOSP045472,2023-08-09,Emergency,H2-PROV0017,DEPT012,21258,2024-11-10,2022-06-01
H2-ENC007589,HOSP004946,2023-05-01,Emergency,H2-PROV0012,DEPT015,18032,2021-03-30,2025-11-08
H2-ENC007590,HOSP047548,2022-09-30,Telemedicine,H2-PROV0009,DEPT009,81231,2025-08-03,2022-03-28
H2-ENC007591,HOSP005311,2021-04-20,Telemedicine,H2-PROV0006,DEPT002,15136,2024-07-24,2021-06-17
H2-ENC007592,HOSP038087,2020-10-17,Telemedicine,H2-PROV0001,DEPT017,31630,2021-12-27,2025-04-16
H2-ENC007593,HOSP038833,2025-01-25,Inpatient,H2-PROV0018,DEPT005,81402,2021-06-26,2023-12-19
H2-ENC007594,HOSP047775,2024-07-29,Inpatient,H2-PROV0010,DEPT020,31081,2020-01-11,2021-04-05
H2-ENC007595,HOSP007193,2023-11-15,Inpatient,H2-PROV0009,DEPT001,38753,2026-04-21,2026-03-23
H2-ENC007596,HOSP004104,2022-03-03,Outpatient,H2-PROV0022,DEPT015,27647,2025-11-09,2023-03-26
H2-ENC007597,HOSP021818,2023-05-07,Telemedicine,H2-PROV0003,DEPT001,25335,2021-06-27,2022-12-07
H2-ENC007598,HOSP013613,2022-11-27,Emergency,H2-PROV0022,DEPT006,24279,2022-08-08,2020-04-02
H2-ENC007599,HOSP033372,2024-03-17,Telemedicine,H2-PROV0028,DEPT010,35215,2020-01-06,2022-01-01
H2-ENC007600,HOSP039857,2022-07-23,Emergency,H2-PROV0016,DEPT002,44545,2026-07-28,2023-09-29
H2-ENC007601,HOSP022693,2025-08-21,Emergency,H2-PROV0003,DEPT008,87171,2020-06-17,2023-06-11
H2-ENC007602,HOSP016574,2024-05-30,Routine Checkup,H2-PROV0028,DEPT019,90758,2022-10-01,2026-07-25
H2-ENC007603,HOSP042468,2025-10-27,Emergency,H2-PROV0002,DEPT010,60751,2024-02-28,2021-05-23
H2-ENC007604,HOSP026276,2025-05-21,Outpatient,H2-PROV0002,DEPT008,38753,2021-01-11,2026-06-28
H2-ENC007605,HOSP025373,2020-08-21,Routine Checkup,H2-PROV0002,DEPT016,96781,2020-10-30,2023-11-26
H2-ENC007606,HOSP019203,2024-03-31,Telemedicine,H2-PROV0014,DEPT013,60196,2024-02-17,2020-06-30
H2-ENC007607,HOSP014588,2024-05-20,Routine Checkup,H2-PROV0019,DEPT002,50750,2022-11-03,2025-05-06
H2-ENC007608,HOSP025537,2022-03-19,Emergency,H2-PROV0027,DEPT014,94909,2023-05-20,2023-09-12
H2-ENC007609,HOSP031593,2021-04-29,Outpatient,H2-PROV0016,DEPT020,37005,2023-06-04,2025-09-26
H2-ENC007610,HOSP041908,2021-07-30,Emergency,H2-PROV0019,DEPT008,27385,2025-10-20,2024-09-04
H2-ENC007611,HOSP006066,2020-09-04,Outpatient,H2-PROV0027,DEPT017,56003,2022-08-01,2025-03-14
H2-ENC007612,HOSP029044,2023-03-26,Emergency,H2-PROV0025,DEPT001,30265,2026-01-11,2024-04-14
H2-ENC007613,HOSP026051,2023-08-07,Outpatient,H2-PROV0008,DEPT020,32615,2026-08-02,2026-07-29
H2-ENC007614,HOSP025740,2021-05-22,Routine Checkup,H2-PROV0025,DEPT020,45591,2024-08-17,2022-04-08
H2-ENC007615,HOSP047418,2026-05-11,Emergency,H2-PROV0025,DEPT014,75884,2021-04-17,2022-04-09
H2-ENC007616,HOSP032946,2025-03-07,Telemedicine,H2-PROV0028,DEPT007,21826,2021-08-10,2023-05-08
H2-ENC007617,HOSP013861,2023-07-12,Outpatient,H2-PROV0022,DEPT003,73030,2023-11-14,2022-06-11
H2-ENC007618,HOSP014403,2020-05-29,Telemedicine,H2-PROV0017,DEPT007,94937,2023-08-31,2023-08-06
H2-ENC007619,HOSP014902,2024-11-27,Emergency,H2-PROV0009,DEPT007,25546,2025-11-27,2020-05-11
H2-ENC007620,HOSP049416,2021-12-31,Telemedicine,H2-PROV0007,DEPT009,71994,2021-03-06,2022-08-25
H2-ENC007621,HOSP023227,2025-07-06,Telemedicine,H2-PROV0019,DEPT012,84212,2024-06-04,2026-02-26
H2-ENC007622,HOSP004982,2024-05-11,Outpatient,H2-PROV0020,DEPT011,35082,2025-04-29,2023-11-20
H2-ENC007623,HOSP017002,2023-08-21,Routine Checkup,H2-PROV0015,DEPT007,37425,2025-06-06,2026-09-25
H2-ENC007624,HOSP013808,2025-09-25,Telemedicine,H2-PROV0004,DEPT007,16955,2021-12-12,2026-02-01
H2-ENC007625,HOSP027798,2021-02-03,Routine Checkup,H2-PROV0019,DEPT005,80367,2025-01-13,2021-04-25
H2-ENC007626,HOSP043815,2021-06-26,Inpatient,H2-PROV0022,DEPT014,61976,2025-08-19,2023-10-18
H2-ENC007627,HOSP019477,2026-07-21,Telemedicine,H2-PROV0014,DEPT006,55566,2025-04-23,2024-02-01
H2-ENC007628,HOSP033171,2020-08-09,Inpatient,H2-PROV0017,DEPT014,96652,2021-02-01,2024-12-09
H2-ENC007629,HOSP018105,2021-02-04,Emergency,H2-PROV0017,DEPT014,52359,2024-08-22,2026-06-05
H2-ENC007630,HOSP039649,2025-07-01,Routine Checkup,H2-PROV0025,DEPT019,85919,2021-12-18,2023-09-07
H2-ENC007631,HOSP013839,2022-01-07,Telemedicine,H2-PROV0030,DEPT006,25350,2023-04-14,2023-07-29
H2-ENC007632,HOSP037005,2020-04-08,Routine Checkup,H2-PROV0016,DEPT005,15796,2025-07-06,2024-07-16
H2-ENC007633,HOSP022092,2022-11-19,Telemedicine,H2-PROV0017,DEPT016,57102,2026-01-27,2026-04-17
H2-ENC007634,HOSP025526,2024-03-01,Routine Checkup,H2-PROV0006,DEPT020,91985,2023-09-05,2021-08-02
H2-ENC007635,HOSP045295,2020-08-04,Routine Checkup,H2-PROV0015,DEPT018,63066,2026-02-15,2023-11-10
H2-ENC007636,HOSP021951,2021-01-24,Outpatient,H2-PROV0005,DEPT014,55835,2024-12-31,2021-04-10
H2-ENC007637,HOSP007330,2021-04-19,Routine Checkup,H2-PROV0023,DEPT011,93338,2023-02-15,2021-02-10
H2-ENC007638,HOSP007664,2020-07-27,Telemedicine,H2-PROV0027,DEPT018,82294,2024-10-30,2026-03-19
H2-ENC007639,HOSP022090,2020-06-26,Outpatient,H2-PROV0025,DEPT019,49122,2025-09-06,2020-03-09
H2-ENC007640,HOSP023704,2023-02-24,Outpatient,H2-PROV0013,DEPT011,91746,2023-03-02,2022-02-18
H2-ENC007641,HOSP010432,2025-04-06,Emergency,H2-PROV0007,DEPT017,21309,2021-04-19,2022-11-16
H2-ENC007642,HOSP019640,2024-03-22,Emergency,H2-PROV0014,DEPT017,79936,2024-05-22,2024-08-24
H2-ENC007643,HOSP023156,2023-04-28,Telemedicine,H2-PROV0023,DEPT013,23815,2022-08-13,2021-01-27
H2-ENC007644,HOSP042772,2024-08-05,Emergency,H2-PROV0029,DEPT012,11908,2022-10-04,2024-03-16
H2-ENC007645,HOSP048421,2023-04-22,Routine Checkup,H2-PROV0018,DEPT019,83452,2024-02-22,2020-07-16
H2-ENC007646,HOSP005772,2021-07-19,Inpatient,H2-PROV0014,DEPT010,94100,2022-12-10,2020-09-24
H2-ENC007647,HOSP023552,2020-02-25,Emergency,H2-PROV0001,DEPT019,54345,2020-08-19,2022-04-28
H2-ENC007648,HOSP030445,2022-03-27,Routine Checkup,H2-PROV0008,DEPT016,26066,2021-09-06,2020-05-24
H2-ENC007649,HOSP003573,2025-12-11,Routine Checkup,H2-PROV0019,DEPT001,58265,2021-02-01,2023-06-15
H2-ENC007650,HOSP031206,2024-01-07,Inpatient,H2-PROV0029,DEPT005,42405,2024-01-29,2021-10-22
H2-ENC007651,HOSP034751,2024-06-28,Inpatient,H2-PROV0007,DEPT002,37005,2020-02-04,2023-07-09
H2-ENC007652,HOSP049192,2024-10-04,Inpatient,H2-PROV0025,DEPT006,57109,2022-02-20,2024-10-15
H2-ENC007653,HOSP035138,2024-07-16,Emergency,H2-PROV0009,DEPT013,76686,2024-05-17,2020-03-24
H2-ENC007654,HOSP012344,2024-08-23,Inpatient,H2-PROV0027,DEPT015,47609,2026-03-10,2020-07-21
H2-ENC007655,HOSP022266,2020-05-20,Telemedicine,H2-PROV0004,DEPT004,25742,2020-11-18,2022-03-27
H2-ENC007656,HOSP014357,2020-05-20,Telemedicine,H2-PROV0024,DEPT014,84089,2021-11-19,2026-04-14
H2-ENC007657,HOSP037101,2026-09-20,Inpatient,H2-PROV0014,DEPT001,47609,2025-02-10,2022-06-27
H2-ENC007658,HOSP023021,2025-11-18,Telemedicine,H2-PROV0026,DEPT010,16990,2021-05-02,2026-08-20
H2-ENC007659,HOSP013590,2020-11-17,Outpatient,H2-PROV0028,DEPT001,61733,2022-04-07,2020-09-30
H2-ENC007660,HOSP029145,2022-06-22,Emergency,H2-PROV0024,DEPT015,42054,2020-11-19,2023-06-22
H2-ENC007661,HOSP049816,2025-10-14,Inpatient,H2-PROV0005,DEPT020,12032,2025-05-04,2021-05-28
H2-ENC007662,HOSP029642,2022-06-11,Inpatient,H2-PROV0011,DEPT013,79992,2020-12-02,2023-01-25
H2-ENC007663,HOSP006230,2020-12-16,Telemedicine,H2-PROV0002,DEPT016,38735,2022-09-18,2023-02-12
H2-ENC007664,HOSP049933,2023-05-31,Telemedicine,H2-PROV0012,DEPT017,43458,2023-09-11,2022-04-23
H2-ENC007665,HOSP037607,2025-02-01,Routine Checkup,H2-PROV0010,DEPT011,96525,2026-08-05,2022-02-10
H2-ENC007666,HOSP046387,2022-07-15,Outpatient,H2-PROV0019,DEPT004,53188,2021-03-11,2020-04-10
H2-ENC007667,HOSP004287,2024-08-07,Telemedicine,H2-PROV0005,DEPT005,43458,2026-03-07,2020-05-20
H2-ENC007668,HOSP044241,2020-10-01,Inpatient,H2-PROV0003,DEPT011,78665,2022-07-16,2022-06-01
H2-ENC007669,HOSP014858,2020-07-01,Telemedicine,H2-PROV0002,DEPT008,94034,2020-06-29,2024-10-14
H2-ENC007670,HOSP041076,2024-03-03,Telemedicine,H2-PROV0023,DEPT006,21275,2024-03-18,2022-05-07
H2-ENC007671,HOSP001374,2021-11-25,Inpatient,H2-PROV0023,DEPT003,40806,2026-01-14,2024-10-12
H2-ENC007672,HOSP047675,2021-03-08,Emergency,H2-PROV0022,DEPT004,80253,2020-03-03,2024-10-04
H2-ENC007673,HOSP009952,2023-12-31,Inpatient,H2-PROV0017,DEPT019,47487,2025-08-27,2026-03-24
H2-ENC007674,HOSP012218,2023-04-27,Telemedicine,H2-PROV0023,DEPT018,22379,2023-07-09,2020-09-10
H2-ENC007675,HOSP023472,2025-10-23,Emergency,H2-PROV0004,DEPT003,41811,2025-01-14,2025-08-03
H2-ENC007676,HOSP049495,2026-04-05,Telemedicine,H2-PROV0020,DEPT003,67522,2025-02-23,2023-06-17
H2-ENC007677,HOSP023873,2026-10-02,Emergency,H2-PROV0023,DEPT020,56397,2022-01-08,2025-10-03
H2-ENC007678,HOSP022584,2024-01-28,Telemedicine,H2-PROV0027,DEPT002,16990,2022-07-06,2026-04-11
H2-ENC007679,HOSP008204,2020-03-14,Inpatient,H2-PROV0016,DEPT006,57047,2026-06-20,2026-05-22
H2-ENC007680,HOSP032498,2024-03-28,Emergency,H2-PROV0020,DEPT009,26297,2020-10-26,2020-12-10
H2-ENC007681,HOSP016829,2025-07-17,Telemedicine,H2-PROV0012,DEPT015,17352,2022-06-20,2024-12-03
H2-ENC007682,HOSP049784,2020-10-17,Inpatient,H2-PROV0026,DEPT003,99921,2022-09-05,2023-01-16
H2-ENC007683,HOSP002250,2026-09-09,Inpatient,H2-PROV0022,DEPT019,55369,2026-04-07,2024-12-28
H2-ENC007684,HOSP041711,2022-12-19,Routine Checkup,H2-PROV0001,DEPT005,53313,2023-06-03,2020-11-07
H2-ENC007685,HOSP018749,2024-05-09,Outpatient,H2-PROV0022,DEPT019,54974,2026-06-08,2022-03-04
H2-ENC007686,HOSP039719,2023-07-12,Outpatient,H2-PROV0029,DEPT003,67246,2024-10-16,2024-07-08
H2-ENC007687,HOSP006121,2024-08-22,Routine Checkup,H2-PROV0008,DEPT001,69450,2026-05-28,2025-03-03
H2-ENC007688,HOSP029838,2022-05-24,Telemedicine,H2-PROV0013,DEPT012,45144,2026-09-06,2021-09-16
H2-ENC007689,HOSP032454,2023-10-06,Inpatient,H2-PROV0023,DEPT014,53879,2022-08-13,2023-10-07
H2-ENC007690,HOSP000808,2020-07-09,Telemedicine,H2-PROV0007,DEPT004,40597,2020-10-25,2023-09-11
H2-ENC007691,HOSP008499,2023-11-27,Emergency,H2-PROV0013,DEPT010,37404,2021-01-04,2025-06-05
H2-ENC007692,HOSP003123,2026-04-08,Emergency,H2-PROV0029,DEPT002,12273,2023-11-08,2024-10-28
H2-ENC007693,HOSP032536,2021-08-27,Routine Checkup,H2-PROV0015,DEPT015,14684,2020-12-03,2023-05-18
H2-ENC007694,HOSP041507,2020-10-09,Outpatient,H2-PROV0018,DEPT001,30619,2021-07-31,2024-01-24
H2-ENC007695,HOSP017191,2021-12-25,Telemedicine,H2-PROV0019,DEPT016,94909,2026-04-14,2024-07-26
H2-ENC007696,HOSP015106,2024-05-08,Outpatient,H2-PROV0015,DEPT015,12280,2024-01-22,2025-09-19
H2-ENC007697,HOSP045324,2020-06-16,Outpatient,H2-PROV0022,DEPT005,33770,2023-08-23,2020-06-09
H2-ENC007698,HOSP046501,2024-07-07,Inpatient,H2-PROV0020,DEPT009,87524,2023-12-03,2022-06-15
H2-ENC007699,HOSP039700,2020-06-23,Telemedicine,H2-PROV0028,DEPT002,45591,2023-12-02,2020-01-23
H2-ENC007700,HOSP013594,2022-11-01,Outpatient,H2-PROV0024,DEPT013,52613,2022-01-16,2021-09-15
H2-ENC007701,HOSP025721,2025-02-13,Inpatient,H2-PROV0024,DEPT020,21309,2025-06-08,2023-11-28
H2-ENC007702,HOSP044744,2025-05-19,Emergency,H2-PROV0029,DEPT013,89421,2024-04-05,2025-10-21
H2-ENC007703,HOSP025114,2024-02-20,Outpatient,H2-PROV0020,DEPT006,43337,2025-07-28,2020-12-03
H2-ENC007704,HOSP029770,2021-02-16,Inpatient,H2-PROV0004,DEPT005,15486,2023-06-20,2026-01-04
H2-ENC007705,HOSP000004,2020-02-19,Inpatient,H2-PROV0008,DEPT020,45144,2023-01-06,2026-07-24
H2-ENC007706,HOSP030648,2021-08-01,Emergency,H2-PROV0020,DEPT006,13755,2022-11-30,2025-05-18
H2-ENC007707,HOSP013146,2023-01-15,Routine Checkup,H2-PROV0018,DEPT013,41811,2023-05-25,2020-08-15
H2-ENC007708,HOSP010582,2025-03-28,Outpatient,H2-PROV0011,DEPT007,33770,2021-07-15,2020-11-01
H2-ENC007709,HOSP002119,2025-04-14,Telemedicine,H2-PROV0001,DEPT004,20203,2022-07-18,2020-10-31
H2-ENC007710,HOSP022815,2025-09-10,Inpatient,H2-PROV0014,DEPT012,47990,2025-02-20,2025-07-19
H2-ENC007711,HOSP023268,2025-09-03,Routine Checkup,H2-PROV0017,DEPT004,60966,2020-04-01,2024-11-13
H2-ENC007712,HOSP004369,2025-04-10,Telemedicine,H2-PROV0018,DEPT018,80084,2021-07-03,2024-12-04
H2-ENC007713,HOSP025236,2021-11-14,Routine Checkup,H2-PROV0028,DEPT004,85154,2021-04-03,2024-12-31
H2-ENC007714,HOSP029347,2020-07-26,Routine Checkup,H2-PROV0023,DEPT017,15544,2022-06-05,2021-03-27
H2-ENC007715,HOSP006765,2022-01-15,Inpatient,H2-PROV0001,DEPT013,32995,2023-05-13,2026-09-17
H2-ENC007716,HOSP036151,2023-07-10,Emergency,H2-PROV0027,DEPT011,51912,2020-09-17,2022-04-19
H2-ENC007717,HOSP007092,2024-06-04,Telemedicine,H2-PROV0017,DEPT007,35957,2021-09-24,2021-03-11
H2-ENC007718,HOSP040191,2021-01-28,Outpatient,H2-PROV0004,DEPT019,54363,2020-02-21,2026-05-09
H2-ENC007719,HOSP010215,2022-12-27,Telemedicine,H2-PROV0029,DEPT015,73476,2026-06-18,2023-01-18
H2-ENC007720,HOSP020190,2023-03-17,Routine Checkup,H2-PROV0014,DEPT013,96368,2022-07-17,2024-08-31
H2-ENC007721,HOSP006661,2024-10-26,Routine Checkup,H2-PROV0012,DEPT018,94999,2020-01-11,2023-11-22
H2-ENC007722,HOSP014522,2022-09-12,Emergency,H2-PROV0029,DEPT017,35331,2025-04-04,2024-07-15
H2-ENC007723,HOSP004091,2021-12-08,Routine Checkup,H2-PROV0019,DEPT015,96903,2025-04-04,2020-08-13
H2-ENC007724,HOSP006859,2020-02-29,Telemedicine,H2-PROV0001,DEPT005,23150,2020-03-06,2022-01-05
H2-ENC007725,HOSP038016,2022-10-01,Telemedicine,H2-PROV0014,DEPT003,51679,2021-10-19,2021-03-29
H2-ENC007726,HOSP023626,2021-01-05,Telemedicine,H2-PROV0007,DEPT010,31734,2022-12-03,2020-06-21
H2-ENC007727,HOSP029000,2025-03-16,Emergency,H2-PROV0011,DEPT005,73760,2022-02-21,2024-11-13
H2-ENC007728,HOSP037448,2024-09-28,Outpatient,H2-PROV0027,DEPT001,21297,2025-05-30,2022-11-15
H2-ENC007729,HOSP008341,2026-06-16,Telemedicine,H2-PROV0030,DEPT009,20203,2025-11-22,2026-03-15
H2-ENC007730,HOSP020773,2021-03-14,Telemedicine,H2-PROV0029,DEPT001,29302,2023-01-31,2024-04-14
H2-ENC007731,HOSP048142,2026-08-01,Telemedicine,H2-PROV0009,DEPT020,46168,2025-02-13,2023-04-25
H2-ENC007732,HOSP001549,2023-11-26,Routine Checkup,H2-PROV0016,DEPT001,97491,2023-04-20,2021-08-03
H2-ENC007733,HOSP033660,2024-09-13,Telemedicine,H2-PROV0024,DEPT020,44424,2022-02-20,2021-11-18
H2-ENC007734,HOSP038635,2021-05-12,Inpatient,H2-PROV0020,DEPT012,77235,2020-11-01,2023-12-09
H2-ENC007735,HOSP037353,2023-07-02,Inpatient,H2-PROV0002,DEPT013,99752,2023-12-04,2025-08-26
H2-ENC007736,HOSP000149,2022-07-29,Emergency,H2-PROV0019,DEPT018,40000,2025-11-09,2022-02-19
H2-ENC007737,HOSP006801,2020-11-30,Emergency,H2-PROV0009,DEPT016,34672,2021-12-23,2025-03-24
H2-ENC007738,HOSP037318,2021-02-01,Telemedicine,H2-PROV0016,DEPT018,45549,2021-11-10,2020-06-02
H2-ENC007739,HOSP016228,2023-01-27,Outpatient,H2-PROV0022,DEPT005,67522,2023-09-04,2026-03-27
H2-ENC007740,HOSP027629,2022-10-12,Routine Checkup,H2-PROV0022,DEPT010,97472,2022-04-02,2023-06-24
H2-ENC007741,HOSP037974,2020-04-20,Outpatient,H2-PROV0008,DEPT002,49874,2023-03-16,2021-10-04
H2-ENC007742,HOSP018614,2022-06-10,Routine Checkup,H2-PROV0020,DEPT011,96652,2025-12-30,2025-06-12
H2-ENC007743,HOSP001815,2023-02-01,Emergency,H2-PROV0018,DEPT013,62990,2022-12-06,2023-08-25
H2-ENC007744,HOSP028905,2024-12-09,Inpatient,H2-PROV0007,DEPT011,63116,2025-04-15,2026-02-20
H2-ENC007745,HOSP009388,2023-10-13,Routine Checkup,H2-PROV0027,DEPT017,46256,2021-04-19,2020-05-10
H2-ENC007746,HOSP013011,2025-05-18,Inpatient,H2-PROV0023,DEPT017,81495,2022-09-04,2025-03-17
H2-ENC007747,HOSP012109,2024-12-18,Emergency,H2-PROV0023,DEPT014,94775,2026-10-04,2026-05-04
H2-ENC007748,HOSP006647,2021-01-30,Routine Checkup,H2-PROV0022,DEPT010,69396,2024-09-05,2020-10-18
H2-ENC007749,HOSP024065,2023-08-18,Emergency,H2-PROV0012,DEPT007,21397,2025-06-03,2020-12-30
H2-ENC007750,HOSP035874,2025-08-19,Telemedicine,H2-PROV0001,DEPT009,18951,2023-09-18,2024-10-18
H2-ENC007751,HOSP014325,2025-04-05,Routine Checkup,H2-PROV0018,DEPT020,56624,2021-07-12,2024-06-02
H2-ENC007752,HOSP012162,2024-10-24,Telemedicine,H2-PROV0020,DEPT001,56071,2020-03-04,2024-03-08
H2-ENC007753,HOSP003871,2023-12-07,Routine Checkup,H2-PROV0004,DEPT001,78117,2026-01-13,2025-03-28
H2-ENC007754,HOSP041266,2020-01-16,Routine Checkup,H2-PROV0023,DEPT010,38566,2021-06-24,2026-01-22
H2-ENC007755,HOSP002873,2022-04-10,Telemedicine,H2-PROV0011,DEPT018,21536,2024-08-21,2023-08-06
H2-ENC007756,HOSP030520,2023-05-01,Routine Checkup,H2-PROV0018,DEPT004,97802,2020-03-26,2020-01-21
H2-ENC007757,HOSP017856,2025-08-15,Routine Checkup,H2-PROV0005,DEPT012,91936,2021-10-04,2024-01-06
H2-ENC007758,HOSP019023,2026-02-17,Outpatient,H2-PROV0005,DEPT001,85707,2020-10-11,2022-12-17
H2-ENC007759,HOSP039757,2021-09-16,Telemedicine,H2-PROV0011,DEPT011,41594,2021-05-23,2021-12-25
H2-ENC007760,HOSP049457,2026-09-07,Telemedicine,H2-PROV0018,DEPT020,51278,2020-08-16,2025-08-10
H2-ENC007761,HOSP036675,2026-08-14,Outpatient,H2-PROV0030,DEPT016,77235,2020-06-08,2020-09-24
H2-ENC007762,HOSP017816,2026-02-08,Routine Checkup,H2-PROV0014,DEPT011,13682,2021-10-16,2024-10-05
H2-ENC007763,HOSP001530,2020-11-25,Telemedicine,H2-PROV0012,DEPT007,31189,2026-01-29,2024-12-30
H2-ENC007764,HOSP015818,2021-07-12,Routine Checkup,H2-PROV0013,DEPT014,40255,2024-01-05,2024-10-25
H2-ENC007765,HOSP002346,2020-01-27,Routine Checkup,H2-PROV0029,DEPT007,90405,2021-01-30,2024-10-13
H2-ENC007766,HOSP022515,2021-01-29,Telemedicine,H2-PROV0017,DEPT006,48413,2023-11-24,2021-10-23
H2-ENC007767,HOSP048452,2024-03-04,Inpatient,H2-PROV0001,DEPT020,54726,2022-11-04,2026-07-09
H2-ENC007768,HOSP026626,2026-08-11,Inpatient,H2-PROV0007,DEPT001,31071,2020-09-18,2026-03-11
H2-ENC007769,HOSP024322,2022-04-16,Outpatient,H2-PROV0030,DEPT012,71459,2020-07-19,2022-05-16
H2-ENC007770,HOSP023403,2021-05-28,Telemedicine,H2-PROV0014,DEPT004,33369,2023-01-20,2021-08-07
H2-ENC007771,HOSP029594,2021-12-14,Routine Checkup,H2-PROV0025,DEPT003,34672,2022-12-07,2020-01-11
H2-ENC007772,HOSP035040,2021-07-15,Emergency,H2-PROV0017,DEPT016,64366,2022-07-03,2026-03-16
H2-ENC007773,HOSP016487,2024-07-14,Outpatient,H2-PROV0030,DEPT015,17969,2026-06-10,2025-07-06
H2-ENC007774,HOSP045646,2026-03-19,Outpatient,H2-PROV0029,DEPT013,28774,2021-06-16,2022-12-19
H2-ENC007775,HOSP033965,2022-04-18,Routine Checkup,H2-PROV0023,DEPT010,40845,2022-08-20,2023-04-25
H2-ENC007776,HOSP015442,2023-10-10,Emergency,H2-PROV0005,DEPT019,12013,2025-07-07,2025-03-21
H2-ENC007777,HOSP028027,2026-02-18,Outpatient,H2-PROV0025,DEPT007,11421,2021-07-27,2024-12-17
H2-ENC007778,HOSP006399,2023-02-01,Outpatient,H2-PROV0011,DEPT020,36115,2025-01-25,2025-07-07
H2-ENC007779,HOSP034620,2020-03-26,Routine Checkup,H2-PROV0030,DEPT019,81768,2021-10-30,2026-04-30
H2-ENC007780,HOSP025543,2022-01-07,Telemedicine,H2-PROV0008,DEPT019,93338,2021-12-29,2023-08-13
H2-ENC007781,HOSP013132,2026-06-04,Emergency,H2-PROV0012,DEPT014,49379,2025-07-28,2022-08-31
H2-ENC007782,HOSP017031,2023-07-20,Outpatient,H2-PROV0016,DEPT003,22912,2025-08-23,2021-09-04
H2-ENC007783,HOSP017796,2024-11-23,Inpatient,H2-PROV0025,DEPT006,60883,2023-01-16,2022-06-06
H2-ENC007784,HOSP038391,2021-09-06,Outpatient,H2-PROV0025,DEPT018,60817,2022-11-21,2022-10-17
H2-ENC007785,HOSP024889,2020-03-22,Telemedicine,H2-PROV0004,DEPT007,77235,2020-01-04,2020-06-30
H2-ENC007786,HOSP037928,2024-04-19,Emergency,H2-PROV0009,DEPT013,46814,2026-07-06,2026-05-09
H2-ENC007787,HOSP007721,2021-11-14,Inpatient,H2-PROV0004,DEPT018,40842,2020-11-13,2020-01-29
H2-ENC007788,HOSP023623,2023-10-27,Telemedicine,H2-PROV0005,DEPT004,94034,2022-08-07,2024-03-31
H2-ENC007789,HOSP004099,2024-06-14,Inpatient,H2-PROV0027,DEPT019,28569,2020-03-03,2021-05-31
H2-ENC007790,HOSP026836,2024-02-20,Inpatient,H2-PROV0023,DEPT016,46719,2025-02-28,2025-06-25
H2-ENC007791,HOSP000473,2025-12-10,Routine Checkup,H2-PROV0012,DEPT002,24440,2024-12-20,2022-09-26
H2-ENC007792,HOSP043180,2025-08-28,Emergency,H2-PROV0029,DEPT009,10346,2022-10-18,2023-02-28
H2-ENC007793,HOSP042267,2023-08-02,Inpatient,H2-PROV0008,DEPT006,20483,2020-05-27,2020-02-14
H2-ENC007794,HOSP017927,2022-07-27,Telemedicine,H2-PROV0019,DEPT011,85746,2024-10-17,2023-10-20
H2-ENC007795,HOSP047867,2020-04-12,Emergency,H2-PROV0028,DEPT018,19697,2023-10-11,2022-02-22
H2-ENC007796,HOSP010607,2026-10-05,Telemedicine,H2-PROV0016,DEPT008,13489,2025-06-01,2024-11-14
H2-ENC007797,HOSP022565,2026-06-02,Telemedicine,H2-PROV0011,DEPT015,41123,2021-07-17,2020-05-26
H2-ENC007798,HOSP037075,2025-12-21,Outpatient,H2-PROV0008,DEPT016,68319,2021-03-22,2024-11-21
H2-ENC007799,HOSP048259,2025-01-05,Outpatient,H2-PROV0027,DEPT003,40402,2021-10-23,2022-03-10
H2-ENC007800,HOSP015550,2020-04-15,Emergency,H2-PROV0016,DEPT010,35799,2023-04-24,2023-05-29
H2-ENC007801,HOSP006426,2022-10-10,Emergency,H2-PROV0009,DEPT020,99752,2021-05-21,2023-04-14
H2-ENC007802,HOSP000574,2021-06-25,Inpatient,H2-PROV0014,DEPT012,22628,2026-09-10,2025-11-30
H2-ENC007803,HOSP043108,2021-03-17,Routine Checkup,H2-PROV0009,DEPT001,91918,2022-07-18,2023-09-08
H2-ENC007804,HOSP034416,2022-03-02,Outpatient,H2-PROV0013,DEPT002,15572,2026-05-07,2024-05-17
H2-ENC007805,HOSP016522,2020-08-20,Inpatient,H2-PROV0002,DEPT017,92091,2022-02-05,2022-11-13
H2-ENC007806,HOSP016990,2022-10-06,Telemedicine,H2-PROV0025,DEPT004,75802,2021-04-04,2023-01-01
H2-ENC007807,HOSP032936,2025-01-05,Emergency,H2-PROV0007,DEPT008,94872,2022-11-11,2025-01-27
H2-ENC007808,HOSP011751,2023-09-04,Telemedicine,H2-PROV0001,DEPT005,35957,2023-02-20,2023-06-18
H2-ENC007809,HOSP044949,2025-08-28,Telemedicine,H2-PROV0007,DEPT020,48413,2021-10-16,2024-06-10
H2-ENC007810,HOSP047389,2026-07-23,Routine Checkup,H2-PROV0019,DEPT006,39529,2021-06-05,2023-01-23
H2-ENC007811,HOSP020167,2023-05-16,Telemedicine,H2-PROV0026,DEPT001,79936,2021-05-05,2024-01-22
H2-ENC007812,HOSP003624,2025-09-08,Emergency,H2-PROV0021,DEPT007,31649,2025-09-03,2020-06-07
H2-ENC007813,HOSP043634,2024-02-10,Emergency,H2-PROV0006,DEPT004,63714,2021-05-24,2021-08-07
H2-ENC007814,HOSP006548,2021-12-09,Telemedicine,H2-PROV0006,DEPT019,24026,2023-09-10,2026-01-20
H2-ENC007815,HOSP014766,2022-03-31,Emergency,H2-PROV0011,DEPT016,34151,2020-06-19,2022-07-23
H2-ENC007816,HOSP020456,2023-09-19,Telemedicine,H2-PROV0016,DEPT012,60071,2024-01-06,2023-07-02
H2-ENC007817,HOSP040819,2020-02-03,Inpatient,H2-PROV0026,DEPT010,19290,2021-08-22,2021-11-23
H2-ENC007818,HOSP035168,2023-06-09,Outpatient,H2-PROV0022,DEPT019,75794,2022-02-19,2026-08-06
H2-ENC007819,HOSP019547,2021-01-26,Inpatient,H2-PROV0029,DEPT009,86796,2022-11-05,2020-06-05
H2-ENC007820,HOSP023560,2020-12-21,Inpatient,H2-PROV0012,DEPT020,11845,2022-09-28,2026-03-25
H2-ENC007821,HOSP035161,2025-01-02,Emergency,H2-PROV0015,DEPT013,89742,2025-05-08,2020-02-28
H2-ENC007822,HOSP029623,2025-12-15,Telemedicine,H2-PROV0008,DEPT007,37375,2022-07-16,2026-09-19
H2-ENC007823,HOSP039446,2022-04-15,Routine Checkup,H2-PROV0006,DEPT006,45577,2020-01-11,2024-02-15
H2-ENC007824,HOSP023255,2024-07-11,Inpatient,H2-PROV0008,DEPT008,69396,2024-12-08,2025-03-21
H2-ENC007825,HOSP016292,2023-09-30,Routine Checkup,H2-PROV0026,DEPT011,31621,2020-10-17,2022-12-31
H2-ENC007826,HOSP032802,2023-09-26,Outpatient,H2-PROV0002,DEPT003,60075,2021-11-23,2022-07-16
H2-ENC007827,HOSP031306,2025-08-17,Telemedicine,H2-PROV0010,DEPT001,76611,2020-12-12,2023-03-16
H2-ENC007828,HOSP030503,2026-03-06,Inpatient,H2-PROV0005,DEPT003,81979,2025-12-26,2021-02-25
H2-ENC007829,HOSP029101,2022-10-01,Emergency,H2-PROV0015,DEPT006,76797,2020-07-03,2022-09-05
H2-ENC007830,HOSP036198,2022-02-22,Emergency,H2-PROV0008,DEPT004,49978,2024-06-24,2025-07-29
H2-ENC007831,HOSP039674,2022-09-02,Routine Checkup,H2-PROV0010,DEPT014,71812,2023-04-18,2026-10-06
H2-ENC007832,HOSP034021,2025-10-20,Telemedicine,H2-PROV0002,DEPT004,63721,2024-04-29,2023-07-13
H2-ENC007833,HOSP039990,2026-09-26,Outpatient,H2-PROV0004,DEPT003,51588,2025-11-26,2021-04-13
H2-ENC007834,HOSP002216,2022-01-06,Emergency,H2-PROV0003,DEPT004,11095,2022-08-29,2020-09-11
H2-ENC007835,HOSP000090,2024-01-30,Outpatient,H2-PROV0022,DEPT014,97202,2022-03-24,2024-03-12
H2-ENC007836,HOSP012080,2023-02-24,Telemedicine,H2-PROV0021,DEPT013,43631,2023-01-03,2022-08-19
H2-ENC007837,HOSP013494,2021-09-29,Emergency,H2-PROV0011,DEPT006,16020,2025-08-27,2024-02-26
H2-ENC007838,HOSP005752,2021-05-21,Routine Checkup,H2-PROV0004,DEPT016,92185,2025-02-08,2021-09-27
H2-ENC007839,HOSP038695,2025-02-03,Inpatient,H2-PROV0008,DEPT017,11301,2021-12-15,2021-04-11
H2-ENC007840,HOSP021031,2025-07-01,Emergency,H2-PROV0028,DEPT010,19132,2023-11-28,2020-08-29
H2-ENC007841,HOSP003248,2021-09-13,Outpatient,H2-PROV0006,DEPT005,38013,2025-05-04,2021-06-21
H2-ENC007842,HOSP028151,2021-02-12,Outpatient,H2-PROV0010,DEPT014,48045,2020-06-17,2024-07-15
H2-ENC007843,HOSP040132,2023-07-08,Telemedicine,H2-PROV0026,DEPT017,70701,2021-09-27,2021-08-11
H2-ENC007844,HOSP021951,2021-02-02,Routine Checkup,H2-PROV0014,DEPT018,17969,2023-10-24,2020-07-13
H2-ENC007845,HOSP039724,2023-09-16,Outpatient,H2-PROV0014,DEPT011,59662,2021-03-13,2020-01-24
H2-ENC007846,HOSP015433,2020-09-30,Inpatient,H2-PROV0013,DEPT018,95525,2025-10-03,2024-02-05
H2-ENC007847,HOSP005900,2024-09-11,Inpatient,H2-PROV0010,DEPT002,12747,2025-05-06,2020-11-03
H2-ENC007848,HOSP031150,2025-04-19,Inpatient,H2-PROV0005,DEPT002,30764,2021-07-22,2025-12-18
H2-ENC007849,HOSP034714,2023-09-13,Inpatient,H2-PROV0012,DEPT011,97125,2022-11-25,2022-07-26
H2-ENC007850,HOSP043720,2021-12-01,Telemedicine,H2-PROV0012,DEPT002,21656,2026-04-17,2026-04-30
H2-ENC007851,HOSP042354,2024-04-14,Routine Checkup,H2-PROV0010,DEPT017,97014,2026-01-11,2023-02-20
H2-ENC007852,HOSP003262,2024-03-25,Routine Checkup,H2-PROV0002,DEPT004,30076,2022-12-26,2023-10-30
H2-ENC007853,HOSP036100,2021-05-11,Telemedicine,H2-PROV0026,DEPT002,11908,2021-09-22,2020-12-14
H2-ENC007854,HOSP036229,2023-03-05,Outpatient,H2-PROV0022,DEPT003,60751,2024-06-18,2023-12-11
H2-ENC007855,HOSP032165,2023-07-11,Emergency,H2-PROV0021,DEPT014,77671,2020-08-06,2026-07-21
H2-ENC007856,HOSP041843,2025-08-19,Inpatient,H2-PROV0020,DEPT006,30420,2024-02-18,2025-10-08
H2-ENC007857,HOSP045568,2026-08-31,Emergency,H2-PROV0001,DEPT005,52175,2026-05-16,2025-08-15
H2-ENC007858,HOSP034667,2022-11-28,Telemedicine,H2-PROV0002,DEPT020,79719,2024-12-22,2026-07-06
H2-ENC007859,HOSP010372,2020-06-26,Outpatient,H2-PROV0013,DEPT009,73686,2026-05-13,2026-02-01
H2-ENC007860,HOSP016093,2024-03-13,Outpatient,H2-PROV0011,DEPT010,99846,2020-08-29,2024-12-04
H2-ENC007861,HOSP022769,2026-01-01,Inpatient,H2-PROV0001,DEPT013,60071,2024-07-24,2023-06-17
H2-ENC007862,HOSP034639,2023-03-03,Telemedicine,H2-PROV0030,DEPT019,21172,2023-07-08,2021-03-12
H2-ENC007863,HOSP041026,2023-05-03,Emergency,H2-PROV0005,DEPT018,58265,2023-06-12,2026-04-02
H2-ENC007864,HOSP013078,2020-02-06,Telemedicine,H2-PROV0013,DEPT016,35978,2021-07-22,2020-04-14
H2-ENC007865,HOSP021189,2020-08-09,Outpatient,H2-PROV0008,DEPT013,53056,2024-09-30,2025-11-14
H2-ENC007866,HOSP012508,2025-12-11,Inpatient,H2-PROV0022,DEPT011,39231,2021-11-28,2024-07-06
H2-ENC007867,HOSP043719,2020-08-21,Telemedicine,H2-PROV0013,DEPT007,45115,2026-08-19,2022-08-21
H2-ENC007868,HOSP049453,2022-04-27,Emergency,H2-PROV0004,DEPT013,53687,2021-05-04,2023-07-18
H2-ENC007869,HOSP024670,2020-07-05,Inpatient,H2-PROV0020,DEPT001,59755,2024-05-06,2021-03-14
H2-ENC007870,HOSP003220,2026-09-19,Routine Checkup,H2-PROV0008,DEPT006,48413,2023-01-22,2024-10-14
H2-ENC007871,HOSP028196,2024-04-01,Outpatient,H2-PROV0012,DEPT004,41811,2025-08-20,2022-08-30
H2-ENC007872,HOSP024002,2024-04-22,Emergency,H2-PROV0008,DEPT011,95020,2025-10-11,2023-02-22
H2-ENC007873,HOSP025203,2025-01-15,Routine Checkup,H2-PROV0010,DEPT013,73476,2021-02-20,2023-07-18
H2-ENC007874,HOSP011002,2020-05-13,Telemedicine,H2-PROV0006,DEPT002,92506,2021-12-09,2023-02-02
H2-ENC007875,HOSP046343,2024-03-24,Outpatient,H2-PROV0009,DEPT007,31552,2026-03-14,2025-01-11
H2-ENC007876,HOSP034463,2020-11-12,Outpatient,H2-PROV0020,DEPT002,10034,2024-03-15,2021-12-16
H2-ENC007877,HOSP001679,2022-06-12,Routine Checkup,H2-PROV0003,DEPT007,46668,2020-01-14,2026-06-19
H2-ENC007878,HOSP001182,2023-07-13,Outpatient,H2-PROV0026,DEPT009,38753,2022-05-05,2026-02-04
H2-ENC007879,HOSP012378,2021-05-21,Outpatient,H2-PROV0028,DEPT002,70414,2026-05-31,2024-09-03
H2-ENC007880,HOSP000642,2025-04-18,Emergency,H2-PROV0008,DEPT009,66921,2020-01-11,2025-04-05
H2-ENC007881,HOSP018698,2021-01-16,Routine Checkup,H2-PROV0004,DEPT004,94775,2024-09-12,2024-06-16
H2-ENC007882,HOSP011161,2021-11-13,Telemedicine,H2-PROV0024,DEPT012,34434,2020-01-07,2023-05-08
H2-ENC007883,HOSP010338,2022-05-29,Emergency,H2-PROV0001,DEPT008,92133,2025-03-07,2021-12-22
H2-ENC007884,HOSP037257,2020-07-17,Emergency,H2-PROV0005,DEPT009,54363,2025-05-26,2022-03-24
H2-ENC007885,HOSP019799,2024-09-24,Emergency,H2-PROV0021,DEPT006,15804,2021-01-15,2024-04-25
H2-ENC007886,HOSP028703,2021-11-08,Outpatient,H2-PROV0006,DEPT005,73852,2023-09-26,2026-03-29
H2-ENC007887,HOSP029739,2026-01-01,Telemedicine,H2-PROV0003,DEPT007,24178,2023-10-22,2022-08-01
H2-ENC007888,HOSP044650,2026-01-29,Telemedicine,H2-PROV0026,DEPT005,81065,2026-10-05,2025-12-13
H2-ENC007889,HOSP037614,2025-10-11,Emergency,H2-PROV0017,DEPT004,64484,2025-07-05,2024-02-10
H2-ENC007890,HOSP013123,2022-01-26,Inpatient,H2-PROV0027,DEPT004,89485,2025-01-26,2023-07-24
H2-ENC007891,HOSP021484,2023-05-09,Telemedicine,H2-PROV0007,DEPT018,65340,2020-02-21,2020-08-21
H2-ENC007892,HOSP047474,2023-01-11,Outpatient,H2-PROV0014,DEPT001,19096,2022-11-15,2021-05-12
H2-ENC007893,HOSP007954,2023-11-08,Emergency,H2-PROV0009,DEPT012,85746,2024-06-10,2025-10-25
H2-ENC007894,HOSP033769,2026-08-06,Outpatient,H2-PROV0026,DEPT002,62807,2021-10-26,2020-04-14
H2-ENC007895,HOSP006729,2026-05-05,Inpatient,H2-PROV0017,DEPT016,16973,2026-08-16,2020-09-22
H2-ENC007896,HOSP049012,2024-09-23,Telemedicine,H2-PROV0004,DEPT012,93293,2021-10-20,2022-04-02
H2-ENC007897,HOSP047499,2024-07-10,Emergency,H2-PROV0020,DEPT001,81768,2020-10-30,2025-08-24
H2-ENC007898,HOSP029788,2022-04-14,Emergency,H2-PROV0029,DEPT005,73598,2021-05-26,2020-04-04
H2-ENC007899,HOSP028881,2022-11-19,Telemedicine,H2-PROV0012,DEPT005,58265,2024-08-06,2024-08-07
H2-ENC007900,HOSP033576,2026-09-28,Telemedicine,H2-PROV0028,DEPT009,46444,2020-04-23,2025-08-14
H2-ENC007901,HOSP017072,2023-07-14,Routine Checkup,H2-PROV0008,DEPT003,76248,2020-12-02,2024-01-11
H2-ENC007902,HOSP018317,2023-09-10,Inpatient,H2-PROV0022,DEPT004,74035,2020-05-03,2024-06-29
H2-ENC007903,HOSP034378,2022-05-13,Outpatient,H2-PROV0025,DEPT009,65420,2021-12-21,2026-01-22
H2-ENC007904,HOSP046891,2024-02-16,Emergency,H2-PROV0007,DEPT001,67423,2024-01-25,2023-07-10
H2-ENC007905,HOSP017728,2025-08-06,Inpatient,H2-PROV0011,DEPT005,57355,2025-05-12,2024-09-01
H2-ENC007906,HOSP017288,2024-12-02,Telemedicine,H2-PROV0030,DEPT008,57102,2024-10-29,2024-12-09
H2-ENC007907,HOSP009132,2021-06-01,Outpatient,H2-PROV0002,DEPT015,73761,2025-05-23,2025-10-09
H2-ENC007908,HOSP010010,2023-02-05,Inpatient,H2-PROV0029,DEPT019,59727,2021-11-18,2024-12-24
H2-ENC007909,HOSP009448,2023-06-28,Telemedicine,H2-PROV0014,DEPT010,53313,2020-09-12,2021-01-30
H2-ENC007910,HOSP032806,2025-08-21,Inpatient,H2-PROV0013,DEPT010,39529,2023-11-10,2020-02-23
H2-ENC007911,HOSP016122,2021-01-17,Telemedicine,H2-PROV0018,DEPT012,17070,2021-02-07,2026-05-01
H2-ENC007912,HOSP043211,2020-03-13,Outpatient,H2-PROV0013,DEPT008,51293,2026-06-13,2024-02-05
H2-ENC007913,HOSP043200,2020-10-23,Inpatient,H2-PROV0026,DEPT020,68634,2023-04-30,2023-10-21
H2-ENC007914,HOSP031354,2023-05-16,Outpatient,H2-PROV0012,DEPT006,75599,2022-02-05,2024-07-03
H2-ENC007915,HOSP004996,2020-08-29,Emergency,H2-PROV0020,DEPT006,70928,2024-10-24,2023-01-04
H2-ENC007916,HOSP043279,2020-04-23,Routine Checkup,H2-PROV0003,DEPT013,85873,2024-06-01,2021-03-19
H2-ENC007917,HOSP022049,2023-07-11,Telemedicine,H2-PROV0006,DEPT019,94426,2025-03-27,2024-11-23
H2-ENC007918,HOSP039200,2021-02-14,Routine Checkup,H2-PROV0018,DEPT014,38735,2023-08-11,2025-06-21
H2-ENC007919,HOSP025885,2025-04-25,Telemedicine,H2-PROV0006,DEPT020,45994,2021-08-24,2020-12-11
H2-ENC007920,HOSP033053,2025-11-16,Routine Checkup,H2-PROV0001,DEPT002,20581,2023-11-17,2023-06-11
H2-ENC007921,HOSP034394,2020-10-05,Emergency,H2-PROV0009,DEPT002,64511,2021-11-30,2025-10-26
H2-ENC007922,HOSP013626,2020-08-27,Emergency,H2-PROV0007,DEPT009,25350,2026-07-16,2021-09-01
H2-ENC007923,HOSP007764,2025-12-04,Telemedicine,H2-PROV0014,DEPT013,28166,2024-11-30,2022-12-27
H2-ENC007924,HOSP015865,2020-03-20,Outpatient,H2-PROV0009,DEPT008,82892,2025-02-21,2024-01-09
H2-ENC007925,HOSP027673,2020-07-28,Emergency,H2-PROV0025,DEPT001,63043,2024-02-14,2021-12-20
H2-ENC007926,HOSP023462,2020-08-10,Outpatient,H2-PROV0020,DEPT015,35094,2021-05-13,2023-09-05
H2-ENC007927,HOSP037909,2021-02-27,Outpatient,H2-PROV0006,DEPT005,87187,2026-01-27,2022-01-25
H2-ENC007928,HOSP007357,2023-03-20,Inpatient,H2-PROV0029,DEPT016,43337,2020-03-07,2024-11-01
H2-ENC007929,HOSP049059,2024-12-07,Emergency,H2-PROV0014,DEPT008,28759,2025-08-02,2021-05-20
H2-ENC007930,HOSP005619,2024-09-29,Telemedicine,H2-PROV0009,DEPT004,11400,2023-08-17,2021-07-07
H2-ENC007931,HOSP038140,2025-11-24,Routine Checkup,H2-PROV0019,DEPT019,90542,2022-12-26,2024-04-03
H2-ENC007932,HOSP029826,2023-12-28,Inpatient,H2-PROV0028,DEPT016,74107,2021-05-05,2022-08-29
H2-ENC007933,HOSP036230,2022-11-05,Telemedicine,H2-PROV0013,DEPT009,34629,2021-07-10,2020-05-06
H2-ENC007934,HOSP040975,2026-08-22,Telemedicine,H2-PROV0005,DEPT002,10661,2026-02-18,2020-06-28
H2-ENC007935,HOSP035993,2023-03-24,Emergency,H2-PROV0025,DEPT010,32643,2024-08-24,2020-11-03
H2-ENC007936,HOSP002108,2025-04-19,Outpatient,H2-PROV0006,DEPT020,92667,2020-01-28,2024-07-22
H2-ENC007937,HOSP026103,2024-03-07,Emergency,H2-PROV0029,DEPT013,60817,2026-06-14,2021-03-19
H2-ENC007938,HOSP041616,2024-10-23,Emergency,H2-PROV0018,DEPT009,49978,2023-09-28,2026-03-18
H2-ENC007939,HOSP012269,2020-06-25,Outpatient,H2-PROV0003,DEPT008,61733,2020-05-04,2021-12-11
H2-ENC007940,HOSP003085,2025-03-01,Outpatient,H2-PROV0022,DEPT019,71051,2023-04-17,2020-01-03
H2-ENC007941,HOSP032447,2020-09-12,Routine Checkup,H2-PROV0007,DEPT001,78999,2023-02-13,2021-09-03
H2-ENC007942,HOSP037764,2020-12-22,Emergency,H2-PROV0018,DEPT003,22912,2022-04-25,2025-04-07
H2-ENC007943,HOSP023343,2022-09-26,Routine Checkup,H2-PROV0004,DEPT018,41536,2025-06-05,2023-02-20
H2-ENC007944,HOSP023745,2022-08-05,Emergency,H2-PROV0021,DEPT010,99663,2025-06-13,2026-09-23
H2-ENC007945,HOSP049097,2022-02-11,Emergency,H2-PROV0012,DEPT001,71185,2022-07-28,2023-11-09
H2-ENC007946,HOSP032056,2026-05-31,Telemedicine,H2-PROV0013,DEPT003,84958,2020-10-18,2020-02-03
H2-ENC007947,HOSP024936,2021-02-16,Outpatient,H2-PROV0025,DEPT011,41054,2022-09-22,2021-11-23
H2-ENC007948,HOSP047488,2025-06-09,Routine Checkup,H2-PROV0004,DEPT020,32087,2024-03-03,2025-03-24
H2-ENC007949,HOSP023361,2025-01-10,Routine Checkup,H2-PROV0030,DEPT018,92652,2024-03-25,2020-02-16
H2-ENC007950,HOSP006509,2023-08-19,Outpatient,H2-PROV0019,DEPT011,34760,2023-04-09,2020-09-15
H2-ENC007951,HOSP044548,2025-02-27,Emergency,H2-PROV0021,DEPT003,53313,2024-02-20,2020-09-01
H2-ENC007952,HOSP010948,2026-08-31,Routine Checkup,H2-PROV0023,DEPT008,15544,2023-11-17,2023-07-22
H2-ENC007953,HOSP014007,2021-08-11,Telemedicine,H2-PROV0019,DEPT015,25039,2025-04-29,2021-04-19
H2-ENC007954,HOSP044575,2026-09-22,Emergency,H2-PROV0025,DEPT006,43570,2026-04-26,2025-06-23
H2-ENC007955,HOSP015943,2025-01-12,Routine Checkup,H2-PROV0003,DEPT019,94597,2024-12-08,2025-07-04
H2-ENC007956,HOSP042064,2021-08-15,Telemedicine,H2-PROV0001,DEPT019,68634,2022-03-23,2025-07-26
H2-ENC007957,HOSP025757,2023-08-01,Emergency,H2-PROV0010,DEPT006,78665,2024-04-28,2022-08-21
H2-ENC007958,HOSP023227,2022-12-29,Inpatient,H2-PROV0018,DEPT008,17163,2024-07-10,2021-04-25
H2-ENC007959,HOSP046457,2020-05-23,Inpatient,H2-PROV0025,DEPT003,49397,2021-04-07,2021-07-26
H2-ENC007960,HOSP006199,2020-12-08,Emergency,H2-PROV0018,DEPT001,93650,2021-12-13,2023-09-04
H2-ENC007961,HOSP023104,2025-03-30,Outpatient,H2-PROV0016,DEPT008,89746,2023-11-05,2020-04-06
H2-ENC007962,HOSP036327,2026-05-06,Emergency,H2-PROV0015,DEPT006,83919,2021-07-09,2023-11-07
H2-ENC007963,HOSP034736,2023-02-09,Telemedicine,H2-PROV0014,DEPT006,10703,2023-01-31,2024-11-18
H2-ENC007964,HOSP016765,2020-01-17,Outpatient,H2-PROV0017,DEPT018,32087,2026-04-13,2025-08-08
H2-ENC007965,HOSP031332,2025-09-24,Inpatient,H2-PROV0013,DEPT020,96903,2025-06-07,2022-12-07
H2-ENC007966,HOSP035310,2020-08-26,Outpatient,H2-PROV0018,DEPT015,83562,2021-11-17,2026-09-08
H2-ENC007967,HOSP003171,2021-08-16,Emergency,H2-PROV0004,DEPT016,99861,2024-10-31,2020-08-20
H2-ENC007968,HOSP046907,2020-12-06,Routine Checkup,H2-PROV0004,DEPT005,39277,2020-03-29,2020-08-12
H2-ENC007969,HOSP043749,2021-01-27,Inpatient,H2-PROV0015,DEPT001,42192,2025-01-16,2021-02-22
H2-ENC007970,HOSP035968,2020-11-25,Inpatient,H2-PROV0006,DEPT002,70295,2024-09-27,2020-07-13
H2-ENC007971,HOSP035979,2026-08-29,Inpatient,H2-PROV0013,DEPT009,86698,2020-05-01,2024-02-22
H2-ENC007972,HOSP038620,2022-04-19,Emergency,H2-PROV0017,DEPT001,39256,2025-05-22,2024-09-15
H2-ENC007973,HOSP032845,2022-03-10,Routine Checkup,H2-PROV0026,DEPT009,40000,2023-12-19,2020-08-05
H2-ENC007974,HOSP016853,2024-02-27,Inpatient,H2-PROV0005,DEPT006,46440,2024-01-08,2025-10-04
H2-ENC007975,HOSP005120,2023-02-04,Routine Checkup,H2-PROV0010,DEPT003,53188,2024-09-17,2020-09-10
H2-ENC007976,HOSP010190,2022-06-21,Routine Checkup,H2-PROV0009,DEPT015,88824,2020-03-24,2025-04-07
H2-ENC007977,HOSP006680,2022-12-13,Emergency,H2-PROV0010,DEPT001,74366,2020-04-23,2026-09-21
H2-ENC007978,HOSP045529,2021-09-21,Telemedicine,H2-PROV0012,DEPT010,63714,2021-03-11,2025-01-26
H2-ENC007979,HOSP041047,2024-07-29,Routine Checkup,H2-PROV0006,DEPT018,10745,2021-06-24,2022-04-26
H2-ENC007980,HOSP014838,2026-09-13,Inpatient,H2-PROV0029,DEPT001,41787,2024-09-07,2022-07-23
H2-ENC007981,HOSP026903,2023-07-04,Emergency,H2-PROV0018,DEPT013,60877,2026-06-20,2021-05-29
H2-ENC007982,HOSP003931,2020-04-18,Inpatient,H2-PROV0009,DEPT011,28759,2026-03-22,2026-01-12
H2-ENC007983,HOSP000991,2021-03-06,Inpatient,H2-PROV0008,DEPT019,92395,2024-09-24,2023-05-02
H2-ENC007984,HOSP031120,2020-05-31,Inpatient,H2-PROV0015,DEPT008,85919,2020-11-25,2021-04-30
H2-ENC007985,HOSP032572,2022-06-20,Telemedicine,H2-PROV0001,DEPT016,75599,2026-01-15,2020-10-25
H2-ENC007986,HOSP022738,2025-03-16,Outpatient,H2-PROV0021,DEPT015,22064,2021-01-20,2022-02-22
H2-ENC007987,HOSP013584,2024-02-05,Emergency,H2-PROV0012,DEPT002,50576,2025-12-05,2023-09-04
H2-ENC007988,HOSP015543,2021-02-24,Routine Checkup,H2-PROV0027,DEPT014,72420,2024-12-19,2021-11-06
H2-ENC007989,HOSP025803,2022-11-13,Inpatient,H2-PROV0009,DEPT015,13974,2020-08-19,2021-10-17
H2-ENC007990,HOSP027393,2024-09-22,Telemedicine,H2-PROV0027,DEPT019,54867,2023-05-19,2023-01-31
H2-ENC007991,HOSP015409,2024-10-12,Outpatient,H2-PROV0022,DEPT016,25546,2021-03-03,2023-02-02
H2-ENC007992,HOSP030723,2021-06-03,Outpatient,H2-PROV0020,DEPT019,11400,2020-12-24,2023-03-14
H2-ENC007993,HOSP010254,2020-07-01,Routine Checkup,H2-PROV0009,DEPT012,90481,2022-04-20,2024-07-11
H2-ENC007994,HOSP040358,2021-01-09,Outpatient,H2-PROV0019,DEPT008,71302,2023-08-06,2021-12-23
H2-ENC007995,HOSP038062,2026-02-23,Routine Checkup,H2-PROV0008,DEPT005,25039,2025-09-05,2020-11-20
H2-ENC007996,HOSP033780,2021-05-22,Outpatient,H2-PROV0008,DEPT004,30420,2025-01-31,2023-03-11
H2-ENC007997,HOSP034069,2021-06-27,Inpatient,H2-PROV0009,DEPT005,89973,2020-12-28,2024-09-20
H2-ENC007998,HOSP001671,2020-05-26,Inpatient,H2-PROV0022,DEPT014,69934,2023-09-10,2021-04-19
H2-ENC007999,HOSP010971,2025-08-25,Outpatient,H2-PROV0024,DEPT019,55835,2023-04-23,2024-11-05
H2-ENC008000,HOSP025493,2025-05-21,Outpatient,H2-PROV0006,DEPT006,39610,2025-06-17,2024-12-24
H2-ENC008001,HOSP012598,2024-05-20,Routine Checkup,H2-PROV0009,DEPT016,45766,2024-07-12,2023-05-26
H2-ENC008002,HOSP028748,2020-09-19,Routine Checkup,H2-PROV0020,DEPT014,56966,2021-05-09,2026-06-22
H2-ENC008003,HOSP015945,2023-04-18,Outpatient,H2-PROV0017,DEPT015,51570,2024-03-17,2026-08-22
H2-ENC008004,HOSP038907,2021-01-09,Routine Checkup,H2-PROV0002,DEPT014,79425,2025-12-06,2023-04-25
H2-ENC008005,HOSP033601,2025-08-17,Inpatient,H2-PROV0024,DEPT012,59003,2021-05-03,2021-01-16
H2-ENC008006,HOSP010890,2026-06-12,Inpatient,H2-PROV0020,DEPT012,12013,2024-11-11,2020-07-19
H2-ENC008007,HOSP014337,2026-01-02,Emergency,H2-PROV0013,DEPT011,87365,2026-10-06,2025-11-23
H2-ENC008008,HOSP009750,2023-04-15,Telemedicine,H2-PROV0005,DEPT006,75310,2022-08-25,2021-05-07
H2-ENC008009,HOSP024415,2025-07-30,Outpatient,H2-PROV0004,DEPT019,24305,2024-05-06,2023-01-05
H2-ENC008010,HOSP013120,2023-12-24,Telemedicine,H2-PROV0014,DEPT018,57931,2022-11-30,2020-12-12
H2-ENC008011,HOSP011629,2021-12-10,Outpatient,H2-PROV0024,DEPT006,91391,2025-12-18,2022-10-24
H2-ENC008012,HOSP044770,2023-03-19,Inpatient,H2-PROV0008,DEPT007,17639,2024-12-14,2022-02-21
H2-ENC008013,HOSP016686,2022-07-25,Routine Checkup,H2-PROV0030,DEPT005,63147,2026-06-18,2024-03-05
H2-ENC008014,HOSP042898,2023-11-27,Inpatient,H2-PROV0018,DEPT009,60975,2021-10-07,2024-11-21
H2-ENC008015,HOSP035902,2024-12-06,Emergency,H2-PROV0023,DEPT019,48096,2023-11-20,2024-08-09
H2-ENC008016,HOSP010145,2023-10-24,Inpatient,H2-PROV0029,DEPT011,64484,2024-09-25,2025-08-29
H2-ENC008017,HOSP024335,2024-04-14,Inpatient,H2-PROV0029,DEPT002,46388,2023-08-22,2022-04-19
H2-ENC008018,HOSP012610,2024-08-01,Telemedicine,H2-PROV0029,DEPT012,21397,2023-09-17,2021-04-22
H2-ENC008019,HOSP049263,2025-08-10,Emergency,H2-PROV0026,DEPT009,23826,2022-10-23,2020-07-04
H2-ENC008020,HOSP046985,2024-01-06,Routine Checkup,H2-PROV0016,DEPT011,51570,2024-03-28,2023-06-12
H2-ENC008021,HOSP028843,2020-08-03,Emergency,H2-PROV0019,DEPT003,90771,2022-07-13,2023-04-13
H2-ENC008022,HOSP039454,2023-01-21,Inpatient,H2-PROV0002,DEPT001,66972,2026-02-05,2025-03-20
H2-ENC008023,HOSP043996,2026-07-09,Emergency,H2-PROV0021,DEPT011,45073,2025-09-06,2026-02-21
H2-ENC008024,HOSP046608,2022-06-30,Telemedicine,H2-PROV0015,DEPT016,97120,2020-10-27,2022-10-24
H2-ENC008025,HOSP000812,2021-08-12,Inpatient,H2-PROV0023,DEPT005,40806,2024-02-09,2022-11-24
H2-ENC008026,HOSP008945,2021-05-26,Telemedicine,H2-PROV0029,DEPT011,51947,2021-08-13,2022-08-18
H2-ENC008027,HOSP000924,2026-08-06,Telemedicine,H2-PROV0022,DEPT017,85655,2023-12-04,2020-09-28
H2-ENC008028,HOSP011804,2024-04-03,Telemedicine,H2-PROV0028,DEPT020,15486,2023-09-01,2026-07-11
H2-ENC008029,HOSP048548,2025-04-30,Inpatient,H2-PROV0008,DEPT007,87524,2020-01-25,2020-11-06
H2-ENC008030,HOSP037171,2026-09-09,Telemedicine,H2-PROV0026,DEPT004,31864,2023-11-14,2026-05-21
H2-ENC008031,HOSP005213,2024-03-25,Emergency,H2-PROV0018,DEPT006,96643,2025-04-03,2023-12-27
H2-ENC008032,HOSP039695,2022-06-13,Outpatient,H2-PROV0015,DEPT011,11052,2025-02-28,2026-03-09
H2-ENC008033,HOSP010036,2020-06-09,Inpatient,H2-PROV0029,DEPT015,24848,2023-03-20,2020-05-29
H2-ENC008034,HOSP008034,2022-12-26,Emergency,H2-PROV0030,DEPT012,70701,2021-05-30,2021-06-15
H2-ENC008035,HOSP019656,2020-12-03,Routine Checkup,H2-PROV0009,DEPT008,50025,2022-05-05,2023-06-20
H2-ENC008036,HOSP027169,2026-03-27,Telemedicine,H2-PROV0015,DEPT013,16749,2021-07-11,2024-02-20
H2-ENC008037,HOSP009423,2023-02-16,Emergency,H2-PROV0025,DEPT012,73059,2021-08-14,2021-10-03
H2-ENC008038,HOSP019357,2021-09-27,Outpatient,H2-PROV0001,DEPT015,43287,2021-01-04,2026-03-03
H2-ENC008039,HOSP036933,2025-01-27,Telemedicine,H2-PROV0027,DEPT002,83819,2023-10-29,2021-12-29
H2-ENC008040,HOSP021087,2022-01-26,Inpatient,H2-PROV0007,DEPT012,35241,2026-03-24,2020-09-12
H2-ENC008041,HOSP047944,2025-12-04,Telemedicine,H2-PROV0019,DEPT010,94167,2020-03-08,2021-09-11
H2-ENC008042,HOSP009109,2022-12-01,Routine Checkup,H2-PROV0027,DEPT009,14064,2026-02-11,2022-10-11
H2-ENC008043,HOSP043515,2022-02-12,Inpatient,H2-PROV0026,DEPT019,73843,2023-11-14,2023-07-01
H2-ENC008044,HOSP028277,2022-04-22,Telemedicine,H2-PROV0019,DEPT020,98690,2022-11-11,2022-08-21
H2-ENC008045,HOSP034381,2021-05-06,Routine Checkup,H2-PROV0027,DEPT008,85746,2026-03-10,2025-09-26
H2-ENC008046,HOSP008956,2022-03-05,Routine Checkup,H2-PROV0010,DEPT018,63966,2026-01-10,2024-07-14
H2-ENC008047,HOSP028702,2020-09-14,Outpatient,H2-PROV0001,DEPT012,60075,2024-01-10,2020-08-11
H2-ENC008048,HOSP007347,2026-08-19,Emergency,H2-PROV0028,DEPT006,84089,2026-05-14,2024-04-16
H2-ENC008049,HOSP033753,2023-10-30,Inpatient,H2-PROV0023,DEPT009,47288,2025-02-26,2020-05-05
H2-ENC008050,HOSP037539,2023-05-14,Inpatient,H2-PROV0006,DEPT004,39610,2026-09-02,2020-05-04
H2-ENC008051,HOSP042015,2023-11-22,Emergency,H2-PROV0015,DEPT018,64840,2022-04-26,2024-05-10
H2-ENC008052,HOSP005077,2025-12-22,Outpatient,H2-PROV0026,DEPT002,47288,2023-04-21,2024-09-05
H2-ENC008053,HOSP032600,2026-03-26,Outpatient,H2-PROV0008,DEPT013,46213,2021-10-11,2024-10-12
H2-ENC008054,HOSP008780,2024-02-01,Inpatient,H2-PROV0020,DEPT011,58443,2025-12-03,2022-08-09
H2-ENC008055,HOSP021468,2024-04-13,Routine Checkup,H2-PROV0024,DEPT009,11301,2025-04-10,2025-09-22
H2-ENC008056,HOSP035147,2020-07-19,Telemedicine,H2-PROV0007,DEPT011,81503,2024-04-09,2021-06-26
H2-ENC008057,HOSP029844,2020-02-29,Emergency,H2-PROV0024,DEPT012,99846,2020-07-27,2025-06-14
H2-ENC008058,HOSP006814,2026-09-16,Telemedicine,H2-PROV0001,DEPT016,81013,2022-01-31,2021-10-05
H2-ENC008059,HOSP003117,2023-05-01,Outpatient,H2-PROV0018,DEPT013,59028,2023-10-10,2023-08-29
H2-ENC008060,HOSP029572,2022-11-28,Inpatient,H2-PROV0023,DEPT006,53313,2021-07-20,2020-01-26
H2-ENC008061,HOSP031635,2024-04-07,Telemedicine,H2-PROV0017,DEPT004,29273,2023-08-15,2026-06-16
H2-ENC008062,HOSP030486,2026-05-29,Emergency,H2-PROV0002,DEPT015,85710,2026-05-26,2025-01-03
H2-ENC008063,HOSP003984,2024-10-15,Emergency,H2-PROV0012,DEPT019,71110,2026-04-28,2020-09-04
H2-ENC008064,HOSP024766,2020-03-19,Emergency,H2-PROV0017,DEPT008,20290,2023-08-21,2020-09-05
H2-ENC008065,HOSP001706,2025-07-07,Telemedicine,H2-PROV0011,DEPT007,74724,2023-08-23,2023-09-26
H2-ENC008066,HOSP013433,2022-08-22,Outpatient,H2-PROV0016,DEPT002,28906,2020-03-05,2022-10-06
H2-ENC008067,HOSP046235,2024-04-03,Outpatient,H2-PROV0007,DEPT015,99885,2020-11-28,2024-03-12
H2-ENC008068,HOSP026028,2024-02-21,Telemedicine,H2-PROV0021,DEPT013,13489,2021-06-01,2020-06-01
H2-ENC008069,HOSP024939,2025-07-30,Outpatient,H2-PROV0030,DEPT007,28115,2022-04-10,2023-04-01
H2-ENC008070,HOSP007529,2023-02-27,Emergency,H2-PROV0013,DEPT006,35094,2021-05-11,2023-12-16
H2-ENC008071,HOSP028076,2025-01-16,Routine Checkup,H2-PROV0013,DEPT005,53188,2023-02-13,2024-02-11
H2-ENC008072,HOSP016607,2020-01-20,Routine Checkup,H2-PROV0015,DEPT012,67246,2020-03-07,2022-05-09
H2-ENC008073,HOSP016123,2020-05-21,Emergency,H2-PROV0005,DEPT005,84274,2024-02-28,2024-12-02
H2-ENC008074,HOSP044156,2024-10-06,Outpatient,H2-PROV0020,DEPT010,71994,2023-06-07,2022-07-15
H2-ENC008075,HOSP025398,2023-11-09,Outpatient,H2-PROV0004,DEPT013,31282,2021-03-28,2023-02-09
H2-ENC008076,HOSP027709,2025-02-18,Inpatient,H2-PROV0006,DEPT015,99861,2020-04-19,2020-12-05
H2-ENC008077,HOSP003939,2021-12-06,Outpatient,H2-PROV0024,DEPT020,98313,2023-11-02,2022-09-17
H2-ENC008078,HOSP021308,2022-10-31,Emergency,H2-PROV0026,DEPT004,20138,2026-08-02,2025-10-06
H2-ENC008079,HOSP032463,2025-05-02,Telemedicine,H2-PROV0029,DEPT007,92708,2022-04-17,2022-09-30
H2-ENC008080,HOSP003738,2020-06-05,Inpatient,H2-PROV0013,DEPT005,41291,2020-01-25,2022-08-03
H2-ENC008081,HOSP048261,2022-07-20,Telemedicine,H2-PROV0009,DEPT002,49874,2021-06-06,2020-07-11
H2-ENC008082,HOSP010229,2023-03-30,Outpatient,H2-PROV0022,DEPT009,80121,2021-05-27,2020-11-03
H2-ENC008083,HOSP024151,2024-04-06,Routine Checkup,H2-PROV0028,DEPT008,73059,2023-07-28,2024-03-14
H2-ENC008084,HOSP010389,2023-03-07,Routine Checkup,H2-PROV0024,DEPT009,61733,2022-05-01,2020-11-17
H2-ENC008085,HOSP013791,2022-10-14,Inpatient,H2-PROV0003,DEPT020,48603,2020-07-26,2023-04-01
H2-ENC008086,HOSP001275,2026-07-22,Telemedicine,H2-PROV0015,DEPT020,54867,2024-07-13,2021-12-14
H2-ENC008087,HOSP011742,2023-10-29,Telemedicine,H2-PROV0012,DEPT015,75790,2021-04-10,2020-06-15
H2-ENC008088,HOSP047440,2026-07-05,Routine Checkup,H2-PROV0015,DEPT018,76778,2021-04-30,2024-12-06
H2-ENC008089,HOSP000326,2021-08-12,Telemedicine,H2-PROV0022,DEPT001,35978,2025-02-06,2024-10-09
H2-ENC008090,HOSP041959,2022-10-22,Routine Checkup,H2-PROV0022,DEPT003,75745,2025-01-15,2023-04-17
H2-ENC008091,HOSP017966,2021-03-02,Emergency,H2-PROV0019,DEPT018,28393,2024-11-28,2024-03-21
H2-ENC008092,HOSP043396,2020-03-05,Emergency,H2-PROV0020,DEPT019,74413,2021-11-22,2023-01-18
H2-ENC008093,HOSP029234,2024-07-21,Routine Checkup,H2-PROV0011,DEPT019,12718,2024-07-20,2023-11-12
H2-ENC008094,HOSP021680,2022-03-21,Telemedicine,H2-PROV0021,DEPT009,58731,2023-11-17,2023-08-02
H2-ENC008095,HOSP031807,2022-04-21,Emergency,H2-PROV0019,DEPT011,15620,2020-06-19,2025-05-25
H2-ENC008096,HOSP049643,2021-03-20,Outpatient,H2-PROV0007,DEPT009,98121,2025-07-17,2026-03-28
H2-ENC008097,HOSP042437,2024-05-30,Telemedicine,H2-PROV0009,DEPT014,20132,2021-09-20,2025-01-30
H2-ENC008098,HOSP031794,2022-11-02,Routine Checkup,H2-PROV0027,DEPT005,95451,2023-10-11,2020-12-03
H2-ENC008099,HOSP016304,2023-01-28,Emergency,H2-PROV0010,DEPT015,76537,2023-10-17,2023-03-30
H2-ENC008100,HOSP013591,2025-04-10,Emergency,H2-PROV0027,DEPT004,74701,2022-01-14,2020-11-01
H2-ENC008101,HOSP038905,2025-01-23,Routine Checkup,H2-PROV0009,DEPT012,34760,2025-07-17,2023-09-05
H2-ENC008102,HOSP046420,2026-04-08,Inpatient,H2-PROV0023,DEPT020,46440,2022-11-15,2024-03-24
H2-ENC008103,HOSP009218,2020-07-15,Telemedicine,H2-PROV0016,DEPT005,35978,2020-01-04,2026-08-12
H2-ENC008104,HOSP030153,2022-09-07,Routine Checkup,H2-PROV0009,DEPT015,90316,2024-10-21,2022-06-26
H2-ENC008105,HOSP007609,2023-11-12,Inpatient,H2-PROV0002,DEPT008,12388,2026-03-14,2023-08-15
H2-ENC008106,HOSP048065,2022-08-27,Outpatient,H2-PROV0023,DEPT002,73034,2021-01-14,2021-02-14
H2-ENC008107,HOSP003204,2021-06-15,Telemedicine,H2-PROV0016,DEPT002,23047,2022-01-18,2025-12-30
H2-ENC008108,HOSP002889,2020-04-20,Emergency,H2-PROV0011,DEPT017,74035,2021-06-08,2022-11-07
H2-ENC008109,HOSP022975,2021-07-13,Routine Checkup,H2-PROV0030,DEPT005,16171,2020-03-27,2026-02-25
H2-ENC008110,HOSP045919,2022-01-28,Outpatient,H2-PROV0005,DEPT009,40842,2026-08-24,2024-11-28
H2-ENC008111,HOSP037376,2022-06-15,Emergency,H2-PROV0001,DEPT006,21258,2022-02-24,2025-05-03
H2-ENC008112,HOSP049586,2020-11-02,Emergency,H2-PROV0021,DEPT004,46026,2025-12-23,2022-12-19
H2-ENC008113,HOSP014452,2026-03-08,Inpatient,H2-PROV0011,DEPT012,34956,2026-06-17,2023-12-14
H2-ENC008114,HOSP032484,2025-12-15,Emergency,H2-PROV0007,DEPT017,20782,2021-10-17,2025-11-10
H2-ENC008115,HOSP017628,2022-08-21,Routine Checkup,H2-PROV0017,DEPT003,76797,2021-12-08,2025-07-19
H2-ENC008116,HOSP035925,2024-11-01,Routine Checkup,H2-PROV0017,DEPT015,64993,2022-10-08,2021-08-20
H2-ENC008117,HOSP011335,2025-03-13,Outpatient,H2-PROV0011,DEPT005,45115,2022-09-07,2021-09-17
H2-ENC008118,HOSP036170,2024-01-28,Routine Checkup,H2-PROV0003,DEPT002,17139,2023-12-09,2024-07-28
H2-ENC008119,HOSP011277,2020-12-28,Outpatient,H2-PROV0022,DEPT009,71625,2021-03-17,2021-08-25
H2-ENC008120,HOSP040129,2024-10-30,Telemedicine,H2-PROV0013,DEPT002,41490,2020-02-20,2020-01-24
H2-ENC008121,HOSP035736,2020-09-28,Routine Checkup,H2-PROV0006,DEPT005,64532,2026-08-30,2023-03-21
H2-ENC008122,HOSP010773,2023-08-30,Routine Checkup,H2-PROV0018,DEPT005,13755,2023-07-19,2021-03-01
H2-ENC008123,HOSP030082,2020-04-10,Outpatient,H2-PROV0021,DEPT001,48603,2021-01-04,2024-10-01
H2-ENC008124,HOSP006747,2022-02-06,Emergency,H2-PROV0023,DEPT014,61402,2021-03-09,2025-09-29
H2-ENC008125,HOSP012361,2026-03-05,Telemedicine,H2-PROV0019,DEPT006,59966,2024-02-14,2021-10-02
H2-ENC008126,HOSP022980,2022-08-02,Routine Checkup,H2-PROV0025,DEPT009,35802,2022-12-31,2023-01-23
H2-ENC008127,HOSP031338,2025-01-04,Telemedicine,H2-PROV0028,DEPT018,95020,2023-03-11,2022-08-07
H2-ENC008128,HOSP046395,2025-06-22,Outpatient,H2-PROV0028,DEPT001,49978,2025-11-20,2026-05-24
H2-ENC008129,HOSP002435,2022-12-27,Routine Checkup,H2-PROV0007,DEPT014,69344,2025-02-14,2025-06-04
H2-ENC008130,HOSP013591,2026-05-15,Emergency,H2-PROV0004,DEPT015,71812,2020-09-26,2025-01-29
H2-ENC008131,HOSP003257,2023-01-03,Telemedicine,H2-PROV0006,DEPT015,15764,2026-06-22,2022-06-17
H2-ENC008132,HOSP047792,2022-09-30,Inpatient,H2-PROV0023,DEPT018,68319,2025-03-03,2025-09-20
H2-ENC008133,HOSP041097,2020-05-20,Telemedicine,H2-PROV0005,DEPT020,38753,2026-07-26,2024-02-08
H2-ENC008134,HOSP000642,2026-07-20,Routine Checkup,H2-PROV0012,DEPT012,70295,2022-08-06,2021-07-02
H2-ENC008135,HOSP006162,2022-07-29,Emergency,H2-PROV0016,DEPT003,85154,2024-07-03,2026-03-30
H2-ENC008136,HOSP047065,2022-06-08,Outpatient,H2-PROV0026,DEPT007,42192,2022-04-30,2020-06-21
H2-ENC008137,HOSP012800,2026-04-26,Outpatient,H2-PROV0010,DEPT020,33651,2021-01-02,2026-01-23
H2-ENC008138,HOSP049289,2021-07-29,Routine Checkup,H2-PROV0016,DEPT005,41291,2025-04-25,2025-11-02
H2-ENC008139,HOSP030869,2024-06-07,Emergency,H2-PROV0028,DEPT004,33961,2024-01-17,2020-06-15
H2-ENC008140,HOSP021911,2020-09-06,Outpatient,H2-PROV0007,DEPT016,90392,2022-02-06,2023-05-09
H2-ENC008141,HOSP005409,2024-05-28,Routine Checkup,H2-PROV0005,DEPT007,53896,2024-10-15,2021-10-30
H2-ENC008142,HOSP003963,2020-04-10,Emergency,H2-PROV0023,DEPT005,71459,2025-02-17,2022-03-30
H2-ENC008143,HOSP002687,2024-05-27,Routine Checkup,H2-PROV0007,DEPT006,99710,2021-11-07,2024-05-30
H2-ENC008144,HOSP004829,2022-04-19,Outpatient,H2-PROV0022,DEPT018,34551,2020-10-25,2022-02-10
H2-ENC008145,HOSP006884,2025-10-14,Emergency,H2-PROV0003,DEPT004,67290,2021-05-08,2023-11-02
H2-ENC008146,HOSP007849,2022-04-07,Outpatient,H2-PROV0004,DEPT017,51857,2021-01-25,2022-09-30
H2-ENC008147,HOSP028197,2025-10-13,Routine Checkup,H2-PROV0028,DEPT005,99557,2025-06-13,2023-03-31
H2-ENC008148,HOSP018439,2022-12-17,Routine Checkup,H2-PROV0027,DEPT016,17225,2025-10-18,2026-01-08
H2-ENC008149,HOSP028235,2021-07-16,Emergency,H2-PROV0020,DEPT001,82062,2022-10-29,2022-02-04
H2-ENC008150,HOSP023523,2020-01-25,Outpatient,H2-PROV0029,DEPT005,15764,2025-11-22,2021-12-30
H2-ENC008151,HOSP042539,2022-03-12,Telemedicine,H2-PROV0003,DEPT020,11771,2025-07-12,2021-06-27
H2-ENC008152,HOSP044311,2023-06-10,Routine Checkup,H2-PROV0011,DEPT019,70928,2020-11-05,2020-08-14
H2-ENC008153,HOSP028781,2020-11-14,Routine Checkup,H2-PROV0004,DEPT012,26430,2020-06-29,2024-03-07
H2-ENC008154,HOSP016829,2023-02-20,Inpatient,H2-PROV0016,DEPT015,50070,2024-10-09,2024-10-08
H2-ENC008155,HOSP003282,2022-02-06,Telemedicine,H2-PROV0017,DEPT016,53504,2025-02-23,2022-06-19
H2-ENC008156,HOSP043314,2026-09-16,Inpatient,H2-PROV0015,DEPT003,53320,2022-05-19,2024-02-15
H2-ENC008157,HOSP034861,2021-01-25,Outpatient,H2-PROV0028,DEPT012,63177,2026-06-06,2025-03-08
H2-ENC008158,HOSP030390,2021-01-01,Emergency,H2-PROV0023,DEPT001,53629,2025-04-16,2024-04-29
H2-ENC008159,HOSP026231,2023-11-06,Inpatient,H2-PROV0015,DEPT008,16020,2020-03-27,2020-04-03
H2-ENC008160,HOSP017543,2021-07-25,Emergency,H2-PROV0023,DEPT002,29273,2023-08-22,2024-07-10
H2-ENC008161,HOSP005590,2020-04-20,Inpatient,H2-PROV0005,DEPT003,46669,2024-12-10,2020-05-30
H2-ENC008162,HOSP022793,2025-08-28,Outpatient,H2-PROV0011,DEPT020,45650,2024-01-06,2023-06-17
H2-ENC008163,HOSP022581,2020-10-31,Routine Checkup,H2-PROV0015,DEPT009,58086,2023-10-15,2024-04-01
H2-ENC008164,HOSP004550,2025-03-13,Routine Checkup,H2-PROV0006,DEPT020,55566,2022-02-21,2025-06-30
H2-ENC008165,HOSP034959,2020-02-12,Emergency,H2-PROV0014,DEPT013,53629,2026-07-03,2026-06-19
H2-ENC008166,HOSP040180,2020-05-03,Inpatient,H2-PROV0028,DEPT012,19132,2026-05-01,2022-06-27
H2-ENC008167,HOSP037901,2026-07-27,Outpatient,H2-PROV0023,DEPT013,41299,2025-01-28,2021-12-06
H2-ENC008168,HOSP030912,2022-10-04,Inpatient,H2-PROV0029,DEPT001,14989,2023-07-11,2024-09-13
H2-ENC008169,HOSP018625,2024-04-03,Emergency,H2-PROV0018,DEPT012,31441,2020-08-02,2025-10-23
H2-ENC008170,HOSP037767,2022-08-13,Emergency,H2-PROV0006,DEPT006,61147,2020-01-03,2026-02-17
H2-ENC008171,HOSP022503,2022-09-13,Telemedicine,H2-PROV0030,DEPT005,88891,2020-01-16,2026-05-10
H2-ENC008172,HOSP008510,2025-07-09,Routine Checkup,H2-PROV0001,DEPT014,47487,2026-07-06,2022-06-22
H2-ENC008173,HOSP005342,2025-04-06,Inpatient,H2-PROV0017,DEPT010,18696,2025-11-10,2021-08-13
H2-ENC008174,HOSP017401,2023-01-11,Outpatient,H2-PROV0025,DEPT020,27204,2026-06-14,2020-11-03
H2-ENC008175,HOSP016115,2024-01-24,Telemedicine,H2-PROV0006,DEPT008,85865,2026-02-16,2024-09-05
H2-ENC008176,HOSP046672,2022-05-11,Outpatient,H2-PROV0008,DEPT004,55284,2024-05-16,2023-08-25
H2-ENC008177,HOSP022851,2021-04-24,Emergency,H2-PROV0017,DEPT020,76611,2022-01-23,2022-02-24
H2-ENC008178,HOSP023394,2026-04-10,Inpatient,H2-PROV0020,DEPT013,70100,2022-09-16,2022-12-25
H2-ENC008179,HOSP006687,2024-11-03,Inpatient,H2-PROV0022,DEPT011,14177,2020-10-01,2020-07-04
H2-ENC008180,HOSP008293,2024-07-17,Telemedicine,H2-PROV0007,DEPT013,40475,2024-06-14,2026-04-20
H2-ENC008181,HOSP030646,2022-10-11,Inpatient,H2-PROV0008,DEPT018,80524,2020-08-06,2025-03-21
H2-ENC008182,HOSP001145,2021-11-23,Emergency,H2-PROV0029,DEPT015,11029,2020-02-01,2023-01-21
H2-ENC008183,HOSP047820,2023-10-06,Outpatient,H2-PROV0027,DEPT017,27850,2024-02-21,2022-07-26
H2-ENC008184,HOSP016301,2025-06-02,Routine Checkup,H2-PROV0017,DEPT011,30619,2025-03-31,2023-01-24
H2-ENC008185,HOSP028744,2022-05-18,Emergency,H2-PROV0015,DEPT004,86041,2023-08-17,2025-03-05
H2-ENC008186,HOSP018590,2020-09-23,Inpatient,H2-PROV0014,DEPT007,35617,2020-07-04,2023-09-04
H2-ENC008187,HOSP032166,2021-06-06,Outpatient,H2-PROV0001,DEPT010,87560,2020-07-09,2024-02-13
H2-ENC008188,HOSP007226,2020-01-06,Inpatient,H2-PROV0019,DEPT009,47609,2024-06-24,2021-08-27
H2-ENC008189,HOSP028678,2020-07-16,Telemedicine,H2-PROV0007,DEPT018,34672,2020-11-15,2024-06-12
H2-ENC008190,HOSP013266,2024-09-10,Routine Checkup,H2-PROV0023,DEPT017,21487,2021-03-05,2024-10-02
H2-ENC008191,HOSP034227,2021-08-19,Telemedicine,H2-PROV0001,DEPT003,55835,2021-12-02,2023-10-21
H2-ENC008192,HOSP040307,2023-08-12,Outpatient,H2-PROV0011,DEPT006,20354,2022-07-02,2022-04-03
H2-ENC008193,HOSP022536,2021-04-26,Outpatient,H2-PROV0020,DEPT019,54938,2024-02-01,2021-04-15
H2-ENC008194,HOSP027094,2024-12-30,Outpatient,H2-PROV0007,DEPT019,55835,2025-12-23,2022-03-03
H2-ENC008195,HOSP047863,2022-09-09,Telemedicine,H2-PROV0026,DEPT002,10661,2022-11-12,2020-08-07
H2-ENC008196,HOSP007835,2023-06-17,Emergency,H2-PROV0030,DEPT005,75794,2020-09-28,2023-05-28
H2-ENC008197,HOSP015460,2024-08-04,Outpatient,H2-PROV0022,DEPT006,65795,2024-03-07,2021-01-31
H2-ENC008198,HOSP028644,2024-12-26,Outpatient,H2-PROV0003,DEPT012,66309,2020-08-16,2026-05-06
H2-ENC008199,HOSP006556,2026-07-19,Telemedicine,H2-PROV0014,DEPT020,66263,2024-05-24,2020-11-02
H2-ENC008200,HOSP010596,2024-11-14,Inpatient,H2-PROV0028,DEPT017,74413,2021-01-27,2025-08-06
H2-ENC008201,HOSP041929,2026-09-16,Inpatient,H2-PROV0004,DEPT008,97033,2020-01-28,2026-10-01
H2-ENC008202,HOSP027064,2021-02-26,Inpatient,H2-PROV0030,DEPT001,85191,2023-08-17,2021-07-20
H2-ENC008203,HOSP032036,2020-10-07,Inpatient,H2-PROV0022,DEPT004,16749,2020-02-17,2025-10-23
H2-ENC008204,HOSP012418,2023-03-28,Routine Checkup,H2-PROV0014,DEPT018,24383,2020-12-08,2020-05-28
H2-ENC008205,HOSP007538,2022-04-20,Telemedicine,H2-PROV0015,DEPT006,62812,2021-08-25,2025-05-06
H2-ENC008206,HOSP015636,2021-08-19,Inpatient,H2-PROV0002,DEPT008,79579,2023-12-18,2022-04-03
H2-ENC008207,HOSP021661,2023-06-30,Emergency,H2-PROV0007,DEPT006,18108,2022-12-16,2024-02-01
H2-ENC008208,HOSP041200,2025-05-28,Inpatient,H2-PROV0023,DEPT008,25039,2022-12-27,2024-03-14
H2-ENC008209,HOSP000535,2025-11-01,Emergency,H2-PROV0015,DEPT018,31189,2026-03-13,2020-09-28
H2-ENC008210,HOSP013855,2023-04-04,Routine Checkup,H2-PROV0012,DEPT014,73760,2022-03-16,2021-02-17
H2-ENC008211,HOSP042744,2021-02-07,Telemedicine,H2-PROV0022,DEPT004,46669,2022-04-16,2023-11-03
H2-ENC008212,HOSP020538,2022-03-06,Outpatient,H2-PROV0008,DEPT010,32995,2023-07-02,2021-09-13
H2-ENC008213,HOSP049382,2020-01-02,Routine Checkup,H2-PROV0022,DEPT013,54345,2025-08-05,2025-12-18
H2-ENC008214,HOSP014194,2025-12-16,Routine Checkup,H2-PROV0021,DEPT004,18951,2024-03-06,2021-03-09
H2-ENC008215,HOSP046121,2024-08-05,Telemedicine,H2-PROV0012,DEPT001,16461,2025-02-04,2020-11-17
H2-ENC008216,HOSP002009,2023-01-21,Telemedicine,H2-PROV0030,DEPT007,65857,2026-05-22,2020-03-18
H2-ENC008217,HOSP018863,2024-07-23,Emergency,H2-PROV0016,DEPT004,10540,2020-12-17,2021-03-15
H2-ENC008218,HOSP005524,2020-04-24,Inpatient,H2-PROV0021,DEPT009,17178,2021-07-11,2021-05-25
H2-ENC008219,HOSP008432,2020-01-20,Telemedicine,H2-PROV0010,DEPT014,51570,2022-12-26,2025-10-30
H2-ENC008220,HOSP040301,2023-01-08,Telemedicine,H2-PROV0026,DEPT017,99695,2026-05-01,2021-04-19
H2-ENC008221,HOSP044144,2024-02-01,Outpatient,H2-PROV0003,DEPT006,20818,2021-08-08,2020-11-13
H2-ENC008222,HOSP048670,2024-03-24,Routine Checkup,H2-PROV0029,DEPT008,78005,2021-08-23,2024-08-22
H2-ENC008223,HOSP029401,2023-12-29,Emergency,H2-PROV0025,DEPT006,40533,2022-06-13,2024-03-20
H2-ENC008224,HOSP001113,2025-08-14,Inpatient,H2-PROV0008,DEPT008,90481,2020-08-25,2023-05-27
H2-ENC008225,HOSP003804,2026-09-14,Routine Checkup,H2-PROV0002,DEPT017,42322,2021-09-14,2023-05-29
H2-ENC008226,HOSP030434,2026-08-26,Outpatient,H2-PROV0010,DEPT016,22079,2026-09-08,2024-11-12
H2-ENC008227,HOSP008831,2021-05-11,Outpatient,H2-PROV0001,DEPT002,70855,2023-01-10,2021-02-25
H2-ENC008228,HOSP015409,2023-08-20,Routine Checkup,H2-PROV0026,DEPT002,37751,2022-12-08,2025-07-21
H2-ENC008229,HOSP047850,2021-03-11,Inpatient,H2-PROV0024,DEPT014,81402,2025-03-19,2024-11-26
H2-ENC008230,HOSP035633,2024-07-27,Routine Checkup,H2-PROV0017,DEPT019,49122,2026-02-28,2020-04-22
H2-ENC008231,HOSP040272,2022-06-05,Inpatient,H2-PROV0003,DEPT005,81013,2021-01-26,2022-07-06
H2-ENC008232,HOSP006725,2021-01-22,Emergency,H2-PROV0003,DEPT016,27527,2022-03-03,2024-09-29
H2-ENC008233,HOSP042704,2020-10-18,Inpatient,H2-PROV0007,DEPT018,44321,2024-10-02,2020-03-27
H2-ENC008234,HOSP046873,2023-12-06,Outpatient,H2-PROV0002,DEPT019,21826,2021-05-27,2023-06-06
H2-ENC008235,HOSP026087,2025-07-04,Outpatient,H2-PROV0003,DEPT009,89688,2022-03-14,2021-07-26
H2-ENC008236,HOSP030742,2026-03-03,Emergency,H2-PROV0016,DEPT019,42812,2024-12-16,2025-07-17
H2-ENC008237,HOSP041964,2026-07-22,Inpatient,H2-PROV0017,DEPT019,90758,2021-03-27,2026-05-13
H2-ENC008238,HOSP008877,2022-05-01,Emergency,H2-PROV0004,DEPT020,77833,2020-03-01,2026-04-29
H2-ENC008239,HOSP044950,2025-09-17,Inpatient,H2-PROV0013,DEPT015,92708,2020-02-24,2022-05-23
H2-ENC008240,HOSP004306,2024-05-31,Telemedicine,H2-PROV0003,DEPT008,64075,2026-05-09,2022-07-24
H2-ENC008241,HOSP008354,2025-05-27,Inpatient,H2-PROV0011,DEPT020,84805,2021-08-21,2022-11-15
H2-ENC008242,HOSP011207,2021-09-09,Emergency,H2-PROV0022,DEPT012,84874,2022-07-04,2020-06-06
H2-ENC008243,HOSP043947,2020-04-11,Telemedicine,H2-PROV0026,DEPT014,99294,2023-11-19,2021-09-01
H2-ENC008244,HOSP026557,2020-07-10,Routine Checkup,H2-PROV0011,DEPT017,45766,2023-01-26,2022-10-18
H2-ENC008245,HOSP021268,2023-07-24,Inpatient,H2-PROV0001,DEPT009,69934,2025-08-16,2021-05-09
H2-ENC008246,HOSP046982,2025-12-15,Routine Checkup,H2-PROV0028,DEPT014,60877,2025-06-30,2020-09-26
H2-ENC008247,HOSP044189,2026-06-06,Emergency,H2-PROV0016,DEPT003,54867,2023-01-22,2025-01-27
H2-ENC008248,HOSP031534,2022-06-29,Inpatient,H2-PROV0004,DEPT010,60608,2020-03-03,2023-09-15
H2-ENC008249,HOSP023055,2020-10-12,Telemedicine,H2-PROV0016,DEPT008,16020,2022-04-25,2022-10-27
H2-ENC008250,HOSP017743,2023-12-18,Emergency,H2-PROV0025,DEPT012,42192,2025-07-06,2026-07-10
H2-ENC008251,HOSP028535,2022-04-16,Inpatient,H2-PROV0030,DEPT017,60608,2026-06-07,2023-07-09
H2-ENC008252,HOSP017466,2020-12-13,Routine Checkup,H2-PROV0021,DEPT019,10540,2020-02-27,2023-04-08
H2-ENC008253,HOSP026196,2022-07-16,Inpatient,H2-PROV0011,DEPT015,95525,2023-02-23,2021-10-31
H2-ENC008254,HOSP039870,2026-02-12,Emergency,H2-PROV0015,DEPT002,32873,2026-02-01,2020-11-20
H2-ENC008255,HOSP049192,2022-06-24,Routine Checkup,H2-PROV0019,DEPT009,18951,2022-07-22,2024-07-29
H2-ENC008256,HOSP048131,2025-03-04,Emergency,H2-PROV0018,DEPT011,44303,2024-08-17,2023-04-19
H2-ENC008257,HOSP019821,2020-06-11,Routine Checkup,H2-PROV0020,DEPT019,51293,2026-09-21,2025-03-25
H2-ENC008258,HOSP038582,2026-09-03,Outpatient,H2-PROV0016,DEPT020,42200,2026-04-03,2024-01-21
H2-ENC008259,HOSP027660,2022-08-28,Outpatient,H2-PROV0025,DEPT011,84413,2025-08-31,2022-10-07
H2-ENC008260,HOSP044782,2020-04-12,Telemedicine,H2-PROV0020,DEPT019,12718,2025-05-20,2023-02-26
H2-ENC008261,HOSP028757,2020-06-14,Routine Checkup,H2-PROV0012,DEPT016,67423,2021-07-18,2026-04-30
H2-ENC008262,HOSP006975,2025-10-15,Routine Checkup,H2-PROV0029,DEPT003,20290,2020-06-14,2020-11-01
H2-ENC008263,HOSP040080,2022-05-18,Emergency,H2-PROV0003,DEPT004,15136,2024-01-03,2026-01-24
H2-ENC008264,HOSP044760,2022-02-15,Telemedicine,H2-PROV0013,DEPT004,31081,2022-09-28,2026-05-29
H2-ENC008265,HOSP026733,2020-09-05,Telemedicine,H2-PROV0005,DEPT015,10886,2025-10-09,2023-06-15
H2-ENC008266,HOSP014763,2022-07-27,Inpatient,H2-PROV0004,DEPT002,28322,2021-04-04,2026-05-06
H2-ENC008267,HOSP028020,2022-10-02,Outpatient,H2-PROV0004,DEPT016,85191,2025-09-11,2026-03-28
H2-ENC008268,HOSP013648,2021-12-18,Emergency,H2-PROV0016,DEPT004,16955,2021-05-15,2023-09-20
H2-ENC008269,HOSP020016,2024-09-02,Inpatient,H2-PROV0016,DEPT011,41787,2026-01-21,2021-03-31
H2-ENC008270,HOSP007470,2022-05-26,Inpatient,H2-PROV0002,DEPT003,94174,2025-11-30,2022-03-20
H2-ENC008271,HOSP033111,2023-06-28,Emergency,H2-PROV0007,DEPT016,12718,2022-04-08,2024-10-20
H2-ENC008272,HOSP000167,2026-05-31,Telemedicine,H2-PROV0008,DEPT002,96411,2022-09-09,2024-07-03
H2-ENC008273,HOSP014038,2023-10-12,Inpatient,H2-PROV0028,DEPT019,62807,2023-03-16,2025-08-16
H2-ENC008274,HOSP042279,2021-02-25,Emergency,H2-PROV0006,DEPT016,99799,2025-07-11,2022-11-14
H2-ENC008275,HOSP019970,2021-10-12,Emergency,H2-PROV0013,DEPT014,48801,2026-08-20,2024-01-25
H2-ENC008276,HOSP034325,2023-01-31,Telemedicine,H2-PROV0030,DEPT010,81503,2022-06-29,2022-12-25
H2-ENC008277,HOSP033310,2021-11-29,Routine Checkup,H2-PROV0008,DEPT011,71625,2024-10-25,2023-04-05
H2-ENC008278,HOSP048180,2023-04-30,Routine Checkup,H2-PROV0017,DEPT006,60196,2025-08-07,2025-04-23
H2-ENC008279,HOSP028950,2020-01-06,Telemedicine,H2-PROV0002,DEPT002,72092,2020-04-09,2026-02-16
H2-ENC008280,HOSP013778,2021-04-12,Emergency,H2-PROV0018,DEPT002,28759,2025-08-05,2021-03-24
H2-ENC008281,HOSP017361,2020-07-16,Routine Checkup,H2-PROV0020,DEPT005,42716,2021-11-27,2026-08-09
H2-ENC008282,HOSP027390,2020-09-30,Routine Checkup,H2-PROV0005,DEPT010,70702,2020-07-23,2024-04-01
H2-ENC008283,HOSP002053,2021-07-21,Routine Checkup,H2-PROV0002,DEPT014,44545,2020-06-12,2023-07-21
H2-ENC008284,HOSP007266,2023-09-09,Inpatient,H2-PROV0007,DEPT004,72241,2022-04-04,2023-04-15
H2-ENC008285,HOSP009073,2021-04-14,Emergency,H2-PROV0029,DEPT010,77626,2021-04-06,2020-06-10
H2-ENC008286,HOSP012474,2026-03-02,Routine Checkup,H2-PROV0024,DEPT009,71459,2025-08-30,2022-11-29
H2-ENC008287,HOSP031174,2026-07-15,Inpatient,H2-PROV0027,DEPT007,42322,2026-08-27,2022-11-17
H2-ENC008288,HOSP033044,2022-04-17,Inpatient,H2-PROV0029,DEPT007,16270,2024-01-21,2021-07-03
H2-ENC008289,HOSP028154,2021-03-11,Routine Checkup,H2-PROV0005,DEPT007,82175,2023-05-29,2022-12-07
H2-ENC008290,HOSP014440,2025-07-05,Inpatient,H2-PROV0008,DEPT005,39255,2023-01-04,2023-12-27
H2-ENC008291,HOSP009324,2021-03-10,Routine Checkup,H2-PROV0006,DEPT018,99557,2025-03-29,2026-04-09
H2-ENC008292,HOSP003389,2020-12-12,Inpatient,H2-PROV0012,DEPT015,96898,2025-03-05,2021-06-23
H2-ENC008293,HOSP013976,2025-04-01,Outpatient,H2-PROV0021,DEPT012,12607,2020-10-13,2020-08-15
H2-ENC008294,HOSP028788,2025-09-10,Emergency,H2-PROV0025,DEPT002,28393,2021-07-29,2023-10-24
H2-ENC008295,HOSP011947,2022-02-09,Outpatient,H2-PROV0014,DEPT003,51151,2020-03-20,2025-03-31
H2-ENC008296,HOSP028378,2021-06-07,Emergency,H2-PROV0022,DEPT008,48603,2025-09-02,2020-09-07
H2-ENC008297,HOSP035797,2025-12-16,Outpatient,H2-PROV0018,DEPT020,88891,2025-10-17,2023-11-20
H2-ENC008298,HOSP039868,2020-06-29,Outpatient,H2-PROV0018,DEPT014,24028,2022-01-09,2020-06-05
H2-ENC008299,HOSP002629,2025-06-20,Telemedicine,H2-PROV0030,DEPT005,95451,2020-11-18,2020-07-16
H2-ENC008300,HOSP004313,2024-09-01,Telemedicine,H2-PROV0023,DEPT019,31552,2021-02-25,2022-07-02
H2-ENC008301,HOSP001105,2022-07-26,Telemedicine,H2-PROV0003,DEPT009,70688,2022-03-28,2020-08-17
H2-ENC008302,HOSP038895,2021-06-06,Outpatient,H2-PROV0005,DEPT008,99921,2024-01-16,2023-03-08
H2-ENC008303,HOSP014203,2022-01-05,Routine Checkup,H2-PROV0017,DEPT011,60817,2020-07-10,2023-10-12
H2-ENC008304,HOSP002200,2022-08-03,Routine Checkup,H2-PROV0019,DEPT002,12718,2023-01-26,2024-06-21
H2-ENC008305,HOSP029522,2024-04-06,Routine Checkup,H2-PROV0022,DEPT014,99752,2020-01-05,2024-02-06
H2-ENC008306,HOSP037670,2025-02-09,Outpatient,H2-PROV0002,DEPT014,90316,2024-08-23,2022-04-28
H2-ENC008307,HOSP009430,2022-07-30,Inpatient,H2-PROV0017,DEPT016,37785,2020-07-12,2025-05-18
H2-ENC008308,HOSP046758,2024-03-25,Emergency,H2-PROV0022,DEPT009,16973,2023-11-08,2024-01-03
H2-ENC008309,HOSP027854,2026-02-10,Outpatient,H2-PROV0013,DEPT003,39231,2025-04-28,2024-04-24
H2-ENC008310,HOSP022940,2025-07-17,Routine Checkup,H2-PROV0009,DEPT018,76259,2025-05-31,2021-02-22
H2-ENC008311,HOSP036169,2026-05-27,Telemedicine,H2-PROV0019,DEPT005,51293,2026-06-07,2024-04-11
H2-ENC008312,HOSP022767,2026-08-06,Routine Checkup,H2-PROV0029,DEPT019,71812,2023-04-26,2021-03-06
H2-ENC008313,HOSP046979,2023-07-29,Emergency,H2-PROV0011,DEPT001,31071,2020-06-30,2026-03-31
H2-ENC008314,HOSP010124,2023-10-22,Telemedicine,H2-PROV0020,DEPT013,62812,2026-07-30,2021-08-04
H2-ENC008315,HOSP006839,2022-04-08,Routine Checkup,H2-PROV0025,DEPT004,58086,2022-02-17,2024-06-11
H2-ENC008316,HOSP038082,2020-08-05,Outpatient,H2-PROV0012,DEPT020,20113,2024-09-18,2025-05-31
H2-ENC008317,HOSP014283,2026-03-13,Outpatient,H2-PROV0011,DEPT011,80524,2024-10-18,2022-02-25
H2-ENC008318,HOSP033303,2026-02-09,Telemedicine,H2-PROV0012,DEPT018,62328,2026-02-01,2020-05-08
H2-ENC008319,HOSP042594,2021-07-20,Routine Checkup,H2-PROV0006,DEPT019,20113,2025-01-20,2026-05-23
H2-ENC008320,HOSP044543,2021-09-25,Telemedicine,H2-PROV0002,DEPT020,75794,2020-11-21,2021-04-21
H2-ENC008321,HOSP003815,2022-01-08,Emergency,H2-PROV0017,DEPT012,20483,2022-12-10,2023-09-07
H2-ENC008322,HOSP026266,2025-06-01,Emergency,H2-PROV0022,DEPT018,90838,2024-10-17,2023-04-15
H2-ENC008323,HOSP019560,2020-02-04,Inpatient,H2-PROV0012,DEPT008,28046,2023-01-09,2025-04-02
H2-ENC008324,HOSP010323,2024-03-31,Outpatient,H2-PROV0020,DEPT009,51571,2021-02-24,2024-05-08
H2-ENC008325,HOSP032802,2020-03-19,Telemedicine,H2-PROV0018,DEPT012,27801,2022-09-26,2021-01-18
H2-ENC008326,HOSP036677,2022-08-28,Emergency,H2-PROV0026,DEPT018,85707,2024-09-20,2022-07-31
H2-ENC008327,HOSP034524,2020-08-21,Emergency,H2-PROV0025,DEPT018,79579,2020-12-26,2026-08-13
H2-ENC008328,HOSP038724,2026-01-16,Routine Checkup,H2-PROV0009,DEPT016,34551,2022-08-21,2022-12-17
H2-ENC008329,HOSP037166,2022-08-19,Routine Checkup,H2-PROV0008,DEPT001,48413,2024-06-14,2023-10-28
H2-ENC008330,HOSP000697,2025-06-06,Routine Checkup,H2-PROV0020,DEPT006,66480,2025-12-14,2022-03-10
H2-ENC008331,HOSP047515,2026-08-20,Emergency,H2-PROV0026,DEPT015,90838,2023-10-04,2020-03-09
H2-ENC008332,HOSP026441,2024-01-20,Inpatient,H2-PROV0028,DEPT004,16990,2023-08-04,2024-09-17
H2-ENC008333,HOSP005985,2026-09-28,Emergency,H2-PROV0028,DEPT013,39955,2022-06-15,2021-11-27
H2-ENC008334,HOSP016125,2020-05-03,Routine Checkup,H2-PROV0027,DEPT005,28569,2024-04-19,2022-11-01
H2-ENC008335,HOSP037640,2022-01-22,Routine Checkup,H2-PROV0012,DEPT004,95960,2024-01-14,2026-01-16
H2-ENC008336,HOSP004484,2021-03-13,Telemedicine,H2-PROV0022,DEPT013,34114,2024-01-13,2023-05-03
H2-ENC008337,HOSP018557,2024-11-10,Outpatient,H2-PROV0023,DEPT007,78999,2026-09-11,2020-09-20
H2-ENC008338,HOSP015698,2023-12-05,Telemedicine,H2-PROV0028,DEPT018,32643,2023-05-26,2023-03-10
H2-ENC008339,HOSP047369,2021-08-25,Routine Checkup,H2-PROV0022,DEPT015,76259,2020-04-19,2025-12-02
H2-ENC008340,HOSP035844,2023-03-30,Telemedicine,H2-PROV0008,DEPT014,70688,2022-05-27,2020-11-20
H2-ENC008341,HOSP040020,2026-06-08,Emergency,H2-PROV0019,DEPT012,28826,2022-12-20,2023-11-03
H2-ENC008342,HOSP018537,2023-01-16,Inpatient,H2-PROV0025,DEPT014,93338,2023-07-15,2021-03-06
H2-ENC008343,HOSP033539,2026-07-19,Inpatient,H2-PROV0030,DEPT013,65795,2025-12-03,2020-04-14
H2-ENC008344,HOSP017340,2022-11-25,Telemedicine,H2-PROV0028,DEPT004,28759,2024-10-14,2022-11-21
H2-ENC008345,HOSP013701,2020-12-12,Emergency,H2-PROV0028,DEPT009,79248,2023-01-23,2023-03-12
H2-ENC008346,HOSP011301,2024-06-25,Outpatient,H2-PROV0030,DEPT008,21397,2022-11-03,2022-07-18
H2-ENC008347,HOSP044651,2021-01-25,Inpatient,H2-PROV0016,DEPT001,91329,2023-05-29,2023-05-07
H2-ENC008348,HOSP016179,2023-04-14,Telemedicine,H2-PROV0025,DEPT005,51857,2023-10-30,2021-07-21
H2-ENC008349,HOSP037932,2021-09-25,Inpatient,H2-PROV0020,DEPT020,38675,2021-12-19,2021-05-10
H2-ENC008350,HOSP041121,2021-12-24,Routine Checkup,H2-PROV0001,DEPT006,11421,2021-03-06,2024-12-18
H2-ENC008351,HOSP002174,2023-11-04,Telemedicine,H2-PROV0020,DEPT018,55871,2025-09-12,2020-07-14
H2-ENC008352,HOSP023995,2022-08-02,Telemedicine,H2-PROV0006,DEPT003,75772,2022-08-21,2025-11-07
H2-ENC008353,HOSP034313,2024-08-24,Emergency,H2-PROV0030,DEPT009,80253,2024-02-04,2024-10-03
H2-ENC008354,HOSP009650,2024-02-15,Outpatient,H2-PROV0005,DEPT013,53320,2026-08-28,2026-05-26
H2-ENC008355,HOSP018842,2023-05-31,Inpatient,H2-PROV0014,DEPT011,49103,2022-05-04,2026-07-29
H2-ENC008356,HOSP041067,2025-11-24,Telemedicine,H2-PROV0013,DEPT005,66023,2026-08-31,2024-04-23
H2-ENC008357,HOSP047083,2022-02-01,Inpatient,H2-PROV0002,DEPT020,87020,2023-08-26,2020-09-03
H2-ENC008358,HOSP010927,2025-04-23,Telemedicine,H2-PROV0012,DEPT002,20581,2026-04-10,2020-01-26
H2-ENC008359,HOSP032075,2020-10-20,Inpatient,H2-PROV0019,DEPT007,70561,2022-02-06,2024-06-13
H2-ENC008360,HOSP037298,2026-07-27,Emergency,H2-PROV0024,DEPT004,47609,2020-04-09,2025-10-09
H2-ENC008361,HOSP040110,2024-06-06,Routine Checkup,H2-PROV0023,DEPT009,94937,2023-09-18,2024-03-09
H2-ENC008362,HOSP047902,2025-05-30,Outpatient,H2-PROV0016,DEPT007,21309,2023-10-12,2024-06-06
H2-ENC008363,HOSP048899,2025-12-25,Outpatient,H2-PROV0011,DEPT005,33056,2020-05-19,2026-10-04
H2-ENC008364,HOSP030216,2021-12-11,Inpatient,H2-PROV0017,DEPT010,63966,2024-11-02,2021-05-23
H2-ENC008365,HOSP016992,2020-04-12,Emergency,H2-PROV0017,DEPT014,32900,2023-07-17,2022-06-08
H2-ENC008366,HOSP035991,2026-03-03,Routine Checkup,H2-PROV0016,DEPT004,35094,2020-12-16,2026-09-04
H2-ENC008367,HOSP034849,2021-05-03,Inpatient,H2-PROV0008,DEPT007,18696,2020-01-08,2026-04-28
H2-ENC008368,HOSP017016,2025-07-31,Routine Checkup,H2-PROV0021,DEPT020,87187,2023-10-15,2025-08-03
H2-ENC008369,HOSP046752,2025-04-29,Emergency,H2-PROV0028,DEPT015,17352,2024-03-19,2021-10-05
H2-ENC008370,HOSP043853,2024-01-06,Outpatient,H2-PROV0020,DEPT003,91677,2025-10-06,2021-12-19
H2-ENC008371,HOSP035695,2024-01-07,Routine Checkup,H2-PROV0003,DEPT011,51371,2025-11-03,2024-03-21
H2-ENC008372,HOSP002877,2023-06-24,Inpatient,H2-PROV0012,DEPT008,47580,2026-09-17,2022-09-09
H2-ENC008373,HOSP017573,2021-10-24,Outpatient,H2-PROV0009,DEPT001,42192,2024-03-21,2025-07-29
H2-ENC008374,HOSP023066,2021-10-19,Emergency,H2-PROV0004,DEPT005,29466,2021-09-03,2021-12-24
H2-ENC008375,HOSP036049,2021-06-16,Outpatient,H2-PROV0014,DEPT010,37404,2024-10-31,2022-05-21
H2-ENC008376,HOSP006529,2024-06-16,Routine Checkup,H2-PROV0008,DEPT010,31630,2026-06-30,2024-08-12
H2-ENC008377,HOSP036734,2024-12-11,Outpatient,H2-PROV0020,DEPT005,32873,2021-07-30,2021-12-10
H2-ENC008378,HOSP026400,2024-02-18,Telemedicine,H2-PROV0006,DEPT019,45202,2025-11-04,2020-02-21
H2-ENC008379,HOSP043815,2023-12-03,Routine Checkup,H2-PROV0022,DEPT006,18657,2023-01-20,2021-06-15
H2-ENC008380,HOSP018108,2022-07-04,Outpatient,H2-PROV0025,DEPT007,16749,2020-02-13,2026-08-25
H2-ENC008381,HOSP013045,2026-02-28,Inpatient,H2-PROV0008,DEPT012,75496,2024-11-20,2023-08-29
H2-ENC008382,HOSP048791,2025-01-23,Telemedicine,H2-PROV0017,DEPT004,76922,2023-08-27,2021-01-31
H2-ENC008383,HOSP030176,2024-04-05,Outpatient,H2-PROV0025,DEPT010,31081,2020-02-01,2023-02-19
H2-ENC008384,HOSP038528,2025-11-21,Inpatient,H2-PROV0002,DEPT006,76611,2020-09-22,2024-03-22
H2-ENC008385,HOSP007860,2021-09-03,Inpatient,H2-PROV0027,DEPT017,77311,2020-02-10,2025-08-03
H2-ENC008386,HOSP013230,2020-10-10,Telemedicine,H2-PROV0008,DEPT012,15254,2020-12-07,2021-02-01
H2-ENC008387,HOSP011050,2022-10-18,Outpatient,H2-PROV0001,DEPT013,34493,2024-09-30,2023-11-07
H2-ENC008388,HOSP028308,2026-02-12,Inpatient,H2-PROV0027,DEPT010,50576,2021-04-10,2024-11-04
H2-ENC008389,HOSP049743,2024-01-22,Inpatient,H2-PROV0025,DEPT011,19290,2023-06-23,2020-04-10
H2-ENC008390,HOSP021066,2021-03-28,Emergency,H2-PROV0017,DEPT003,63043,2023-08-10,2022-04-08
H2-ENC008391,HOSP040761,2021-09-20,Telemedicine,H2-PROV0015,DEPT019,88969,2024-10-24,2023-04-12
H2-ENC008392,HOSP040395,2025-07-23,Emergency,H2-PROV0013,DEPT019,12259,2026-05-30,2024-01-16
H2-ENC008393,HOSP019626,2022-12-01,Inpatient,H2-PROV0010,DEPT005,32643,2022-10-01,2026-01-13
H2-ENC008394,HOSP020810,2026-03-13,Outpatient,H2-PROV0018,DEPT012,63423,2025-10-15,2026-09-11
H2-ENC008395,HOSP039621,2021-02-14,Outpatient,H2-PROV0004,DEPT010,15796,2025-08-02,2025-12-26
H2-ENC008396,HOSP030506,2023-05-18,Outpatient,H2-PROV0001,DEPT002,12046,2021-06-29,2025-06-06
H2-ENC008397,HOSP025019,2024-04-27,Emergency,H2-PROV0026,DEPT019,49338,2026-10-06,2021-02-04
H2-ENC008398,HOSP014439,2024-03-14,Emergency,H2-PROV0030,DEPT019,46440,2020-06-15,2020-10-10
H2-ENC008399,HOSP010057,2023-11-15,Emergency,H2-PROV0028,DEPT011,67290,2026-03-02,2022-09-28
H2-ENC008400,HOSP034377,2024-05-19,Routine Checkup,H2-PROV0026,DEPT008,12166,2022-11-14,2026-09-07
H2-ENC008401,HOSP035960,2021-05-21,Telemedicine,H2-PROV0010,DEPT005,99799,2026-05-08,2021-03-05
H2-ENC008402,HOSP001396,2025-12-20,Telemedicine,H2-PROV0005,DEPT019,76908,2023-03-24,2024-03-26
H2-ENC008403,HOSP045178,2026-09-11,Inpatient,H2-PROV0011,DEPT017,53687,2023-12-02,2022-02-22
H2-ENC008404,HOSP004654,2024-06-01,Emergency,H2-PROV0029,DEPT009,75182,2025-07-13,2023-09-23
H2-ENC008405,HOSP024362,2021-03-19,Emergency,H2-PROV0020,DEPT020,91918,2024-01-14,2024-10-17
H2-ENC008406,HOSP006155,2022-01-04,Routine Checkup,H2-PROV0025,DEPT002,85043,2021-08-26,2025-09-08
H2-ENC008407,HOSP042261,2021-06-11,Inpatient,H2-PROV0028,DEPT006,17639,2026-08-07,2022-01-08
H2-ENC008408,HOSP010860,2024-07-20,Outpatient,H2-PROV0025,DEPT016,51011,2026-03-26,2024-04-18
H2-ENC008409,HOSP026393,2023-10-30,Routine Checkup,H2-PROV0022,DEPT004,91235,2020-12-23,2024-11-24
H2-ENC008410,HOSP000690,2023-03-18,Telemedicine,H2-PROV0018,DEPT003,67757,2024-12-10,2023-09-14
H2-ENC008411,HOSP027770,2022-09-05,Emergency,H2-PROV0006,DEPT007,10703,2022-12-11,2026-06-19
H2-ENC008412,HOSP011998,2020-10-24,Emergency,H2-PROV0009,DEPT014,33056,2023-08-02,2026-01-12
H2-ENC008413,HOSP038540,2025-05-21,Telemedicine,H2-PROV0010,DEPT006,11052,2023-09-05,2024-05-20
H2-ENC008414,HOSP033112,2020-04-18,Telemedicine,H2-PROV0021,DEPT008,92133,2023-08-28,2023-05-01
H2-ENC008415,HOSP003832,2026-03-25,Inpatient,H2-PROV0028,DEPT002,42716,2024-02-24,2020-08-12
H2-ENC008416,HOSP049932,2026-05-07,Outpatient,H2-PROV0012,DEPT003,31189,2021-07-22,2022-04-30
H2-ENC008417,HOSP026562,2020-06-26,Telemedicine,H2-PROV0021,DEPT006,84805,2023-03-05,2025-09-03
H2-ENC008418,HOSP046840,2024-02-12,Routine Checkup,H2-PROV0010,DEPT002,42812,2025-05-18,2025-04-30
H2-ENC008419,HOSP036904,2024-01-18,Inpatient,H2-PROV0002,DEPT010,20354,2023-07-11,2020-01-30
H2-ENC008420,HOSP011086,2020-09-10,Inpatient,H2-PROV0008,DEPT013,15486,2020-01-04,2021-07-25
H2-ENC008421,HOSP037381,2024-10-23,Telemedicine,H2-PROV0013,DEPT003,69934,2024-10-02,2024-10-09
H2-ENC008422,HOSP006389,2024-05-05,Telemedicine,H2-PROV0011,DEPT016,17139,2024-07-22,2021-03-05
H2-ENC008423,HOSP037294,2025-07-16,Emergency,H2-PROV0017,DEPT017,88698,2020-02-01,2023-03-22
H2-ENC008424,HOSP016985,2026-08-07,Inpatient,H2-PROV0021,DEPT007,31552,2026-08-14,2020-06-17
H2-ENC008425,HOSP023938,2023-10-04,Telemedicine,H2-PROV0007,DEPT003,37785,2022-09-20,2025-01-08
H2-ENC008426,HOSP028189,2020-06-05,Inpatient,H2-PROV0024,DEPT017,59966,2020-05-30,2020-02-02
H2-ENC008427,HOSP028495,2023-05-31,Outpatient,H2-PROV0024,DEPT015,46256,2023-02-20,2022-10-04
H2-ENC008428,HOSP019049,2023-11-30,Outpatient,H2-PROV0012,DEPT015,86796,2021-10-13,2023-02-19
H2-ENC008429,HOSP004854,2022-06-02,Routine Checkup,H2-PROV0014,DEPT004,99799,2020-07-06,2024-08-04
H2-ENC008430,HOSP010296,2020-11-20,Telemedicine,H2-PROV0012,DEPT004,83562,2025-06-21,2021-06-08
H2-ENC008431,HOSP038520,2021-06-10,Routine Checkup,H2-PROV0001,DEPT001,87180,2024-08-23,2025-10-14
H2-ENC008432,HOSP026636,2021-06-14,Outpatient,H2-PROV0010,DEPT008,30619,2024-08-02,2022-10-08
H2-ENC008433,HOSP011993,2020-09-10,Telemedicine,H2-PROV0003,DEPT003,22079,2026-09-28,2020-11-08
H2-ENC008434,HOSP005434,2024-03-28,Inpatient,H2-PROV0009,DEPT013,74724,2026-03-05,2023-12-03
H2-ENC008435,HOSP004866,2020-08-08,Telemedicine,H2-PROV0007,DEPT008,35802,2020-11-02,2021-03-11
H2-ENC008436,HOSP026532,2024-03-08,Telemedicine,H2-PROV0011,DEPT003,46719,2025-06-28,2020-09-14
H2-ENC008437,HOSP042187,2020-07-05,Emergency,H2-PROV0019,DEPT003,74107,2025-04-01,2020-10-15
H2-ENC008438,HOSP010170,2025-02-27,Inpatient,H2-PROV0027,DEPT010,43706,2021-11-05,2021-01-30
H2-ENC008439,HOSP035035,2024-09-02,Emergency,H2-PROV0020,DEPT019,65668,2021-03-03,2022-08-24
H2-ENC008440,HOSP003049,2020-09-12,Routine Checkup,H2-PROV0001,DEPT010,46554,2021-11-28,2020-05-04
H2-ENC008441,HOSP038221,2026-03-07,Outpatient,H2-PROV0027,DEPT004,71259,2024-09-24,2026-09-07
H2-ENC008442,HOSP010631,2020-08-01,Inpatient,H2-PROV0003,DEPT011,66921,2020-09-02,2026-07-29
H2-ENC008443,HOSP035197,2024-08-21,Inpatient,H2-PROV0010,DEPT001,85043,2020-01-08,2021-12-03
H2-ENC008444,HOSP006310,2021-05-19,Outpatient,H2-PROV0022,DEPT018,48603,2024-04-28,2021-11-01
H2-ENC008445,HOSP001289,2023-05-03,Routine Checkup,H2-PROV0016,DEPT006,24557,2023-06-22,2020-07-26
H2-ENC008446,HOSP026150,2021-06-16,Outpatient,H2-PROV0001,DEPT017,64484,2021-10-20,2023-10-07
H2-ENC008447,HOSP026258,2020-04-01,Routine Checkup,H2-PROV0014,DEPT001,96452,2025-05-30,2023-11-05
H2-ENC008448,HOSP022619,2022-08-01,Outpatient,H2-PROV0003,DEPT008,80367,2025-11-25,2024-04-02
H2-ENC008449,HOSP023345,2026-04-04,Outpatient,H2-PROV0024,DEPT017,83562,2025-04-23,2023-12-14
H2-ENC008450,HOSP000143,2025-07-02,Routine Checkup,H2-PROV0020,DEPT014,62807,2021-09-03,2022-09-10
H2-ENC008451,HOSP049636,2022-03-10,Outpatient,H2-PROV0006,DEPT008,74383,2021-10-04,2024-02-09
H2-ENC008452,HOSP023968,2023-04-11,Telemedicine,H2-PROV0026,DEPT012,51097,2022-07-23,2021-10-17
H2-ENC008453,HOSP021646,2024-05-28,Routine Checkup,H2-PROV0007,DEPT019,75310,2024-05-31,2025-12-13
H2-ENC008454,HOSP024345,2020-08-22,Inpatient,H2-PROV0013,DEPT012,32565,2022-08-03,2025-10-25
H2-ENC008455,HOSP025171,2023-03-18,Emergency,H2-PROV0001,DEPT014,20138,2021-04-12,2020-10-18
H2-ENC008456,HOSP039180,2022-09-26,Emergency,H2-PROV0010,DEPT018,39277,2023-10-01,2022-07-12
H2-ENC008457,HOSP024477,2024-10-24,Telemedicine,H2-PROV0006,DEPT005,57931,2022-04-23,2023-07-22
H2-ENC008458,HOSP049249,2024-09-08,Outpatient,H2-PROV0004,DEPT019,79298,2026-02-09,2024-05-29
H2-ENC008459,HOSP003440,2025-07-09,Outpatient,H2-PROV0016,DEPT017,65795,2024-11-01,2025-02-25
H2-ENC008460,HOSP008485,2021-01-06,Inpatient,H2-PROV0027,DEPT018,45994,2023-08-11,2025-01-08
H2-ENC008461,HOSP037463,2022-12-07,Outpatient,H2-PROV0026,DEPT019,96652,2024-07-27,2020-03-16
H2-ENC008462,HOSP046471,2026-04-29,Inpatient,H2-PROV0016,DEPT006,44323,2021-09-16,2020-10-24
H2-ENC008463,HOSP047743,2023-06-06,Inpatient,H2-PROV0030,DEPT017,67421,2021-06-11,2020-01-07
H2-ENC008464,HOSP005634,2022-10-17,Outpatient,H2-PROV0027,DEPT007,83372,2024-03-24,2025-03-19
H2-ENC008465,HOSP015990,2020-11-26,Outpatient,H2-PROV0019,DEPT007,67421,2022-06-30,2024-12-15
H2-ENC008466,HOSP033758,2026-01-13,Routine Checkup,H2-PROV0010,DEPT010,42192,2022-03-11,2020-06-17
H2-ENC008467,HOSP025484,2021-04-11,Emergency,H2-PROV0025,DEPT001,48603,2025-06-14,2021-04-02
H2-ENC008468,HOSP001834,2022-12-22,Outpatient,H2-PROV0015,DEPT017,61733,2024-05-13,2024-01-11
H2-ENC008469,HOSP049164,2021-01-10,Emergency,H2-PROV0018,DEPT004,18696,2026-05-06,2021-01-17
H2-ENC008470,HOSP025665,2026-09-28,Routine Checkup,H2-PROV0020,DEPT008,63341,2024-01-08,2026-05-30
H2-ENC008471,HOSP011257,2021-08-14,Emergency,H2-PROV0003,DEPT009,84274,2021-12-21,2026-08-08
H2-ENC008472,HOSP043881,2024-09-29,Routine Checkup,H2-PROV0030,DEPT003,83819,2024-06-29,2023-04-25
H2-ENC008473,HOSP001890,2025-04-22,Telemedicine,H2-PROV0003,DEPT017,45577,2025-11-07,2022-01-21
H2-ENC008474,HOSP043487,2020-08-08,Inpatient,H2-PROV0013,DEPT010,91918,2021-08-04,2021-03-11
H2-ENC008475,HOSP021560,2023-11-23,Telemedicine,H2-PROV0026,DEPT017,40219,2025-09-27,2024-02-19
H2-ENC008476,HOSP015909,2021-11-02,Telemedicine,H2-PROV0011,DEPT018,80524,2024-01-06,2022-02-16
H2-ENC008477,HOSP034469,2026-03-29,Telemedicine,H2-PROV0026,DEPT008,93558,2023-11-14,2020-11-22
H2-ENC008478,HOSP002495,2026-06-08,Emergency,H2-PROV0028,DEPT015,50070,2024-08-14,2025-12-19
H2-ENC008479,HOSP031976,2021-03-24,Outpatient,H2-PROV0020,DEPT020,11200,2022-02-10,2023-02-24
H2-ENC008480,HOSP021444,2022-04-29,Inpatient,H2-PROV0018,DEPT019,23047,2026-06-26,2026-08-13
H2-ENC008481,HOSP018413,2023-11-29,Inpatient,H2-PROV0018,DEPT006,10745,2022-10-28,2025-03-08
H2-ENC008482,HOSP027899,2024-12-28,Inpatient,H2-PROV0022,DEPT012,48025,2023-12-31,2021-12-06
H2-ENC008483,HOSP037542,2025-11-04,Inpatient,H2-PROV0027,DEPT008,70702,2021-04-19,2024-08-16
H2-ENC008484,HOSP031876,2025-02-20,Inpatient,H2-PROV0008,DEPT015,10661,2025-09-02,2021-07-29
H2-ENC008485,HOSP029802,2023-06-07,Routine Checkup,H2-PROV0030,DEPT006,90489,2023-09-24,2025-11-15
H2-ENC008486,HOSP027682,2025-06-30,Routine Checkup,H2-PROV0014,DEPT018,69344,2021-04-07,2023-08-19
H2-ENC008487,HOSP003907,2020-10-05,Emergency,H2-PROV0020,DEPT003,81768,2023-08-08,2026-08-01
H2-ENC008488,HOSP049088,2024-07-25,Routine Checkup,H2-PROV0007,DEPT010,55284,2026-02-18,2021-06-04
H2-ENC008489,HOSP000562,2025-07-31,Emergency,H2-PROV0022,DEPT012,33469,2021-03-17,2024-09-18
H2-ENC008490,HOSP032814,2022-12-22,Routine Checkup,H2-PROV0016,DEPT009,71459,2023-02-03,2026-07-08
H2-ENC008491,HOSP036633,2021-11-13,Inpatient,H2-PROV0028,DEPT006,16171,2025-09-09,2023-10-19
H2-ENC008492,HOSP011314,2023-09-20,Outpatient,H2-PROV0013,DEPT018,60237,2024-03-30,2026-07-30
H2-ENC008493,HOSP019210,2025-06-17,Routine Checkup,H2-PROV0027,DEPT011,68044,2023-01-11,2020-01-30
H2-ENC008494,HOSP013778,2021-01-27,Outpatient,H2-PROV0010,DEPT004,37005,2022-10-31,2025-05-27
H2-ENC008495,HOSP045782,2026-01-22,Outpatient,H2-PROV0026,DEPT007,45673,2026-04-28,2023-12-27
H2-ENC008496,HOSP022365,2026-07-17,Routine Checkup,H2-PROV0017,DEPT016,42192,2023-03-07,2024-07-02
H2-ENC008497,HOSP030649,2020-03-28,Routine Checkup,H2-PROV0010,DEPT003,39592,2023-07-30,2024-03-07
H2-ENC008498,HOSP039148,2026-03-04,Inpatient,H2-PROV0024,DEPT005,78005,2024-05-06,2023-03-28
H2-ENC008499,HOSP021361,2022-09-06,Routine Checkup,H2-PROV0017,DEPT019,84413,2020-04-26,2024-05-03
H2-ENC008500,HOSP011490,2025-04-02,Telemedicine,H2-PROV0004,DEPT011,40533,2023-04-12,2020-03-06
H2-ENC008501,HOSP027967,2020-01-02,Outpatient,H2-PROV0008,DEPT018,71625,2020-09-29,2023-02-01
H2-ENC008502,HOSP029906,2020-09-07,Inpatient,H2-PROV0004,DEPT004,90048,2025-01-29,2022-10-02
H2-ENC008503,HOSP045107,2024-07-21,Inpatient,H2-PROV0029,DEPT015,41708,2021-05-26,2022-06-05
H2-ENC008504,HOSP006586,2023-03-30,Inpatient,H2-PROV0025,DEPT017,35645,2020-02-21,2020-09-29
H2-ENC008505,HOSP008859,2022-07-20,Inpatient,H2-PROV0009,DEPT011,65340,2026-01-15,2022-02-18
H2-ENC008506,HOSP029008,2026-01-29,Inpatient,H2-PROV0026,DEPT014,18752,2020-09-26,2023-04-05
H2-ENC008507,HOSP001472,2020-02-17,Telemedicine,H2-PROV0030,DEPT005,80998,2023-08-02,2023-05-29
H2-ENC008508,HOSP047478,2023-09-11,Emergency,H2-PROV0029,DEPT002,20132,2022-12-28,2024-12-07
H2-ENC008509,HOSP032658,2020-08-07,Emergency,H2-PROV0008,DEPT005,12280,2026-06-20,2021-03-16
H2-ENC008510,HOSP004772,2023-11-14,Inpatient,H2-PROV0020,DEPT013,73034,2022-06-02,2023-11-20
H2-ENC008511,HOSP015759,2020-12-02,Emergency,H2-PROV0026,DEPT018,91329,2023-09-13,2021-07-10
H2-ENC008512,HOSP000762,2021-06-12,Outpatient,H2-PROV0019,DEPT004,66527,2020-05-15,2020-09-06
H2-ENC008513,HOSP025978,2026-07-18,Emergency,H2-PROV0007,DEPT012,45766,2026-02-09,2022-10-27
H2-ENC008514,HOSP030074,2025-09-09,Telemedicine,H2-PROV0014,DEPT007,15254,2026-01-04,2023-04-09
H2-ENC008515,HOSP005447,2025-06-26,Routine Checkup,H2-PROV0012,DEPT007,31864,2021-11-23,2022-04-30
H2-ENC008516,HOSP008930,2022-09-01,Emergency,H2-PROV0004,DEPT012,55350,2026-03-05,2025-06-15
H2-ENC008517,HOSP035318,2026-02-24,Routine Checkup,H2-PROV0030,DEPT020,12930,2025-07-27,2026-04-28
H2-ENC008518,HOSP008873,2024-12-18,Inpatient,H2-PROV0017,DEPT013,55214,2022-01-20,2024-03-13
H2-ENC008519,HOSP032644,2021-09-30,Telemedicine,H2-PROV0003,DEPT014,28393,2024-04-03,2024-11-10
H2-ENC008520,HOSP012416,2022-02-24,Outpatient,H2-PROV0019,DEPT005,66462,2023-09-03,2022-03-28
H2-ENC008521,HOSP038414,2024-06-04,Emergency,H2-PROV0013,DEPT009,31189,2023-12-29,2024-12-25
H2-ENC008522,HOSP004385,2025-08-10,Telemedicine,H2-PROV0012,DEPT003,53879,2025-04-17,2025-06-05
H2-ENC008523,HOSP011456,2023-12-21,Inpatient,H2-PROV0018,DEPT014,58265,2023-10-15,2020-06-08
H2-ENC008524,HOSP044632,2022-06-13,Telemedicine,H2-PROV0006,DEPT001,34568,2024-02-06,2023-07-10
H2-ENC008525,HOSP038046,2020-03-06,Telemedicine,H2-PROV0011,DEPT007,70928,2022-08-08,2023-11-07
H2-ENC008526,HOSP031254,2025-12-15,Emergency,H2-PROV0005,DEPT019,25039,2020-02-08,2021-05-14
H2-ENC008527,HOSP033337,2023-02-08,Emergency,H2-PROV0017,DEPT011,85865,2021-09-06,2020-07-02
H2-ENC008528,HOSP025219,2020-04-14,Inpatient,H2-PROV0009,DEPT016,88824,2020-03-06,2020-02-07
H2-ENC008529,HOSP039692,2023-05-20,Inpatient,H2-PROV0015,DEPT009,65995,2020-08-27,2024-03-15
H2-ENC008530,HOSP025032,2020-05-16,Routine Checkup,H2-PROV0001,DEPT020,75984,2023-11-06,2026-03-25
H2-ENC008531,HOSP015162,2021-04-25,Outpatient,H2-PROV0024,DEPT018,41291,2022-04-20,2025-01-04
H2-ENC008532,HOSP022878,2023-06-20,Inpatient,H2-PROV0027,DEPT014,20356,2021-04-19,2022-09-06
H2-ENC008533,HOSP030702,2020-10-18,Emergency,H2-PROV0029,DEPT006,21297,2022-08-05,2020-09-04
H2-ENC008534,HOSP020381,2020-05-10,Emergency,H2-PROV0029,DEPT019,75978,2024-04-19,2026-02-02
H2-ENC008535,HOSP001315,2025-10-25,Telemedicine,H2-PROV0020,DEPT015,39256,2023-03-15,2020-12-18
H2-ENC008536,HOSP020593,2026-09-08,Inpatient,H2-PROV0008,DEPT008,10346,2022-01-19,2021-06-26
H2-ENC008537,HOSP022152,2026-03-23,Emergency,H2-PROV0022,DEPT017,58567,2025-03-19,2021-01-11
H2-ENC008538,HOSP027436,2022-10-18,Inpatient,H2-PROV0003,DEPT019,73761,2025-06-06,2021-12-28
H2-ENC008539,HOSP020714,2021-05-09,Emergency,H2-PROV0017,DEPT006,25274,2022-02-20,2023-06-16
H2-ENC008540,HOSP035281,2020-09-11,Telemedicine,H2-PROV0020,DEPT017,56624,2020-01-07,2026-09-25
H2-ENC008541,HOSP045296,2022-08-10,Inpatient,H2-PROV0006,DEPT011,74724,2023-02-24,2022-03-01
H2-ENC008542,HOSP047738,2026-06-12,Inpatient,H2-PROV0010,DEPT013,82175,2024-02-12,2024-07-05
H2-ENC008543,HOSP028731,2023-12-28,Telemedicine,H2-PROV0030,DEPT003,97120,2024-11-06,2024-06-21
H2-ENC008544,HOSP027748,2022-02-03,Routine Checkup,H2-PROV0019,DEPT010,63714,2024-06-17,2025-05-28
H2-ENC008545,HOSP014428,2025-12-10,Routine Checkup,H2-PROV0028,DEPT020,75790,2026-09-03,2020-03-02
H2-ENC008546,HOSP037653,2021-10-16,Telemedicine,H2-PROV0018,DEPT014,11845,2024-11-01,2022-06-29
H2-ENC008547,HOSP036031,2023-08-14,Inpatient,H2-PROV0008,DEPT002,12472,2024-10-08,2025-10-14
H2-ENC008548,HOSP008328,2023-02-09,Inpatient,H2-PROV0011,DEPT001,27647,2022-09-05,2021-03-12
H2-ENC008549,HOSP002101,2022-09-27,Emergency,H2-PROV0018,DEPT016,67757,2020-03-09,2023-07-26
H2-ENC008550,HOSP036500,2021-05-15,Inpatient,H2-PROV0004,DEPT006,46814,2024-07-05,2021-10-08
H2-ENC008551,HOSP029615,2023-05-18,Outpatient,H2-PROV0013,DEPT004,45591,2025-10-28,2026-02-14
H2-ENC008552,HOSP010634,2022-11-12,Emergency,H2-PROV0026,DEPT004,70688,2020-03-30,2025-08-31
H2-ENC008553,HOSP027922,2025-06-03,Routine Checkup,H2-PROV0026,DEPT020,57102,2020-03-03,2022-11-29
H2-ENC008554,HOSP023363,2021-10-20,Inpatient,H2-PROV0023,DEPT020,44545,2023-03-12,2023-04-21
H2-ENC008555,HOSP020442,2023-01-16,Routine Checkup,H2-PROV0008,DEPT015,97506,2026-05-18,2021-03-19
H2-ENC008556,HOSP004473,2024-05-27,Routine Checkup,H2-PROV0020,DEPT014,70701,2022-05-04,2025-02-20
H2-ENC008557,HOSP039300,2023-03-30,Outpatient,H2-PROV0023,DEPT002,25181,2023-06-06,2023-10-01
H2-ENC008558,HOSP011601,2024-12-18,Emergency,H2-PROV0027,DEPT020,40219,2025-05-07,2021-06-20
H2-ENC008559,HOSP044854,2026-02-24,Inpatient,H2-PROV0019,DEPT002,72068,2023-10-17,2025-10-03
H2-ENC008560,HOSP025933,2026-08-27,Emergency,H2-PROV0015,DEPT017,13974,2021-09-19,2025-06-18
H2-ENC008561,HOSP020425,2023-04-01,Outpatient,H2-PROV0022,DEPT008,73760,2021-08-25,2023-05-28
H2-ENC008562,HOSP029602,2021-12-05,Emergency,H2-PROV0005,DEPT010,16973,2022-05-25,2023-12-22
H2-ENC008563,HOSP021585,2020-11-27,Telemedicine,H2-PROV0020,DEPT002,25546,2025-07-30,2020-09-27
H2-ENC008564,HOSP038453,2020-08-18,Inpatient,H2-PROV0029,DEPT008,21487,2024-02-04,2026-04-29
H2-ENC008565,HOSP038982,2020-02-17,Outpatient,H2-PROV0002,DEPT002,46168,2025-02-04,2025-12-06
H2-ENC008566,HOSP000125,2026-03-27,Telemedicine,H2-PROV0013,DEPT008,34629,2023-11-24,2020-08-25
H2-ENC008567,HOSP047552,2021-05-26,Routine Checkup,H2-PROV0027,DEPT010,20356,2026-07-04,2024-01-05
H2-ENC008568,HOSP021250,2026-08-27,Telemedicine,H2-PROV0023,DEPT001,41291,2020-10-21,2022-04-17
H2-ENC008569,HOSP028280,2023-10-27,Outpatient,H2-PROV0002,DEPT017,24161,2022-05-22,2023-04-02
H2-ENC008570,HOSP043415,2023-12-17,Outpatient,H2-PROV0002,DEPT018,67290,2020-12-15,2021-05-30
H2-ENC008571,HOSP018682,2022-10-24,Routine Checkup,H2-PROV0018,DEPT008,39231,2023-12-06,2021-09-13
H2-ENC008572,HOSP012798,2022-04-29,Inpatient,H2-PROV0026,DEPT006,99885,2026-07-09,2025-06-22
H2-ENC008573,HOSP018504,2023-06-20,Inpatient,H2-PROV0003,DEPT012,65668,2020-03-20,2026-01-05
H2-ENC008574,HOSP004945,2024-07-13,Routine Checkup,H2-PROV0011,DEPT003,42405,2026-07-09,2026-02-19
H2-ENC008575,HOSP043136,2020-03-15,Telemedicine,H2-PROV0024,DEPT014,11301,2024-09-01,2021-11-24
H2-ENC008576,HOSP006595,2024-02-24,Telemedicine,H2-PROV0027,DEPT016,45673,2026-08-30,2022-05-03
H2-ENC008577,HOSP011396,2022-03-02,Emergency,H2-PROV0024,DEPT013,98614,2023-07-05,2021-10-12
H2-ENC008578,HOSP025130,2025-06-02,Inpatient,H2-PROV0014,DEPT012,75774,2024-12-22,2025-06-03
H2-ENC008579,HOSP043392,2025-07-07,Outpatient,H2-PROV0006,DEPT012,95525,2022-01-23,2021-05-28
H2-ENC008580,HOSP039474,2024-08-18,Outpatient,H2-PROV0017,DEPT004,21275,2023-10-25,2021-11-24
H2-ENC008581,HOSP004374,2026-05-05,Emergency,H2-PROV0020,DEPT002,55376,2020-10-22,2022-11-18
H2-ENC008582,HOSP027871,2022-10-25,Telemedicine,H2-PROV0027,DEPT009,45650,2023-10-09,2023-12-29
H2-ENC008583,HOSP033841,2025-07-02,Emergency,H2-PROV0002,DEPT011,72404,2025-11-20,2024-02-27
H2-ENC008584,HOSP049273,2024-02-23,Emergency,H2-PROV0010,DEPT007,16146,2024-03-22,2025-04-22
H2-ENC008585,HOSP019109,2025-11-02,Outpatient,H2-PROV0023,DEPT003,83919,2020-09-26,2020-06-21
H2-ENC008586,HOSP026573,2020-10-25,Outpatient,H2-PROV0028,DEPT017,88969,2026-05-22,2022-08-26
H2-ENC008587,HOSP039494,2020-01-28,Inpatient,H2-PROV0004,DEPT003,81979,2020-08-04,2025-05-28
H2-ENC008588,HOSP037937,2026-08-07,Routine Checkup,H2-PROV0020,DEPT015,22079,2021-04-04,2023-07-19
H2-ENC008589,HOSP021895,2023-02-02,Emergency,H2-PROV0009,DEPT001,84517,2024-12-19,2023-05-30
H2-ENC008590,HOSP005660,2026-06-01,Emergency,H2-PROV0016,DEPT017,74340,2023-12-10,2024-04-01
H2-ENC008591,HOSP040489,2024-03-31,Routine Checkup,H2-PROV0019,DEPT009,74624,2025-07-13,2021-07-26
H2-ENC008592,HOSP037522,2020-12-02,Telemedicine,H2-PROV0016,DEPT007,15804,2022-06-05,2023-03-31
H2-ENC008593,HOSP007394,2023-08-15,Outpatient,H2-PROV0023,DEPT013,67246,2022-04-09,2024-10-05
H2-ENC008594,HOSP002336,2026-07-21,Telemedicine,H2-PROV0004,DEPT001,73034,2020-02-07,2022-10-21
H2-ENC008595,HOSP019010,2021-12-27,Inpatient,H2-PROV0007,DEPT002,47609,2020-01-12,2024-01-26
H2-ENC008596,HOSP040297,2022-07-06,Routine Checkup,H2-PROV0013,DEPT006,49171,2025-09-30,2021-04-28
H2-ENC008597,HOSP048782,2021-12-19,Inpatient,H2-PROV0008,DEPT020,42322,2026-07-27,2026-06-28
H2-ENC008598,HOSP015294,2026-06-17,Inpatient,H2-PROV0023,DEPT018,47990,2024-06-30,2022-06-11
H2-ENC008599,HOSP031311,2025-01-11,Emergency,H2-PROV0006,DEPT004,97201,2023-05-04,2023-09-06
H2-ENC008600,HOSP006816,2025-05-20,Routine Checkup,H2-PROV0016,DEPT007,90392,2020-10-11,2025-07-16
H2-ENC008601,HOSP045785,2024-09-20,Routine Checkup,H2-PROV0003,DEPT002,75790,2021-01-16,2025-05-31
H2-ENC008602,HOSP023762,2026-05-12,Inpatient,H2-PROV0001,DEPT009,68044,2021-05-17,2024-10-26
H2-ENC008603,HOSP044722,2022-05-09,Emergency,H2-PROV0001,DEPT017,80084,2022-09-05,2021-12-23
H2-ENC008604,HOSP037396,2021-09-26,Routine Checkup,H2-PROV0026,DEPT011,21309,2021-01-16,2022-10-04
H2-ENC008605,HOSP001533,2026-02-04,Emergency,H2-PROV0013,DEPT014,96789,2024-03-02,2025-02-07
H2-ENC008606,HOSP035473,2025-12-01,Emergency,H2-PROV0009,DEPT003,90458,2022-01-23,2024-12-26
H2-ENC008607,HOSP041722,2021-01-31,Routine Checkup,H2-PROV0022,DEPT005,71185,2022-01-08,2026-05-21
H2-ENC008608,HOSP011258,2022-04-26,Inpatient,H2-PROV0019,DEPT011,11052,2026-05-12,2023-01-24
H2-ENC008609,HOSP038783,2026-09-04,Inpatient,H2-PROV0026,DEPT011,82533,2026-05-09,2022-06-20
H2-ENC008610,HOSP019379,2026-07-07,Inpatient,H2-PROV0001,DEPT012,55835,2026-07-11,2024-09-21
H2-ENC008611,HOSP017892,2021-07-28,Inpatient,H2-PROV0014,DEPT007,80367,2020-11-14,2022-12-22
H2-ENC008612,HOSP046997,2021-04-02,Telemedicine,H2-PROV0013,DEPT008,76686,2024-06-03,2021-11-02
H2-ENC008613,HOSP041472,2025-03-02,Telemedicine,H2-PROV0027,DEPT012,11771,2021-08-15,2022-08-05
H2-ENC008614,HOSP042972,2023-01-12,Telemedicine,H2-PROV0012,DEPT014,46213,2023-07-30,2026-02-04
H2-ENC008615,HOSP000174,2020-12-20,Telemedicine,H2-PROV0004,DEPT002,76686,2025-11-05,2020-03-16
H2-ENC008616,HOSP048140,2023-10-15,Telemedicine,H2-PROV0029,DEPT015,72545,2025-06-16,2021-02-10
H2-ENC008617,HOSP043296,2023-01-27,Outpatient,H2-PROV0001,DEPT008,88824,2023-02-10,2023-07-06
H2-ENC008618,HOSP025799,2022-03-21,Emergency,H2-PROV0020,DEPT016,85792,2022-04-03,2022-08-15
H2-ENC008619,HOSP001281,2025-09-23,Emergency,H2-PROV0007,DEPT009,50401,2026-05-10,2022-09-02
H2-ENC008620,HOSP031223,2026-02-02,Inpatient,H2-PROV0011,DEPT007,39610,2023-07-06,2022-12-11
H2-ENC008621,HOSP008977,2024-04-27,Routine Checkup,H2-PROV0003,DEPT009,74043,2026-01-06,2026-02-26
H2-ENC008622,HOSP022756,2024-06-17,Outpatient,H2-PROV0009,DEPT003,12472,2023-12-11,2026-08-30
H2-ENC008623,HOSP014942,2021-05-18,Routine Checkup,H2-PROV0023,DEPT017,44545,2021-03-11,2025-05-01
H2-ENC008624,HOSP024816,2020-09-03,Telemedicine,H2-PROV0018,DEPT008,52713,2023-11-18,2020-08-14
H2-ENC008625,HOSP032029,2022-01-31,Emergency,H2-PROV0014,DEPT011,22795,2025-01-07,2023-08-28
H2-ENC008626,HOSP049864,2026-05-17,Routine Checkup,H2-PROV0017,DEPT018,55350,2020-10-15,2020-05-13
H2-ENC008627,HOSP046556,2020-12-04,Routine Checkup,H2-PROV0014,DEPT002,17070,2024-08-04,2020-11-18
H2-ENC008628,HOSP021271,2024-02-10,Outpatient,H2-PROV0003,DEPT015,48096,2021-08-08,2020-01-27
H2-ENC008629,HOSP005196,2020-06-05,Inpatient,H2-PROV0023,DEPT016,60966,2020-05-11,2023-12-14
H2-ENC008630,HOSP006222,2021-09-04,Telemedicine,H2-PROV0021,DEPT014,80370,2024-04-24,2023-12-06
H2-ENC008631,HOSP031287,2025-06-17,Inpatient,H2-PROV0030,DEPT015,32565,2023-09-06,2026-05-26
H2-ENC008632,HOSP011464,2021-12-31,Routine Checkup,H2-PROV0022,DEPT012,66263,2025-10-10,2022-08-18
H2-ENC008633,HOSP007880,2024-06-24,Emergency,H2-PROV0017,DEPT006,64881,2020-08-03,2024-07-03
H2-ENC008634,HOSP011553,2024-05-18,Routine Checkup,H2-PROV0002,DEPT004,36953,2026-08-15,2022-01-18
H2-ENC008635,HOSP037117,2026-01-01,Emergency,H2-PROV0023,DEPT012,17639,2020-10-12,2023-11-07
H2-ENC008636,HOSP036401,2021-10-14,Outpatient,H2-PROV0018,DEPT012,32072,2022-10-02,2022-09-18
H2-ENC008637,HOSP004771,2022-03-16,Outpatient,H2-PROV0029,DEPT014,93079,2026-02-18,2021-05-28
H2-ENC008638,HOSP003123,2024-05-06,Emergency,H2-PROV0025,DEPT004,73752,2023-09-01,2022-08-02
H2-ENC008639,HOSP021473,2025-01-12,Emergency,H2-PROV0005,DEPT006,93733,2026-01-10,2023-06-12
H2-ENC008640,HOSP048329,2025-10-02,Outpatient,H2-PROV0020,DEPT004,65857,2026-02-20,2021-12-19
H2-ENC008641,HOSP021889,2021-05-08,Emergency,H2-PROV0008,DEPT004,29273,2025-07-29,2024-05-12
H2-ENC008642,HOSP005971,2025-01-11,Telemedicine,H2-PROV0029,DEPT006,51857,2020-05-31,2025-10-14
H2-ENC008643,HOSP044473,2022-04-08,Inpatient,H2-PROV0022,DEPT019,56195,2025-05-07,2025-08-18
H2-ENC008644,HOSP016778,2025-09-28,Outpatient,H2-PROV0021,DEPT009,76611,2022-12-22,2020-04-22
H2-ENC008645,HOSP026465,2022-01-27,Routine Checkup,H2-PROV0004,DEPT005,72241,2022-05-26,2026-09-16
H2-ENC008646,HOSP007089,2020-01-12,Emergency,H2-PROV0002,DEPT013,55566,2023-01-27,2021-08-25
H2-ENC008647,HOSP022679,2022-07-03,Inpatient,H2-PROV0027,DEPT001,70688,2022-01-07,2022-04-08
H2-ENC008648,HOSP004013,2023-06-24,Inpatient,H2-PROV0028,DEPT004,75774,2023-09-28,2021-12-08
H2-ENC008649,HOSP049362,2025-12-02,Telemedicine,H2-PROV0021,DEPT003,45650,2026-06-29,2021-08-09
H2-ENC008650,HOSP049760,2025-03-01,Outpatient,H2-PROV0004,DEPT007,24476,2023-01-22,2020-12-15
H2-ENC008651,HOSP019470,2024-02-20,Routine Checkup,H2-PROV0024,DEPT009,42691,2022-08-08,2021-03-17
H2-ENC008652,HOSP011443,2026-06-03,Routine Checkup,H2-PROV0007,DEPT002,10886,2026-01-12,2023-09-08
H2-ENC008653,HOSP005496,2021-07-25,Telemedicine,H2-PROV0029,DEPT019,92395,2026-08-26,2023-06-13
H2-ENC008654,HOSP026315,2021-07-17,Telemedicine,H2-PROV0009,DEPT009,26297,2025-08-17,2024-02-22
H2-ENC008655,HOSP036307,2024-07-28,Routine Checkup,H2-PROV0023,DEPT001,49397,2020-09-04,2023-01-04
H2-ENC008656,HOSP020571,2023-05-27,Emergency,H2-PROV0009,DEPT005,11095,2025-06-24,2021-09-18
H2-ENC008657,HOSP019925,2024-09-19,Inpatient,H2-PROV0006,DEPT001,77626,2024-10-17,2022-12-17
H2-ENC008658,HOSP022554,2021-12-09,Outpatient,H2-PROV0017,DEPT007,79719,2022-03-20,2022-07-25
H2-ENC008659,HOSP013199,2021-09-22,Outpatient,H2-PROV0009,DEPT003,10034,2024-09-10,2021-11-28
H2-ENC008660,HOSP003692,2025-04-25,Telemedicine,H2-PROV0011,DEPT019,19290,2021-08-12,2020-10-23
H2-ENC008661,HOSP007413,2022-10-04,Outpatient,H2-PROV0021,DEPT017,49410,2022-04-22,2025-12-24
H2-ENC008662,HOSP009174,2023-05-16,Emergency,H2-PROV0003,DEPT015,11052,2026-03-31,2026-02-09
H2-ENC008663,HOSP048466,2023-05-12,Inpatient,H2-PROV0017,DEPT007,20445,2026-09-02,2024-08-11
H2-ENC008664,HOSP013330,2022-03-05,Telemedicine,H2-PROV0009,DEPT019,17139,2020-06-21,2026-06-03
H2-ENC008665,HOSP014546,2026-04-05,Telemedicine,H2-PROV0013,DEPT019,94218,2025-09-25,2025-01-05
H2-ENC008666,HOSP045656,2026-07-29,Emergency,H2-PROV0027,DEPT017,63043,2025-12-14,2023-07-13
H2-ENC008667,HOSP033134,2023-10-03,Telemedicine,H2-PROV0024,DEPT009,46388,2024-07-25,2022-03-23
H2-ENC008668,HOSP037415,2020-04-14,Telemedicine,H2-PROV0028,DEPT012,38609,2026-04-21,2025-08-03
H2-ENC008669,HOSP017465,2021-11-18,Routine Checkup,H2-PROV0017,DEPT008,42691,2023-02-10,2021-08-19
H2-ENC008670,HOSP011253,2025-05-22,Routine Checkup,H2-PROV0012,DEPT014,53320,2024-09-09,2023-11-24
H2-ENC008671,HOSP036975,2025-06-06,Outpatient,H2-PROV0015,DEPT005,49874,2022-12-06,2022-10-07
H2-ENC008672,HOSP029062,2023-04-23,Telemedicine,H2-PROV0007,DEPT015,38609,2025-12-13,2020-07-30
H2-ENC008673,HOSP007585,2025-07-05,Telemedicine,H2-PROV0010,DEPT020,74724,2020-01-07,2021-04-13
H2-ENC008674,HOSP021262,2021-04-03,Emergency,H2-PROV0026,DEPT001,79355,2021-05-25,2022-11-26
H2-ENC008675,HOSP043161,2020-03-16,Inpatient,H2-PROV0007,DEPT006,65340,2025-02-05,2024-11-08
H2-ENC008676,HOSP048848,2026-10-05,Outpatient,H2-PROV0027,DEPT009,10703,2026-03-01,2026-05-08
H2-ENC008677,HOSP016209,2020-12-19,Emergency,H2-PROV0005,DEPT004,11908,2025-03-23,2025-07-20
H2-ENC008678,HOSP003075,2025-02-27,Routine Checkup,H2-PROV0015,DEPT018,66462,2021-02-12,2024-04-19
H2-ENC008679,HOSP024368,2021-01-04,Outpatient,H2-PROV0002,DEPT007,85919,2026-01-17,2026-07-11
H2-ENC008680,HOSP032514,2025-10-22,Emergency,H2-PROV0003,DEPT007,14200,2024-06-08,2024-09-29
H2-ENC008681,HOSP008969,2021-02-16,Outpatient,H2-PROV0020,DEPT015,97079,2020-12-28,2021-04-19
H2-ENC008682,HOSP010649,2026-01-02,Emergency,H2-PROV0016,DEPT012,10755,2025-12-19,2020-07-19
H2-ENC008683,HOSP015954,2024-06-29,Outpatient,H2-PROV0024,DEPT002,99695,2020-01-28,2024-12-15
H2-ENC008684,HOSP043680,2023-08-02,Outpatient,H2-PROV0001,DEPT020,76716,2026-09-28,2024-11-17
H2-ENC008685,HOSP013612,2025-06-24,Emergency,H2-PROV0025,DEPT006,49171,2020-09-02,2023-07-25
H2-ENC008686,HOSP018780,2026-07-09,Routine Checkup,H2-PROV0004,DEPT010,93293,2021-11-29,2025-08-11
H2-ENC008687,HOSP004380,2022-01-05,Routine Checkup,H2-PROV0019,DEPT009,22912,2022-07-13,2021-05-18
H2-ENC008688,HOSP012129,2021-06-16,Routine Checkup,H2-PROV0007,DEPT014,75802,2025-04-22,2022-05-16
H2-ENC008689,HOSP022714,2024-05-02,Emergency,H2-PROV0018,DEPT005,79722,2025-01-16,2021-05-10
H2-ENC008690,HOSP038196,2023-03-27,Outpatient,H2-PROV0020,DEPT001,58651,2025-10-18,2021-05-11
H2-ENC008691,HOSP008208,2020-10-14,Inpatient,H2-PROV0022,DEPT014,37751,2022-02-21,2023-01-06
H2-ENC008692,HOSP002757,2022-12-21,Telemedicine,H2-PROV0011,DEPT013,21275,2024-07-10,2025-09-15
H2-ENC008693,HOSP038904,2020-06-11,Emergency,H2-PROV0011,DEPT018,78999,2023-08-03,2025-09-09
H2-ENC008694,HOSP028353,2023-12-21,Routine Checkup,H2-PROV0006,DEPT005,51293,2020-05-06,2023-05-27
H2-ENC008695,HOSP005289,2024-03-31,Telemedicine,H2-PROV0012,DEPT006,64075,2022-02-04,2022-11-13
H2-ENC008696,HOSP037029,2021-07-22,Emergency,H2-PROV0020,DEPT007,70414,2024-10-22,2023-05-08
H2-ENC008697,HOSP035454,2022-05-18,Routine Checkup,H2-PROV0021,DEPT008,69396,2022-07-01,2022-06-24
H2-ENC008698,HOSP048883,2021-02-06,Inpatient,H2-PROV0009,DEPT016,43458,2022-12-18,2023-02-20
H2-ENC008699,HOSP034789,2024-11-07,Outpatient,H2-PROV0011,DEPT012,97472,2024-01-18,2020-06-19
H2-ENC008700,HOSP049803,2021-01-22,Emergency,H2-PROV0028,DEPT008,53313,2023-02-26,2025-12-30
H2-ENC008701,HOSP038007,2022-12-10,Emergency,H2-PROV0027,DEPT015,23513,2023-11-24,2026-06-21
H2-ENC008702,HOSP016597,2026-08-07,Emergency,H2-PROV0013,DEPT018,26066,2020-06-08,2021-07-09
H2-ENC008703,HOSP006601,2021-01-26,Inpatient,H2-PROV0028,DEPT019,98646,2026-02-16,2021-09-28
H2-ENC008704,HOSP039290,2026-08-24,Outpatient,H2-PROV0011,DEPT017,96525,2026-06-17,2023-06-26
H2-ENC008705,HOSP024264,2024-07-15,Emergency,H2-PROV0008,DEPT017,45577,2021-03-31,2020-10-25
H2-ENC008706,HOSP021440,2025-09-01,Emergency,H2-PROV0011,DEPT014,89421,2024-09-23,2023-09-28
H2-ENC008707,HOSP015203,2021-01-12,Inpatient,H2-PROV0026,DEPT003,87187,2023-07-14,2020-01-01
H2-ENC008708,HOSP016747,2026-04-26,Outpatient,H2-PROV0010,DEPT014,53313,2025-08-09,2022-12-17
H2-ENC008709,HOSP049080,2022-07-21,Outpatient,H2-PROV0023,DEPT002,92667,2026-06-11,2021-10-11
H2-ENC008710,HOSP032695,2025-01-11,Emergency,H2-PROV0008,DEPT016,13682,2026-03-14,2025-05-10
H2-ENC008711,HOSP021220,2025-09-23,Outpatient,H2-PROV0022,DEPT007,88786,2022-10-27,2023-04-04
H2-ENC008712,HOSP019151,2020-10-12,Emergency,H2-PROV0006,DEPT011,78005,2022-09-03,2024-12-17
H2-ENC008713,HOSP036561,2020-08-21,Emergency,H2-PROV0016,DEPT015,82892,2025-06-03,2023-03-23
H2-ENC008714,HOSP030350,2022-07-28,Emergency,H2-PROV0024,DEPT010,82892,2020-07-04,2023-06-22
H2-ENC008715,HOSP017654,2020-04-15,Emergency,H2-PROV0025,DEPT009,84421,2026-01-11,2025-06-25
H2-ENC008716,HOSP005195,2026-01-18,Outpatient,H2-PROV0004,DEPT003,11771,2024-07-03,2020-08-18
H2-ENC008717,HOSP001238,2024-11-23,Routine Checkup,H2-PROV0002,DEPT008,21133,2021-04-01,2023-11-05
H2-ENC008718,HOSP035410,2021-03-27,Inpatient,H2-PROV0001,DEPT008,65857,2025-02-26,2026-06-05
H2-ENC008719,HOSP009755,2022-12-12,Outpatient,H2-PROV0019,DEPT009,64287,2021-07-29,2024-02-21
H2-ENC008720,HOSP045205,2024-12-04,Inpatient,H2-PROV0027,DEPT019,97079,2021-11-19,2021-10-06
H2-ENC008721,HOSP037702,2025-06-23,Telemedicine,H2-PROV0004,DEPT006,93338,2024-07-01,2020-01-12
H2-ENC008722,HOSP006545,2023-02-12,Emergency,H2-PROV0027,DEPT004,79936,2022-07-16,2020-03-04
H2-ENC008723,HOSP013290,2022-12-27,Inpatient,H2-PROV0014,DEPT009,96257,2021-11-16,2025-06-14
H2-ENC008724,HOSP007528,2025-02-20,Emergency,H2-PROV0004,DEPT017,20782,2026-04-07,2024-02-07
H2-ENC008725,HOSP028745,2020-10-08,Inpatient,H2-PROV0028,DEPT002,43247,2020-11-08,2021-05-26
H2-ENC008726,HOSP016537,2020-01-10,Inpatient,H2-PROV0012,DEPT005,75302,2022-05-18,2021-09-01
H2-ENC008727,HOSP021047,2023-12-04,Inpatient,H2-PROV0020,DEPT007,56966,2023-01-29,2022-05-20
H2-ENC008728,HOSP013546,2021-04-18,Emergency,H2-PROV0008,DEPT012,31864,2024-10-31,2024-07-07
H2-ENC008729,HOSP041955,2023-05-13,Telemedicine,H2-PROV0017,DEPT010,65995,2024-10-17,2023-10-31
H2-ENC008730,HOSP041916,2020-08-24,Emergency,H2-PROV0026,DEPT005,15136,2021-06-04,2025-02-24
H2-ENC008731,HOSP007585,2024-01-11,Telemedicine,H2-PROV0014,DEPT010,76332,2020-04-24,2026-09-18
H2-ENC008732,HOSP003853,2024-12-27,Telemedicine,H2-PROV0024,DEPT012,43706,2021-05-18,2021-05-05
H2-ENC008733,HOSP029593,2024-09-04,Routine Checkup,H2-PROV0018,DEPT002,12718,2023-04-14,2025-11-25
H2-ENC008734,HOSP036282,2024-09-09,Routine Checkup,H2-PROV0029,DEPT003,49171,2020-02-06,2020-09-27
H2-ENC008735,HOSP015504,2025-10-03,Telemedicine,H2-PROV0022,DEPT011,17070,2021-11-08,2024-02-12
H2-ENC008736,HOSP015417,2023-09-16,Telemedicine,H2-PROV0027,DEPT004,60751,2021-12-31,2022-08-27
H2-ENC008737,HOSP015763,2024-07-22,Routine Checkup,H2-PROV0001,DEPT012,35978,2021-11-29,2025-08-24
H2-ENC008738,HOSP040033,2026-04-11,Routine Checkup,H2-PROV0002,DEPT010,94566,2021-01-18,2023-02-15
H2-ENC008739,HOSP001537,2026-04-08,Inpatient,H2-PROV0020,DEPT006,74043,2021-06-23,2023-03-14
H2-ENC008740,HOSP039436,2024-02-11,Inpatient,H2-PROV0028,DEPT014,96781,2020-02-27,2023-10-26
H2-ENC008741,HOSP036340,2023-05-06,Routine Checkup,H2-PROV0002,DEPT015,85865,2021-02-20,2023-07-24
H2-ENC008742,HOSP010266,2024-10-22,Routine Checkup,H2-PROV0002,DEPT007,21656,2026-07-11,2026-02-02
H2-ENC008743,HOSP008265,2026-06-09,Emergency,H2-PROV0025,DEPT011,71595,2024-02-07,2024-12-12
H2-ENC008744,HOSP001288,2024-08-21,Routine Checkup,H2-PROV0002,DEPT017,60966,2023-11-04,2021-07-19
H2-ENC008745,HOSP042102,2023-06-20,Emergency,H2-PROV0029,DEPT020,60263,2023-12-06,2022-10-23
H2-ENC008746,HOSP021116,2024-04-19,Inpatient,H2-PROV0024,DEPT019,61429,2024-12-17,2021-04-22
H2-ENC008747,HOSP006196,2022-11-26,Routine Checkup,H2-PROV0024,DEPT017,39255,2021-07-22,2023-08-24
H2-ENC008748,HOSP009135,2021-02-11,Emergency,H2-PROV0011,DEPT013,45115,2026-01-17,2024-11-25
H2-ENC008749,HOSP010337,2026-05-04,Telemedicine,H2-PROV0007,DEPT007,53463,2021-11-11,2020-08-05
H2-ENC008750,HOSP004081,2023-06-05,Outpatient,H2-PROV0001,DEPT020,28046,2024-05-10,2020-07-06
H2-ENC008751,HOSP035330,2020-05-09,Emergency,H2-PROV0014,DEPT012,88742,2021-09-28,2026-09-02
H2-ENC008752,HOSP039590,2022-02-13,Routine Checkup,H2-PROV0005,DEPT004,94218,2021-03-19,2022-03-16
H2-ENC008753,HOSP044814,2022-03-31,Outpatient,H2-PROV0027,DEPT012,28906,2024-05-02,2023-08-01
H2-ENC008754,HOSP049425,2020-09-17,Telemedicine,H2-PROV0029,DEPT019,21309,2023-06-25,2022-11-01
H2-ENC008755,HOSP035370,2021-06-24,Emergency,H2-PROV0020,DEPT011,42405,2021-07-12,2020-06-18
H2-ENC008756,HOSP018999,2024-08-06,Inpatient,H2-PROV0026,DEPT001,81015,2020-03-31,2023-01-25
H2-ENC008757,HOSP038418,2024-05-22,Inpatient,H2-PROV0015,DEPT010,60877,2020-09-20,2021-09-13
H2-ENC008758,HOSP040702,2021-05-31,Outpatient,H2-PROV0009,DEPT011,69052,2020-09-12,2024-08-18
H2-ENC008759,HOSP048415,2023-09-29,Inpatient,H2-PROV0007,DEPT014,61123,2020-01-29,2023-10-27
H2-ENC008760,HOSP005685,2022-08-06,Inpatient,H2-PROV0001,DEPT012,70855,2023-08-28,2024-08-03
H2-ENC008761,HOSP042707,2026-02-20,Telemedicine,H2-PROV0016,DEPT020,44323,2022-06-13,2023-01-11
H2-ENC008762,HOSP012939,2021-11-04,Telemedicine,H2-PROV0006,DEPT004,55369,2023-11-16,2020-01-20
H2-ENC008763,HOSP016609,2023-09-04,Emergency,H2-PROV0001,DEPT014,37751,2025-11-11,2021-03-02
H2-ENC008764,HOSP028183,2020-02-14,Emergency,H2-PROV0022,DEPT004,41456,2026-09-09,2026-09-27
H2-ENC008765,HOSP038862,2025-07-26,Routine Checkup,H2-PROV0012,DEPT002,75720,2026-09-23,2022-05-13
H2-ENC008766,HOSP033863,2025-07-04,Outpatient,H2-PROV0002,DEPT003,49874,2025-11-17,2020-02-20
H2-ENC008767,HOSP020262,2023-04-23,Inpatient,H2-PROV0001,DEPT014,90316,2023-11-26,2024-06-11
H2-ENC008768,HOSP007577,2020-02-19,Routine Checkup,H2-PROV0019,DEPT014,97120,2020-05-19,2024-11-17
H2-ENC008769,HOSP004475,2025-03-25,Routine Checkup,H2-PROV0021,DEPT010,78117,2025-07-27,2026-08-13
H2-ENC008770,HOSP021460,2023-02-20,Telemedicine,H2-PROV0013,DEPT009,92185,2023-11-06,2021-04-23
H2-ENC008771,HOSP008905,2022-09-02,Routine Checkup,H2-PROV0010,DEPT002,20782,2022-11-16,2023-08-15
H2-ENC008772,HOSP025562,2021-03-27,Emergency,H2-PROV0016,DEPT014,93648,2022-12-03,2025-10-27
H2-ENC008773,HOSP016658,2025-11-19,Telemedicine,H2-PROV0004,DEPT020,54867,2026-01-10,2021-04-22
H2-ENC008774,HOSP038561,2022-03-22,Outpatient,H2-PROV0009,DEPT016,74340,2023-04-15,2022-09-07
H2-ENC008775,HOSP041273,2020-09-24,Emergency,H2-PROV0026,DEPT001,47288,2020-07-06,2020-08-18
H2-ENC008776,HOSP038237,2024-07-23,Emergency,H2-PROV0023,DEPT015,86698,2025-04-23,2020-08-25
H2-ENC008777,HOSP023354,2020-06-26,Outpatient,H2-PROV0026,DEPT007,37375,2025-01-28,2023-07-28
H2-ENC008778,HOSP032794,2025-09-26,Inpatient,H2-PROV0024,DEPT004,96827,2022-03-03,2020-08-03
H2-ENC008779,HOSP015027,2026-01-04,Telemedicine,H2-PROV0023,DEPT001,44303,2024-05-09,2024-08-01
H2-ENC008780,HOSP048341,2026-08-26,Inpatient,H2-PROV0024,DEPT015,21309,2021-04-03,2026-09-07
H2-ENC008781,HOSP011262,2020-08-30,Inpatient,H2-PROV0015,DEPT003,33651,2023-07-22,2025-11-30
H2-ENC008782,HOSP023185,2024-06-21,Telemedicine,H2-PROV0030,DEPT012,11400,2022-04-18,2025-08-22
H2-ENC008783,HOSP036027,2020-04-10,Routine Checkup,H2-PROV0018,DEPT008,11095,2024-08-05,2020-03-23
H2-ENC008784,HOSP014084,2026-01-28,Emergency,H2-PROV0005,DEPT008,20356,2021-03-23,2025-12-03
H2-ENC008785,HOSP030502,2024-10-17,Telemedicine,H2-PROV0001,DEPT017,43570,2022-02-03,2024-06-16
H2-ENC008786,HOSP008216,2024-08-29,Inpatient,H2-PROV0009,DEPT010,71697,2020-08-03,2025-01-15
H2-ENC008787,HOSP048918,2020-09-17,Inpatient,H2-PROV0019,DEPT008,35957,2020-03-24,2022-02-20
H2-ENC008788,HOSP030588,2022-05-29,Emergency,H2-PROV0022,DEPT012,78904,2024-05-06,2024-07-08
H2-ENC008789,HOSP023512,2022-11-04,Routine Checkup,H2-PROV0019,DEPT008,71812,2026-02-19,2025-02-27
H2-ENC008790,HOSP048235,2020-08-01,Inpatient,H2-PROV0004,DEPT011,73742,2023-06-29,2020-03-14
H2-ENC008791,HOSP023991,2023-12-24,Telemedicine,H2-PROV0023,DEPT016,49171,2025-08-08,2020-06-12
H2-ENC008792,HOSP048185,2022-04-21,Emergency,H2-PROV0018,DEPT004,87365,2026-03-17,2025-11-04
H2-ENC008793,HOSP040675,2022-01-04,Routine Checkup,H2-PROV0029,DEPT015,81015,2024-05-25,2025-02-06
H2-ENC008794,HOSP036035,2025-07-07,Outpatient,H2-PROV0018,DEPT001,97181,2020-04-27,2025-05-24
H2-ENC008795,HOSP035525,2025-11-05,Emergency,H2-PROV0015,DEPT007,33811,2025-11-09,2021-04-08
H2-ENC008796,HOSP046920,2020-04-29,Telemedicine,H2-PROV0028,DEPT013,85707,2023-09-12,2021-12-20
H2-ENC008797,HOSP002975,2021-01-02,Outpatient,H2-PROV0030,DEPT001,80648,2025-12-19,2026-08-15
H2-ENC008798,HOSP000103,2026-06-13,Inpatient,H2-PROV0003,DEPT001,27647,2024-02-11,2026-08-05
H2-ENC008799,HOSP031430,2023-07-01,Outpatient,H2-PROV0028,DEPT017,62812,2023-06-16,2023-06-21
H2-ENC008800,HOSP006754,2021-06-23,Outpatient,H2-PROV0029,DEPT012,17969,2022-11-19,2020-08-31
H2-ENC008801,HOSP020160,2024-03-12,Emergency,H2-PROV0004,DEPT003,98646,2020-12-31,2025-08-07
H2-ENC008802,HOSP021006,2024-05-05,Emergency,H2-PROV0022,DEPT019,86041,2023-02-10,2020-03-20
H2-ENC008803,HOSP038733,2025-09-29,Routine Checkup,H2-PROV0014,DEPT020,20445,2020-03-11,2026-03-23
H2-ENC008804,HOSP023435,2024-11-06,Outpatient,H2-PROV0001,DEPT007,89742,2021-02-05,2020-09-10
H2-ENC008805,HOSP012673,2024-12-17,Inpatient,H2-PROV0007,DEPT009,71697,2020-04-19,2024-05-02
H2-ENC008806,HOSP026305,2026-08-13,Outpatient,H2-PROV0014,DEPT018,57047,2025-10-31,2025-02-23
H2-ENC008807,HOSP025639,2024-01-30,Routine Checkup,H2-PROV0001,DEPT009,95392,2022-10-18,2024-10-13
H2-ENC008808,HOSP013636,2022-08-16,Inpatient,H2-PROV0015,DEPT015,11029,2020-07-10,2022-08-21
H2-ENC008809,HOSP008083,2022-03-25,Telemedicine,H2-PROV0006,DEPT012,11400,2021-05-30,2022-11-08
H2-ENC008810,HOSP011292,2022-02-28,Outpatient,H2-PROV0016,DEPT007,30208,2023-07-14,2022-04-27
H2-ENC008811,HOSP040255,2020-06-28,Emergency,H2-PROV0001,DEPT013,20174,2024-12-16,2021-04-26
H2-ENC008812,HOSP016862,2020-04-10,Inpatient,H2-PROV0006,DEPT003,22696,2021-08-24,2020-03-03
H2-ENC008813,HOSP010508,2022-05-02,Inpatient,H2-PROV0022,DEPT001,28759,2024-10-24,2026-09-28
H2-ENC008814,HOSP003675,2022-08-29,Routine Checkup,H2-PROV0004,DEPT020,98646,2025-09-22,2024-02-13
H2-ENC008815,HOSP042599,2025-02-28,Telemedicine,H2-PROV0009,DEPT012,57931,2021-04-29,2025-08-02
H2-ENC008816,HOSP049876,2024-10-26,Inpatient,H2-PROV0013,DEPT013,57355,2024-09-28,2020-02-26
H2-ENC008817,HOSP003371,2022-01-08,Emergency,H2-PROV0030,DEPT016,68535,2025-02-09,2021-03-22
H2-ENC008818,HOSP029308,2022-03-05,Inpatient,H2-PROV0019,DEPT006,55572,2023-04-12,2020-09-29
H2-ENC008819,HOSP003241,2026-04-30,Telemedicine,H2-PROV0005,DEPT013,55376,2024-09-04,2020-01-09
H2-ENC008820,HOSP033750,2025-11-02,Inpatient,H2-PROV0022,DEPT003,44467,2020-06-25,2022-06-04
H2-ENC008821,HOSP032046,2022-01-01,Inpatient,H2-PROV0001,DEPT004,40948,2026-08-04,2020-10-19
H2-ENC008822,HOSP034427,2021-01-04,Telemedicine,H2-PROV0021,DEPT005,95960,2024-03-23,2020-09-11
H2-ENC008823,HOSP033424,2024-07-20,Routine Checkup,H2-PROV0016,DEPT010,75287,2022-12-12,2025-02-11
H2-ENC008824,HOSP019180,2026-02-03,Emergency,H2-PROV0013,DEPT005,16982,2022-09-30,2024-02-01
H2-ENC008825,HOSP000585,2022-05-15,Telemedicine,H2-PROV0005,DEPT014,16614,2021-01-22,2023-12-29
H2-ENC008826,HOSP040546,2020-12-24,Emergency,H2-PROV0007,DEPT001,41708,2020-07-17,2022-06-25
H2-ENC008827,HOSP027887,2024-01-22,Inpatient,H2-PROV0019,DEPT011,97472,2020-07-31,2025-03-05
H2-ENC008828,HOSP020142,2024-01-11,Emergency,H2-PROV0016,DEPT017,94840,2024-05-17,2021-09-09
H2-ENC008829,HOSP010599,2023-07-27,Inpatient,H2-PROV0016,DEPT013,81015,2020-09-23,2023-10-14
H2-ENC008830,HOSP016972,2024-05-24,Emergency,H2-PROV0004,DEPT010,63116,2020-03-31,2025-09-15
H2-ENC008831,HOSP045430,2026-09-08,Inpatient,H2-PROV0023,DEPT003,33961,2021-05-17,2025-07-12
H2-ENC008832,HOSP001191,2024-03-17,Telemedicine,H2-PROV0024,DEPT003,56003,2021-11-01,2022-06-28
H2-ENC008833,HOSP037015,2026-05-20,Telemedicine,H2-PROV0004,DEPT016,34672,2021-04-03,2023-12-21
H2-ENC008834,HOSP004118,2023-02-12,Emergency,H2-PROV0021,DEPT011,86796,2026-03-22,2024-01-10
H2-ENC008835,HOSP047783,2021-11-10,Outpatient,H2-PROV0030,DEPT001,40597,2021-08-10,2025-03-29
H2-ENC008836,HOSP017955,2022-01-25,Telemedicine,H2-PROV0024,DEPT011,32615,2026-06-03,2020-06-10
H2-ENC008837,HOSP042527,2022-12-01,Telemedicine,H2-PROV0011,DEPT014,53889,2020-06-03,2023-01-16
H2-ENC008838,HOSP012039,2025-01-16,Telemedicine,H2-PROV0009,DEPT007,33580,2025-12-27,2020-03-17
H2-ENC008839,HOSP000455,2021-07-13,Outpatient,H2-PROV0022,DEPT006,51151,2024-02-23,2022-06-11
H2-ENC008840,HOSP023911,2026-05-24,Emergency,H2-PROV0024,DEPT003,14988,2026-06-25,2022-03-12
H2-ENC008841,HOSP020542,2022-02-02,Outpatient,H2-PROV0018,DEPT014,75774,2026-10-02,2021-05-14
H2-ENC008842,HOSP038550,2025-09-27,Inpatient,H2-PROV0014,DEPT006,41299,2022-01-11,2022-06-30
H2-ENC008843,HOSP009057,2020-11-14,Outpatient,H2-PROV0021,DEPT018,80998,2024-04-05,2020-10-24
H2-ENC008844,HOSP019982,2022-04-03,Inpatient,H2-PROV0006,DEPT017,97472,2023-04-13,2024-03-22
H2-ENC008845,HOSP042847,2026-08-18,Inpatient,H2-PROV0007,DEPT017,34493,2020-08-08,2023-08-11
H2-ENC008846,HOSP000421,2025-06-29,Telemedicine,H2-PROV0023,DEPT005,40905,2023-02-02,2024-02-12
H2-ENC008847,HOSP027469,2022-11-01,Emergency,H2-PROV0005,DEPT007,40806,2021-05-22,2022-09-07
H2-ENC008848,HOSP024824,2026-03-19,Inpatient,H2-PROV0001,DEPT015,85655,2022-04-07,2022-05-30
H2-ENC008849,HOSP034526,2020-04-26,Routine Checkup,H2-PROV0005,DEPT003,35243,2023-01-02,2025-06-01
H2-ENC008850,HOSP012891,2025-03-31,Inpatient,H2-PROV0003,DEPT001,94597,2021-09-10,2020-05-22
H2-ENC008851,HOSP009797,2021-07-23,Emergency,H2-PROV0008,DEPT014,90481,2024-08-18,2025-03-07
H2-ENC008852,HOSP046640,2023-01-25,Telemedicine,H2-PROV0023,DEPT008,16578,2022-09-01,2022-06-02
H2-ENC008853,HOSP012150,2024-05-06,Routine Checkup,H2-PROV0006,DEPT006,21536,2024-04-01,2020-09-12
H2-ENC008854,HOSP027376,2022-03-12,Inpatient,H2-PROV0004,DEPT012,85479,2024-07-30,2020-10-22
H2-ENC008855,HOSP020140,2021-11-18,Routine Checkup,H2-PROV0013,DEPT018,37375,2025-03-22,2020-07-15
H2-ENC008856,HOSP005593,2022-01-23,Inpatient,H2-PROV0023,DEPT001,31441,2026-09-02,2023-08-16
H2-ENC008857,HOSP008468,2020-06-30,Outpatient,H2-PROV0008,DEPT001,12415,2023-08-05,2022-01-09
H2-ENC008858,HOSP016682,2025-07-24,Inpatient,H2-PROV0015,DEPT020,19298,2024-06-04,2021-09-21
H2-ENC008859,HOSP015980,2020-09-04,Outpatient,H2-PROV0019,DEPT007,88786,2026-07-25,2024-12-14
H2-ENC008860,HOSP046056,2024-03-13,Routine Checkup,H2-PROV0011,DEPT009,25624,2023-09-06,2022-12-30
H2-ENC008861,HOSP023286,2024-09-01,Routine Checkup,H2-PROV0017,DEPT004,69344,2026-02-26,2023-12-26
H2-ENC008862,HOSP012044,2024-07-05,Routine Checkup,H2-PROV0010,DEPT016,59966,2025-11-01,2021-05-26
H2-ENC008863,HOSP044118,2022-08-15,Outpatient,H2-PROV0012,DEPT002,43458,2023-03-04,2024-07-12
H2-ENC008864,HOSP049030,2022-01-23,Outpatient,H2-PROV0001,DEPT016,76611,2026-03-03,2021-09-25
H2-ENC008865,HOSP016492,2026-05-09,Routine Checkup,H2-PROV0024,DEPT020,58086,2024-09-21,2024-07-30
H2-ENC008866,HOSP048458,2021-02-11,Telemedicine,H2-PROV0015,DEPT010,22696,2020-09-08,2021-06-09
H2-ENC008867,HOSP031534,2025-09-22,Outpatient,H2-PROV0018,DEPT011,96257,2022-10-13,2021-05-15
H2-ENC008868,HOSP015887,2026-08-24,Emergency,H2-PROV0012,DEPT003,25624,2021-03-17,2025-03-31
H2-ENC008869,HOSP038032,2024-07-01,Emergency,H2-PROV0003,DEPT003,64423,2021-08-16,2020-09-10
H2-ENC008870,HOSP004195,2024-12-17,Inpatient,H2-PROV0003,DEPT006,72105,2021-02-16,2023-02-16
H2-ENC008871,HOSP034671,2024-10-09,Emergency,H2-PROV0020,DEPT014,28518,2024-09-23,2020-03-23
H2-ENC008872,HOSP025509,2025-12-06,Routine Checkup,H2-PROV0027,DEPT001,85655,2020-07-18,2026-05-06
H2-ENC008873,HOSP003141,2021-07-27,Emergency,H2-PROV0002,DEPT018,76686,2024-01-28,2025-02-28
H2-ENC008874,HOSP013251,2024-09-15,Routine Checkup,H2-PROV0009,DEPT001,41708,2020-05-11,2024-01-19
H2-ENC008875,HOSP010377,2021-07-12,Telemedicine,H2-PROV0021,DEPT020,76686,2020-08-06,2024-04-19
H2-ENC008876,HOSP042207,2026-07-25,Outpatient,H2-PROV0008,DEPT017,51151,2020-02-01,2023-04-27
H2-ENC008877,HOSP028270,2025-08-12,Telemedicine,H2-PROV0030,DEPT017,73034,2021-05-25,2024-05-25
H2-ENC008878,HOSP031337,2025-07-06,Inpatient,H2-PROV0019,DEPT012,26430,2025-07-24,2026-07-03
H2-ENC008879,HOSP020235,2021-07-18,Inpatient,H2-PROV0019,DEPT011,22079,2020-05-12,2026-02-15
H2-ENC008880,HOSP031061,2020-09-04,Emergency,H2-PROV0014,DEPT001,67246,2020-12-03,2025-10-18
H2-ENC008881,HOSP000592,2021-08-28,Inpatient,H2-PROV0021,DEPT004,20818,2022-07-01,2025-07-19
H2-ENC008882,HOSP008627,2020-08-25,Routine Checkup,H2-PROV0003,DEPT015,53504,2026-05-17,2022-08-23
H2-ENC008883,HOSP046775,2024-01-27,Emergency,H2-PROV0018,DEPT003,97802,2024-04-30,2023-01-20
H2-ENC008884,HOSP048941,2021-02-08,Routine Checkup,H2-PROV0006,DEPT019,78841,2025-09-25,2025-05-22
H2-ENC008885,HOSP004652,2024-05-31,Telemedicine,H2-PROV0002,DEPT018,53313,2022-04-07,2025-12-09
H2-ENC008886,HOSP025236,2024-08-29,Emergency,H2-PROV0018,DEPT010,18657,2021-04-22,2023-07-27
H2-ENC008887,HOSP040276,2025-12-27,Outpatient,H2-PROV0010,DEPT014,94100,2024-09-17,2025-07-09
H2-ENC008888,HOSP026644,2021-10-29,Inpatient,H2-PROV0026,DEPT014,39231,2022-07-24,2020-06-06
H2-ENC008889,HOSP031382,2021-07-29,Routine Checkup,H2-PROV0017,DEPT020,60975,2024-10-18,2025-08-11
H2-ENC008890,HOSP006268,2020-05-01,Inpatient,H2-PROV0026,DEPT005,59755,2022-01-08,2025-08-02
H2-ENC008891,HOSP005251,2021-01-17,Routine Checkup,H2-PROV0020,DEPT010,96452,2026-04-25,2020-06-06
H2-ENC008892,HOSP006905,2024-07-29,Routine Checkup,H2-PROV0019,DEPT001,13814,2020-06-16,2023-12-25
H2-ENC008893,HOSP000694,2023-01-07,Emergency,H2-PROV0007,DEPT009,64423,2020-11-13,2023-08-26
H2-ENC008894,HOSP004320,2026-04-16,Outpatient,H2-PROV0028,DEPT020,84958,2022-08-18,2023-05-14
H2-ENC008895,HOSP048512,2021-05-07,Outpatient,H2-PROV0018,DEPT010,74366,2020-05-21,2024-05-27
H2-ENC008896,HOSP041729,2022-05-14,Routine Checkup,H2-PROV0023,DEPT004,34956,2020-01-26,2024-07-05
H2-ENC008897,HOSP026937,2025-04-10,Inpatient,H2-PROV0009,DEPT018,99799,2024-05-08,2021-07-08
H2-ENC008898,HOSP024813,2022-05-17,Emergency,H2-PROV0005,DEPT002,38609,2024-09-02,2024-03-02
H2-ENC008899,HOSP033951,2024-04-06,Inpatient,H2-PROV0013,DEPT015,55663,2021-04-26,2024-06-18
H2-ENC008900,HOSP006957,2025-04-13,Outpatient,H2-PROV0002,DEPT008,46440,2026-01-24,2021-07-29
H2-ENC008901,HOSP002024,2022-11-11,Outpatient,H2-PROV0007,DEPT016,46677,2025-07-10,2025-09-17
H2-ENC008902,HOSP009973,2020-12-03,Emergency,H2-PROV0006,DEPT008,22275,2023-12-11,2020-04-06
H2-ENC008903,HOSP002244,2026-05-30,Inpatient,H2-PROV0021,DEPT004,20113,2021-07-13,2022-03-05
H2-ENC008904,HOSP027312,2023-09-15,Emergency,H2-PROV0002,DEPT020,27850,2026-03-24,2026-05-19
H2-ENC008905,HOSP008511,2023-04-14,Emergency,H2-PROV0007,DEPT016,90542,2024-03-27,2024-12-23
H2-ENC008906,HOSP009948,2024-05-16,Outpatient,H2-PROV0023,DEPT001,85655,2026-07-31,2026-02-20
H2-ENC008907,HOSP004755,2022-08-25,Routine Checkup,H2-PROV0003,DEPT001,69288,2024-09-21,2022-06-29
H2-ENC008908,HOSP021272,2020-04-18,Routine Checkup,H2-PROV0014,DEPT012,77833,2020-06-30,2024-10-24
H2-ENC008909,HOSP043402,2025-07-28,Telemedicine,H2-PROV0013,DEPT002,21258,2021-04-09,2021-07-26
H2-ENC008910,HOSP012151,2022-07-25,Outpatient,H2-PROV0011,DEPT001,95451,2025-06-12,2023-09-12
H2-ENC008911,HOSP012510,2022-10-30,Telemedicine,H2-PROV0015,DEPT002,21297,2025-03-11,2025-04-17
H2-ENC008912,HOSP007881,2025-09-03,Inpatient,H2-PROV0011,DEPT015,87187,2026-07-31,2023-02-19
H2-ENC008913,HOSP046238,2021-11-28,Emergency,H2-PROV0014,DEPT011,51371,2021-04-29,2023-08-03
H2-ENC008914,HOSP036761,2026-08-19,Routine Checkup,H2-PROV0029,DEPT004,76716,2022-10-20,2024-02-22
H2-ENC008915,HOSP018416,2022-11-03,Outpatient,H2-PROV0023,DEPT003,26066,2020-05-02,2022-11-05
H2-ENC008916,HOSP031015,2022-10-06,Inpatient,H2-PROV0014,DEPT005,66921,2021-05-16,2021-12-04
H2-ENC008917,HOSP007629,2025-08-19,Emergency,H2-PROV0015,DEPT011,76711,2026-07-11,2025-07-25
H2-ENC008918,HOSP044100,2022-04-26,Routine Checkup,H2-PROV0018,DEPT003,47378,2021-09-23,2021-06-20
H2-ENC008919,HOSP010771,2025-03-03,Routine Checkup,H2-PROV0023,DEPT005,92091,2021-03-15,2026-01-31
H2-ENC008920,HOSP036167,2020-02-11,Routine Checkup,H2-PROV0021,DEPT020,65340,2020-09-16,2022-02-07
H2-ENC008921,HOSP039293,2022-10-02,Emergency,H2-PROV0003,DEPT001,77311,2025-03-27,2024-10-09
H2-ENC008922,HOSP047509,2020-01-08,Emergency,H2-PROV0001,DEPT020,20354,2023-11-11,2022-06-17
H2-ENC008923,HOSP038832,2024-05-31,Telemedicine,H2-PROV0011,DEPT019,88824,2021-09-04,2023-02-28
H2-ENC008924,HOSP025233,2020-04-04,Emergency,H2-PROV0012,DEPT015,26599,2021-10-18,2024-07-18
H2-ENC008925,HOSP047617,2022-07-07,Routine Checkup,H2-PROV0007,DEPT016,47057,2020-07-09,2021-10-20
H2-ENC008926,HOSP013206,2023-01-15,Inpatient,H2-PROV0027,DEPT002,46440,2023-06-13,2023-01-24
H2-ENC008927,HOSP013005,2026-07-02,Emergency,H2-PROV0025,DEPT019,51588,2022-07-12,2024-04-16
H2-ENC008928,HOSP040175,2023-08-22,Telemedicine,H2-PROV0016,DEPT016,12607,2025-05-10,2022-04-02
H2-ENC008929,HOSP044490,2025-09-02,Emergency,H2-PROV0002,DEPT013,15796,2025-02-18,2021-02-08
H2-ENC008930,HOSP028290,2024-08-26,Telemedicine,H2-PROV0004,DEPT010,90489,2020-11-14,2021-09-13
H2-ENC008931,HOSP027114,2020-02-19,Emergency,H2-PROV0008,DEPT006,24026,2020-06-02,2023-09-16
H2-ENC008932,HOSP028924,2021-01-27,Inpatient,H2-PROV0028,DEPT010,39840,2025-02-18,2023-06-23
H2-ENC008933,HOSP032860,2026-07-28,Emergency,H2-PROV0019,DEPT013,47057,2026-06-06,2026-09-01
H2-ENC008934,HOSP018490,2020-12-22,Routine Checkup,H2-PROV0016,DEPT014,51571,2023-12-30,2023-07-28
H2-ENC008935,HOSP048372,2024-02-25,Routine Checkup,H2-PROV0021,DEPT014,34672,2024-08-27,2021-05-10
H2-ENC008936,HOSP011746,2026-05-28,Outpatient,H2-PROV0023,DEPT019,51947,2020-08-16,2026-08-13
H2-ENC008937,HOSP039408,2020-05-28,Inpatient,H2-PROV0020,DEPT015,31189,2024-08-06,2020-01-07
H2-ENC008938,HOSP003845,2023-02-14,Outpatient,H2-PROV0006,DEPT002,13489,2026-06-30,2026-07-26
H2-ENC008939,HOSP035378,2021-08-15,Outpatient,H2-PROV0005,DEPT020,60966,2023-09-08,2024-08-07
H2-ENC008940,HOSP040685,2024-10-30,Outpatient,H2-PROV0016,DEPT014,62815,2022-05-27,2024-09-26
H2-ENC008941,HOSP012798,2023-07-26,Outpatient,H2-PROV0008,DEPT002,97472,2022-05-15,2024-07-05
H2-ENC008942,HOSP015701,2021-07-01,Outpatient,H2-PROV0011,DEPT009,15136,2024-01-25,2024-04-06
H2-ENC008943,HOSP002112,2025-09-08,Routine Checkup,H2-PROV0027,DEPT009,63485,2025-04-10,2023-02-09
H2-ENC008944,HOSP025710,2024-10-22,Outpatient,H2-PROV0024,DEPT019,62328,2022-08-26,2022-02-24
H2-ENC008945,HOSP031350,2022-04-20,Telemedicine,H2-PROV0022,DEPT015,76332,2024-06-27,2021-04-26
H2-ENC008946,HOSP016234,2024-07-29,Routine Checkup,H2-PROV0013,DEPT013,15696,2025-07-11,2021-02-11
H2-ENC008947,HOSP044116,2023-09-01,Outpatient,H2-PROV0012,DEPT011,37425,2020-03-02,2022-11-19
H2-ENC008948,HOSP047644,2023-03-21,Emergency,H2-PROV0021,DEPT014,12472,2023-05-30,2024-10-29
H2-ENC008949,HOSP045256,2022-06-02,Emergency,H2-PROV0022,DEPT011,70531,2020-11-14,2021-08-02
H2-ENC008950,HOSP003785,2022-08-10,Outpatient,H2-PROV0004,DEPT017,60075,2026-03-26,2021-06-14
H2-ENC008951,HOSP044213,2023-01-11,Telemedicine,H2-PROV0010,DEPT007,43337,2024-03-08,2025-11-06
H2-ENC008952,HOSP001129,2025-02-18,Outpatient,H2-PROV0012,DEPT003,60817,2022-03-25,2021-05-16
H2-ENC008953,HOSP013659,2024-03-10,Emergency,H2-PROV0003,DEPT013,61123,2022-09-20,2023-03-13
H2-ENC008954,HOSP045908,2024-02-01,Routine Checkup,H2-PROV0023,DEPT018,86571,2025-10-10,2022-04-03
H2-ENC008955,HOSP010699,2022-05-15,Telemedicine,H2-PROV0017,DEPT018,87187,2024-05-16,2021-05-07
H2-ENC008956,HOSP027344,2023-08-15,Outpatient,H2-PROV0008,DEPT006,96903,2023-02-09,2024-02-21
H2-ENC008957,HOSP003066,2021-10-31,Outpatient,H2-PROV0023,DEPT014,23513,2023-01-25,2022-01-10
H2-ENC008958,HOSP037433,2020-05-27,Telemedicine,H2-PROV0007,DEPT004,12472,2021-02-20,2026-03-17
H2-ENC008959,HOSP024365,2023-12-30,Telemedicine,H2-PROV0003,DEPT013,35978,2021-03-21,2020-08-15
H2-ENC008960,HOSP030001,2021-10-27,Inpatient,H2-PROV0021,DEPT019,27204,2026-06-12,2020-08-10
H2-ENC008961,HOSP017594,2024-05-08,Telemedicine,H2-PROV0030,DEPT017,18752,2026-04-04,2023-10-02
H2-ENC008962,HOSP048322,2023-01-13,Emergency,H2-PROV0025,DEPT013,41456,2026-08-10,2023-04-18
H2-ENC008963,HOSP002481,2025-10-16,Emergency,H2-PROV0019,DEPT003,16270,2020-06-25,2021-12-27
H2-ENC008964,HOSP026683,2023-02-16,Routine Checkup,H2-PROV0005,DEPT006,63177,2024-05-14,2025-06-01
H2-ENC008965,HOSP035345,2021-04-19,Outpatient,H2-PROV0020,DEPT007,26754,2022-06-29,2026-02-18
H2-ENC008966,HOSP011252,2021-10-01,Telemedicine,H2-PROV0016,DEPT016,63043,2020-01-20,2020-04-11
H2-ENC008967,HOSP023324,2023-07-05,Emergency,H2-PROV0010,DEPT018,52175,2025-09-19,2020-01-21
H2-ENC008968,HOSP028583,2024-06-15,Outpatient,H2-PROV0003,DEPT017,63714,2025-12-22,2023-02-16
H2-ENC008969,HOSP021109,2020-12-10,Routine Checkup,H2-PROV0016,DEPT003,51278,2026-07-03,2025-04-21
H2-ENC008970,HOSP019055,2021-09-09,Telemedicine,H2-PROV0022,DEPT011,51588,2026-02-14,2026-05-30
H2-ENC008971,HOSP035297,2021-04-23,Routine Checkup,H2-PROV0017,DEPT007,16973,2023-08-25,2022-05-29
H2-ENC008972,HOSP035739,2020-07-06,Inpatient,H2-PROV0030,DEPT005,16270,2022-07-07,2022-03-02
H2-ENC008973,HOSP032209,2024-09-24,Telemedicine,H2-PROV0011,DEPT001,11052,2021-12-17,2020-01-21
H2-ENC008974,HOSP029641,2020-10-19,Emergency,H2-PROV0022,DEPT009,25824,2025-07-03,2026-02-27
H2-ENC008975,HOSP040717,2025-05-05,Emergency,H2-PROV0001,DEPT006,84958,2025-12-14,2024-01-26
H2-ENC008976,HOSP006101,2021-07-01,Telemedicine,H2-PROV0012,DEPT004,46554,2023-01-03,2026-08-17
H2-ENC008977,HOSP027304,2023-04-18,Telemedicine,H2-PROV0017,DEPT020,72220,2025-08-06,2025-01-12
H2-ENC008978,HOSP002448,2024-07-13,Inpatient,H2-PROV0025,DEPT013,11029,2025-03-24,2024-12-02
H2-ENC008979,HOSP044461,2022-08-12,Telemedicine,H2-PROV0024,DEPT020,78999,2025-08-20,2020-11-26
H2-ENC008980,HOSP042309,2021-12-17,Routine Checkup,H2-PROV0019,DEPT016,35094,2026-06-28,2024-01-18
H2-ENC008981,HOSP002270,2022-04-12,Inpatient,H2-PROV0018,DEPT015,80451,2024-04-27,2022-05-08
H2-ENC008982,HOSP021685,2025-06-25,Telemedicine,H2-PROV0021,DEPT007,67423,2024-09-20,2021-03-31
H2-ENC008983,HOSP035908,2025-07-01,Inpatient,H2-PROV0021,DEPT006,93650,2020-04-29,2026-03-16
H2-ENC008984,HOSP003683,2023-06-06,Routine Checkup,H2-PROV0013,DEPT019,65668,2024-01-20,2023-04-13
H2-ENC008985,HOSP035093,2022-11-09,Routine Checkup,H2-PROV0001,DEPT010,17225,2024-07-28,2020-12-27
H2-ENC008986,HOSP022165,2025-01-18,Outpatient,H2-PROV0015,DEPT016,61147,2023-06-14,2026-08-13
H2-ENC008987,HOSP025827,2024-08-19,Emergency,H2-PROV0024,DEPT002,38013,2020-12-11,2020-11-02
H2-ENC008988,HOSP006968,2021-11-30,Telemedicine,H2-PROV0007,DEPT014,95732,2025-08-14,2021-05-05
H2-ENC008989,HOSP014232,2025-04-28,Inpatient,H2-PROV0020,DEPT002,67246,2023-06-24,2021-04-07
H2-ENC008990,HOSP018648,2025-06-08,Emergency,H2-PROV0013,DEPT016,69934,2024-10-14,2025-09-27
H2-ENC008991,HOSP025436,2024-04-10,Inpatient,H2-PROV0019,DEPT009,86172,2020-06-04,2026-06-27
H2-ENC008992,HOSP008183,2020-06-27,Inpatient,H2-PROV0001,DEPT005,71325,2025-02-07,2021-05-06
H2-ENC008993,HOSP013426,2022-03-31,Telemedicine,H2-PROV0012,DEPT010,19403,2024-02-24,2025-06-13
H2-ENC008994,HOSP015382,2022-06-23,Emergency,H2-PROV0028,DEPT009,94566,2020-06-29,2025-10-07
H2-ENC008995,HOSP004744,2024-05-06,Outpatient,H2-PROV0025,DEPT003,57047,2021-11-12,2025-11-12
H2-ENC008996,HOSP037836,2025-08-18,Inpatient,H2-PROV0022,DEPT003,31081,2024-01-27,2021-03-21
H2-ENC008997,HOSP009049,2021-03-05,Inpatient,H2-PROV0028,DEPT018,76711,2020-10-04,2022-12-20
H2-ENC008998,HOSP011282,2024-07-20,Inpatient,H2-PROV0007,DEPT012,66462,2023-12-31,2020-03-08
H2-ENC008999,HOSP002235,2021-12-31,Telemedicine,H2-PROV0009,DEPT008,72710,2022-09-14,2022-01-20
H2-ENC009000,HOSP012882,2026-05-25,Outpatient,H2-PROV0001,DEPT013,22696,2022-06-13,2022-12-03
H2-ENC009001,HOSP005871,2024-10-10,Routine Checkup,H2-PROV0021,DEPT004,73476,2020-02-10,2023-10-04
H2-ENC009002,HOSP024517,2023-05-29,Emergency,H2-PROV0030,DEPT012,40475,2023-06-15,2020-10-10
H2-ENC009003,HOSP005881,2020-09-19,Inpatient,H2-PROV0007,DEPT019,34551,2023-08-26,2025-02-01
H2-ENC009004,HOSP005964,2021-05-04,Telemedicine,H2-PROV0030,DEPT009,33654,2023-04-23,2020-04-17
H2-ENC009005,HOSP033918,2020-09-28,Telemedicine,H2-PROV0028,DEPT014,72404,2020-12-07,2025-06-19
H2-ENC009006,HOSP019889,2026-08-15,Telemedicine,H2-PROV0029,DEPT019,21826,2021-10-26,2023-08-28
H2-ENC009007,HOSP036351,2026-08-10,Telemedicine,H2-PROV0001,DEPT007,99174,2025-02-21,2020-09-29
H2-ENC009008,HOSP044698,2024-01-04,Telemedicine,H2-PROV0022,DEPT018,61631,2026-05-10,2025-08-20
H2-ENC009009,HOSP031197,2021-01-27,Inpatient,H2-PROV0012,DEPT018,78904,2023-06-11,2023-12-06
H2-ENC009010,HOSP012545,2022-07-30,Inpatient,H2-PROV0025,DEPT009,46814,2026-09-02,2021-06-30
H2-ENC009011,HOSP012849,2020-02-19,Inpatient,H2-PROV0004,DEPT013,70531,2020-11-05,2025-02-01
H2-ENC009012,HOSP040534,2021-11-11,Routine Checkup,H2-PROV0010,DEPT002,44321,2022-10-26,2026-08-17
H2-ENC009013,HOSP048238,2022-03-07,Telemedicine,H2-PROV0025,DEPT013,92133,2023-04-16,2025-08-22
H2-ENC009014,HOSP019522,2026-07-01,Inpatient,H2-PROV0017,DEPT015,89360,2023-09-02,2025-10-13
H2-ENC009015,HOSP020524,2023-02-17,Inpatient,H2-PROV0029,DEPT010,33369,2022-11-14,2023-06-16
H2-ENC009016,HOSP000659,2025-10-11,Routine Checkup,H2-PROV0010,DEPT001,97181,2022-02-02,2021-01-03
H2-ENC009017,HOSP044910,2020-04-23,Emergency,H2-PROV0027,DEPT002,34551,2021-09-12,2022-03-24
H2-ENC009018,HOSP005403,2021-10-25,Outpatient,H2-PROV0004,DEPT009,25661,2021-10-13,2026-02-05
H2-ENC009019,HOSP034934,2020-06-13,Outpatient,H2-PROV0014,DEPT005,75175,2026-06-29,2025-07-15
H2-ENC009020,HOSP049491,2020-11-10,Outpatient,H2-PROV0019,DEPT013,95960,2022-01-13,2024-04-21
H2-ENC009021,HOSP032968,2025-04-02,Inpatient,H2-PROV0006,DEPT016,57102,2025-12-28,2024-02-15
H2-ENC009022,HOSP016711,2025-12-26,Telemedicine,H2-PROV0014,DEPT020,65795,2024-12-12,2020-10-22
H2-ENC009023,HOSP035392,2023-10-09,Routine Checkup,H2-PROV0005,DEPT005,45144,2022-02-27,2023-04-02
H2-ENC009024,HOSP034926,2025-10-08,Telemedicine,H2-PROV0008,DEPT014,75884,2021-05-17,2021-08-14
H2-ENC009025,HOSP015277,2024-06-05,Routine Checkup,H2-PROV0030,DEPT020,15696,2026-01-30,2026-06-06
H2-ENC009026,HOSP005592,2023-07-24,Routine Checkup,H2-PROV0015,DEPT009,86041,2023-09-09,2022-02-16
H2-ENC009027,HOSP000381,2026-08-24,Emergency,H2-PROV0028,DEPT012,66309,2024-01-23,2024-07-04
H2-ENC009028,HOSP025142,2026-08-08,Outpatient,H2-PROV0024,DEPT004,57363,2025-12-24,2023-08-08
H2-ENC009029,HOSP002911,2023-12-08,Emergency,H2-PROV0020,DEPT016,49171,2025-10-24,2021-10-14
H2-ENC009030,HOSP010276,2025-05-28,Routine Checkup,H2-PROV0018,DEPT007,28166,2022-11-20,2025-05-13
H2-ENC009031,HOSP002385,2025-05-25,Routine Checkup,H2-PROV0025,DEPT017,58375,2020-09-23,2022-12-28
H2-ENC009032,HOSP038459,2023-04-18,Outpatient,H2-PROV0019,DEPT017,13974,2022-09-19,2022-10-31
H2-ENC009033,HOSP007808,2020-07-15,Inpatient,H2-PROV0001,DEPT001,99921,2023-11-13,2020-02-24
H2-ENC009034,HOSP002619,2025-10-08,Routine Checkup,H2-PROV0028,DEPT006,86571,2021-10-30,2025-10-31
H2-ENC009035,HOSP047763,2022-05-17,Routine Checkup,H2-PROV0028,DEPT019,78904,2022-06-05,2026-07-05
H2-ENC009036,HOSP043311,2020-08-20,Routine Checkup,H2-PROV0007,DEPT003,98614,2023-02-11,2022-03-29
H2-ENC009037,HOSP011472,2022-01-03,Inpatient,H2-PROV0002,DEPT003,90316,2026-04-23,2023-12-09
H2-ENC009038,HOSP014656,2024-04-21,Outpatient,H2-PROV0010,DEPT006,49103,2024-02-24,2020-03-24
H2-ENC009039,HOSP008724,2022-05-28,Emergency,H2-PROV0024,DEPT009,90481,2020-01-02,2021-08-17
H2-ENC009040,HOSP049713,2021-01-06,Outpatient,H2-PROV0005,DEPT006,62807,2020-08-07,2022-06-20
H2-ENC009041,HOSP044554,2024-08-23,Routine Checkup,H2-PROV0012,DEPT014,17639,2026-02-01,2022-05-01
H2-ENC009042,HOSP041114,2024-03-12,Outpatient,H2-PROV0002,DEPT016,31282,2024-12-30,2020-11-08
H2-ENC009043,HOSP022449,2026-03-28,Emergency,H2-PROV0021,DEPT017,59644,2021-04-25,2020-02-12
H2-ENC009044,HOSP015751,2023-08-04,Emergency,H2-PROV0005,DEPT005,54599,2025-05-26,2020-05-10
H2-ENC009045,HOSP042671,2021-06-09,Emergency,H2-PROV0024,DEPT013,10540,2024-02-07,2022-08-29
H2-ENC009046,HOSP004625,2020-10-31,Telemedicine,H2-PROV0025,DEPT016,64366,2025-08-28,2023-11-24
H2-ENC009047,HOSP044186,2022-01-21,Telemedicine,H2-PROV0012,DEPT016,20818,2022-02-17,2022-09-14
H2-ENC009048,HOSP037948,2021-06-21,Outpatient,H2-PROV0001,DEPT003,17139,2020-06-22,2021-09-03
H2-ENC009049,HOSP021833,2020-03-03,Emergency,H2-PROV0019,DEPT012,81742,2024-04-12,2023-01-15
H2-ENC009050,HOSP008852,2024-09-07,Inpatient,H2-PROV0003,DEPT018,40475,2020-09-27,2023-06-17
H2-ENC009051,HOSP049904,2020-10-19,Inpatient,H2-PROV0009,DEPT008,99921,2026-06-15,2021-02-15
H2-ENC009052,HOSP042871,2024-03-08,Inpatient,H2-PROV0010,DEPT014,28569,2022-02-01,2026-07-20
H2-ENC009053,HOSP005814,2023-03-26,Telemedicine,H2-PROV0017,DEPT017,59755,2026-09-15,2022-12-19
H2-ENC009054,HOSP025981,2026-05-02,Telemedicine,H2-PROV0015,DEPT009,60751,2020-01-23,2022-02-06
H2-ENC009055,HOSP030426,2023-09-15,Emergency,H2-PROV0020,DEPT017,76537,2026-05-31,2025-07-13
H2-ENC009056,HOSP041683,2021-08-24,Telemedicine,H2-PROV0027,DEPT008,78999,2021-08-30,2020-06-14
H2-ENC009057,HOSP011615,2021-07-02,Inpatient,H2-PROV0028,DEPT009,19298,2026-03-16,2025-11-27
H2-ENC009058,HOSP030641,2023-01-26,Outpatient,H2-PROV0002,DEPT015,73852,2026-09-12,2021-10-11
H2-ENC009059,HOSP005104,2025-10-13,Telemedicine,H2-PROV0022,DEPT008,44321,2024-10-14,2020-05-12
H2-ENC009060,HOSP008078,2020-04-11,Routine Checkup,H2-PROV0017,DEPT013,66840,2020-08-11,2025-11-11
H2-ENC009061,HOSP021007,2023-07-24,Routine Checkup,H2-PROV0017,DEPT008,75182,2025-01-22,2025-05-08
H2-ENC009062,HOSP030333,2021-07-19,Telemedicine,H2-PROV0009,DEPT004,60751,2023-07-12,2023-03-16
H2-ENC009063,HOSP031798,2020-07-13,Emergency,H2-PROV0018,DEPT003,75984,2023-04-24,2022-08-05
H2-ENC009064,HOSP038077,2021-12-06,Routine Checkup,H2-PROV0016,DEPT005,72979,2024-07-24,2020-01-19
H2-ENC009065,HOSP011471,2025-04-07,Emergency,H2-PROV0022,DEPT005,58375,2021-01-04,2022-06-10
H2-ENC009066,HOSP013825,2023-10-11,Inpatient,H2-PROV0025,DEPT012,15620,2021-06-03,2026-07-18
H2-ENC009067,HOSP009905,2023-06-27,Inpatient,H2-PROV0003,DEPT019,20258,2023-08-01,2025-07-24
H2-ENC009068,HOSP025463,2023-03-19,Outpatient,H2-PROV0017,DEPT014,18148,2023-04-03,2022-12-20
H2-ENC009069,HOSP040829,2021-10-22,Routine Checkup,H2-PROV0012,DEPT018,13489,2020-01-01,2024-10-15
H2-ENC009070,HOSP038264,2021-02-05,Routine Checkup,H2-PROV0011,DEPT009,52559,2023-01-06,2023-08-10
H2-ENC009071,HOSP014970,2022-05-09,Inpatient,H2-PROV0018,DEPT007,60071,2025-03-21,2026-04-02
H2-ENC009072,HOSP047275,2025-05-03,Outpatient,H2-PROV0030,DEPT012,90885,2025-09-12,2025-12-20
H2-ENC009073,HOSP006254,2024-09-11,Emergency,H2-PROV0022,DEPT005,76711,2025-08-04,2025-10-27
H2-ENC009074,HOSP046898,2021-01-03,Telemedicine,H2-PROV0004,DEPT014,25274,2020-07-28,2020-10-24
H2-ENC009075,HOSP021467,2024-04-11,Routine Checkup,H2-PROV0018,DEPT010,61123,2022-03-14,2024-03-27
H2-ENC009076,HOSP000451,2022-10-30,Routine Checkup,H2-PROV0016,DEPT006,16060,2022-02-13,2026-03-06
H2-ENC009077,HOSP010844,2022-08-23,Routine Checkup,H2-PROV0004,DEPT013,22795,2023-04-24,2022-05-23
H2-ENC009078,HOSP044062,2025-08-29,Outpatient,H2-PROV0016,DEPT019,64532,2024-05-25,2021-12-12
H2-ENC009079,HOSP023802,2020-07-22,Telemedicine,H2-PROV0014,DEPT020,21656,2020-04-26,2020-11-20
H2-ENC009080,HOSP010377,2022-04-12,Inpatient,H2-PROV0016,DEPT004,68044,2022-09-23,2022-05-21
H2-ENC009081,HOSP032512,2025-07-01,Emergency,H2-PROV0025,DEPT016,21172,2024-03-04,2021-04-27
H2-ENC009082,HOSP016976,2020-09-19,Inpatient,H2-PROV0010,DEPT019,15254,2024-06-05,2021-05-13
H2-ENC009083,HOSP000622,2025-05-19,Routine Checkup,H2-PROV0022,DEPT013,84212,2023-09-12,2025-10-26
H2-ENC009084,HOSP033368,2023-11-20,Outpatient,H2-PROV0015,DEPT010,12259,2022-12-25,2022-04-19
H2-ENC009085,HOSP033098,2022-10-21,Emergency,H2-PROV0006,DEPT001,31649,2025-11-25,2026-03-24
H2-ENC009086,HOSP012588,2025-06-15,Telemedicine,H2-PROV0021,DEPT020,73742,2026-01-20,2026-04-15
H2-ENC009087,HOSP048489,2023-12-18,Routine Checkup,H2-PROV0030,DEPT013,18752,2020-06-10,2020-10-18
H2-ENC009088,HOSP003120,2025-05-19,Inpatient,H2-PROV0030,DEPT013,70531,2024-08-08,2025-05-11
H2-ENC009089,HOSP024166,2020-11-19,Routine Checkup,H2-PROV0012,DEPT020,76248,2020-11-30,2024-08-12
H2-ENC009090,HOSP028537,2022-11-19,Inpatient,H2-PROV0028,DEPT006,77590,2021-10-27,2022-03-01
H2-ENC009091,HOSP009638,2024-09-17,Outpatient,H2-PROV0001,DEPT008,52175,2020-12-24,2026-05-10
H2-ENC009092,HOSP016936,2020-11-29,Inpatient,H2-PROV0028,DEPT006,49397,2023-01-13,2021-06-03
H2-ENC009093,HOSP012928,2020-07-07,Emergency,H2-PROV0007,DEPT007,83819,2023-03-26,2022-03-14
H2-ENC009094,HOSP043687,2020-01-01,Emergency,H2-PROV0015,DEPT003,94775,2024-07-23,2020-06-22
H2-ENC009095,HOSP023300,2020-05-07,Inpatient,H2-PROV0002,DEPT012,11908,2020-09-07,2023-12-16
H2-ENC009096,HOSP004818,2021-02-17,Outpatient,H2-PROV0019,DEPT020,88972,2024-02-13,2025-12-17
H2-ENC009097,HOSP049076,2026-03-16,Outpatient,H2-PROV0024,DEPT002,78411,2025-11-27,2024-12-01
H2-ENC009098,HOSP018176,2020-01-23,Inpatient,H2-PROV0006,DEPT017,55214,2025-10-02,2023-09-11
H2-ENC009099,HOSP007195,2024-07-21,Outpatient,H2-PROV0002,DEPT017,55369,2024-07-19,2023-08-17
H2-ENC009100,HOSP012738,2024-08-21,Emergency,H2-PROV0019,DEPT015,32900,2026-09-23,2024-09-13
H2-ENC009101,HOSP024094,2022-05-19,Routine Checkup,H2-PROV0010,DEPT011,12930,2021-01-16,2023-01-03
H2-ENC009102,HOSP046109,2022-08-11,Telemedicine,H2-PROV0013,DEPT013,71812,2020-02-03,2023-08-19
H2-ENC009103,HOSP019270,2021-06-06,Inpatient,H2-PROV0025,DEPT016,15620,2025-04-11,2024-10-05
H2-ENC009104,HOSP026508,2024-02-08,Telemedicine,H2-PROV0022,DEPT018,97120,2022-09-27,2020-09-13
H2-ENC009105,HOSP048714,2022-08-09,Routine Checkup,H2-PROV0019,DEPT001,94426,2025-03-04,2020-06-14
H2-ENC009106,HOSP036534,2024-11-03,Routine Checkup,H2-PROV0024,DEPT008,92521,2022-09-25,2020-02-17
H2-ENC009107,HOSP020698,2020-02-17,Telemedicine,H2-PROV0028,DEPT008,56966,2026-04-06,2023-07-04
H2-ENC009108,HOSP016528,2023-12-31,Telemedicine,H2-PROV0008,DEPT012,14177,2021-08-22,2021-06-19
H2-ENC009109,HOSP015659,2026-09-09,Telemedicine,H2-PROV0024,DEPT014,63966,2026-06-27,2025-06-28
H2-ENC009110,HOSP021874,2025-07-30,Outpatient,H2-PROV0013,DEPT002,27647,2021-07-10,2025-07-30
H2-ENC009111,HOSP005656,2023-02-09,Outpatient,H2-PROV0008,DEPT019,13974,2024-10-18,2023-11-21
H2-ENC009112,HOSP013145,2025-12-18,Routine Checkup,H2-PROV0012,DEPT011,36115,2020-04-22,2021-10-11
H2-ENC009113,HOSP000089,2020-09-05,Inpatient,H2-PROV0022,DEPT016,33961,2024-06-13,2021-12-14
H2-ENC009114,HOSP045802,2024-12-30,Outpatient,H2-PROV0022,DEPT020,35799,2026-02-15,2020-10-26
H2-ENC009115,HOSP046271,2021-03-29,Routine Checkup,H2-PROV0005,DEPT017,92506,2025-10-11,2020-04-09
H2-ENC009116,HOSP021215,2022-06-17,Routine Checkup,H2-PROV0019,DEPT020,47288,2022-07-30,2020-08-19
H2-ENC009117,HOSP033234,2022-01-07,Emergency,H2-PROV0002,DEPT013,84413,2025-01-01,2024-07-02
H2-ENC009118,HOSP049378,2025-06-03,Telemedicine,H2-PROV0009,DEPT017,34439,2020-01-03,2023-03-24
H2-ENC009119,HOSP013051,2025-10-17,Telemedicine,H2-PROV0025,DEPT002,58086,2024-02-21,2022-04-05
H2-ENC009120,HOSP048782,2020-08-17,Routine Checkup,H2-PROV0003,DEPT017,51278,2026-10-02,2025-02-24
H2-ENC009121,HOSP007450,2023-03-15,Routine Checkup,H2-PROV0004,DEPT017,27107,2026-06-04,2022-06-05
H2-ENC009122,HOSP009152,2026-03-10,Telemedicine,H2-PROV0003,DEPT006,42192,2026-02-09,2021-04-18
H2-ENC009123,HOSP042190,2022-05-22,Routine Checkup,H2-PROV0015,DEPT008,15620,2025-12-20,2023-03-23
H2-ENC009124,HOSP032404,2021-05-24,Telemedicine,H2-PROV0012,DEPT017,24848,2020-06-06,2020-09-26
H2-ENC009125,HOSP015312,2024-09-18,Inpatient,H2-PROV0030,DEPT020,71595,2020-11-21,2025-09-21
H2-ENC009126,HOSP049140,2021-09-21,Outpatient,H2-PROV0023,DEPT005,39840,2022-02-01,2021-11-24
H2-ENC009127,HOSP003441,2023-01-08,Inpatient,H2-PROV0013,DEPT004,97033,2020-01-22,2021-01-21
H2-ENC009128,HOSP038452,2022-02-10,Outpatient,H2-PROV0005,DEPT016,49171,2022-01-29,2024-12-01
H2-ENC009129,HOSP045584,2023-09-22,Emergency,H2-PROV0007,DEPT005,32087,2024-05-13,2020-12-28
H2-ENC009130,HOSP048153,2024-06-26,Emergency,H2-PROV0030,DEPT005,70928,2020-06-04,2022-06-21
H2-ENC009131,HOSP013763,2026-07-26,Outpatient,H2-PROV0015,DEPT017,94872,2024-05-21,2021-04-22
H2-ENC009132,HOSP014746,2021-07-29,Routine Checkup,H2-PROV0018,DEPT006,53896,2024-05-09,2023-02-21
H2-ENC009133,HOSP035843,2025-04-23,Emergency,H2-PROV0030,DEPT004,70561,2020-07-11,2020-12-20
H2-ENC009134,HOSP033427,2026-08-13,Inpatient,H2-PROV0017,DEPT017,82323,2020-04-05,2020-05-08
H2-ENC009135,HOSP037708,2025-09-16,Outpatient,H2-PROV0023,DEPT014,49874,2022-06-24,2026-03-14
H2-ENC009136,HOSP018144,2021-02-18,Emergency,H2-PROV0007,DEPT008,63116,2020-08-05,2021-10-25
H2-ENC009137,HOSP038420,2021-12-02,Emergency,H2-PROV0025,DEPT009,77671,2022-07-22,2023-03-23
H2-ENC009138,HOSP010811,2025-09-12,Emergency,H2-PROV0023,DEPT011,53879,2021-12-07,2025-09-03
H2-ENC009139,HOSP005642,2023-08-10,Telemedicine,H2-PROV0002,DEPT006,33469,2026-06-02,2021-09-01
H2-ENC009140,HOSP031514,2023-07-31,Outpatient,H2-PROV0030,DEPT016,51097,2021-06-04,2023-04-08
H2-ENC009141,HOSP030376,2021-11-06,Outpatient,H2-PROV0005,DEPT010,20354,2021-11-15,2020-10-24
H2-ENC009142,HOSP001401,2026-03-01,Emergency,H2-PROV0002,DEPT015,37005,2026-02-01,2022-10-27
H2-ENC009143,HOSP018094,2025-01-10,Routine Checkup,H2-PROV0006,DEPT012,93558,2025-04-26,2023-10-18
H2-ENC009144,HOSP041950,2022-07-23,Routine Checkup,H2-PROV0001,DEPT017,76259,2020-01-31,2022-07-09
H2-ENC009145,HOSP032160,2021-06-12,Routine Checkup,H2-PROV0011,DEPT012,49391,2025-03-09,2020-04-17
H2-ENC009146,HOSP040216,2022-08-13,Outpatient,H2-PROV0023,DEPT005,48603,2023-02-19,2021-09-01
H2-ENC009147,HOSP040195,2026-04-01,Outpatient,H2-PROV0015,DEPT019,69052,2023-11-06,2026-08-29
H2-ENC009148,HOSP032286,2020-03-12,Emergency,H2-PROV0028,DEPT006,37641,2023-09-08,2021-10-25
H2-ENC009149,HOSP046580,2021-03-26,Routine Checkup,H2-PROV0027,DEPT002,12415,2022-04-13,2021-03-03
H2-ENC009150,HOSP023887,2020-07-11,Emergency,H2-PROV0008,DEPT011,47609,2022-08-10,2025-02-26
H2-ENC009151,HOSP007522,2023-11-08,Inpatient,H2-PROV0024,DEPT008,96257,2022-09-11,2025-03-20
H2-ENC009152,HOSP048281,2021-04-18,Outpatient,H2-PROV0001,DEPT005,82995,2025-05-30,2021-01-13
H2-ENC009153,HOSP028278,2020-05-24,Inpatient,H2-PROV0021,DEPT005,25546,2026-07-29,2023-12-26
H2-ENC009154,HOSP028199,2022-04-21,Outpatient,H2-PROV0001,DEPT017,85865,2022-12-09,2020-06-08
H2-ENC009155,HOSP027982,2021-03-24,Outpatient,H2-PROV0006,DEPT016,40597,2024-09-29,2020-09-21
H2-ENC009156,HOSP002849,2020-09-13,Inpatient,H2-PROV0013,DEPT011,43337,2022-01-01,2020-10-27
H2-ENC009157,HOSP005651,2025-05-18,Telemedicine,H2-PROV0007,DEPT018,27204,2023-05-09,2021-07-13
H2-ENC009158,HOSP025570,2025-03-27,Routine Checkup,H2-PROV0022,DEPT010,95732,2024-06-22,2022-04-15
H2-ENC009159,HOSP004513,2026-07-22,Emergency,H2-PROV0006,DEPT016,55871,2020-12-03,2020-10-24
H2-ENC009160,HOSP027004,2024-11-26,Routine Checkup,H2-PROV0011,DEPT016,61429,2022-01-08,2025-04-14
H2-ENC009161,HOSP032414,2021-10-23,Telemedicine,H2-PROV0012,DEPT010,97014,2024-11-08,2024-10-12
H2-ENC009162,HOSP020671,2025-05-03,Emergency,H2-PROV0005,DEPT005,68428,2021-02-06,2025-12-20
H2-ENC009163,HOSP012832,2026-03-05,Telemedicine,H2-PROV0002,DEPT003,36115,2024-04-28,2024-07-29
H2-ENC009164,HOSP001512,2026-09-14,Outpatient,H2-PROV0011,DEPT007,12718,2022-08-02,2023-01-14
H2-ENC009165,HOSP035653,2022-06-30,Emergency,H2-PROV0005,DEPT003,93175,2025-09-03,2022-04-01
H2-ENC009166,HOSP023472,2024-04-14,Outpatient,H2-PROV0014,DEPT012,96789,2023-03-13,2025-06-06
H2-ENC009167,HOSP032864,2020-02-04,Inpatient,H2-PROV0016,DEPT013,78841,2020-07-08,2026-09-25
H2-ENC009168,HOSP020981,2023-09-04,Outpatient,H2-PROV0019,DEPT012,97224,2023-03-21,2022-01-07
H2-ENC009169,HOSP037723,2025-01-15,Inpatient,H2-PROV0013,DEPT010,90771,2022-02-18,2024-12-11
H2-ENC009170,HOSP004643,2024-07-10,Outpatient,H2-PROV0020,DEPT008,47378,2026-03-17,2021-07-29
H2-ENC009171,HOSP034059,2024-11-14,Inpatient,H2-PROV0024,DEPT012,94566,2022-04-26,2024-03-05
H2-ENC009172,HOSP023988,2021-06-25,Emergency,H2-PROV0005,DEPT020,21258,2023-05-12,2021-05-20
H2-ENC009173,HOSP032349,2023-06-09,Telemedicine,H2-PROV0006,DEPT005,60263,2024-07-18,2024-09-15
H2-ENC009174,HOSP042772,2023-01-04,Outpatient,H2-PROV0014,DEPT002,60966,2022-05-16,2024-03-09
H2-ENC009175,HOSP013848,2023-05-23,Inpatient,H2-PROV0024,DEPT017,26430,2026-03-17,2022-02-14
H2-ENC009176,HOSP035426,2020-05-02,Emergency,H2-PROV0029,DEPT012,55805,2023-08-02,2024-05-30
H2-ENC009177,HOSP044297,2022-05-23,Inpatient,H2-PROV0011,DEPT016,41594,2021-07-29,2022-10-30
H2-ENC009178,HOSP027881,2020-02-05,Routine Checkup,H2-PROV0003,DEPT011,24383,2020-12-24,2024-03-05
H2-ENC009179,HOSP025080,2026-03-27,Outpatient,H2-PROV0014,DEPT003,29466,2020-06-06,2023-08-12
H2-ENC009180,HOSP037127,2025-11-09,Routine Checkup,H2-PROV0004,DEPT014,64840,2023-07-17,2025-03-10
H2-ENC009181,HOSP018009,2023-03-23,Telemedicine,H2-PROV0017,DEPT008,64287,2023-09-26,2020-01-27
H2-ENC009182,HOSP047024,2022-08-15,Outpatient,H2-PROV0008,DEPT010,61631,2026-03-04,2025-06-22
H2-ENC009183,HOSP030513,2026-03-24,Emergency,H2-PROV0012,DEPT010,82995,2021-05-01,2026-02-25
H2-ENC009184,HOSP043733,2020-03-14,Inpatient,H2-PROV0008,DEPT007,22912,2025-01-09,2020-03-04
H2-ENC009185,HOSP019335,2021-08-25,Telemedicine,H2-PROV0026,DEPT015,44424,2025-02-20,2021-03-07
H2-ENC009186,HOSP000016,2023-01-13,Telemedicine,H2-PROV0017,DEPT003,15438,2025-06-06,2024-07-09
H2-ENC009187,HOSP019363,2023-10-30,Telemedicine,H2-PROV0004,DEPT013,98313,2020-09-01,2024-11-07
H2-ENC009188,HOSP047873,2024-06-20,Emergency,H2-PROV0014,DEPT003,93650,2020-09-29,2022-05-19
H2-ENC009189,HOSP032887,2021-05-25,Outpatient,H2-PROV0023,DEPT007,23815,2022-11-15,2020-02-15
H2-ENC009190,HOSP026134,2022-08-06,Telemedicine,H2-PROV0010,DEPT011,93079,2022-07-06,2024-10-21
H2-ENC009191,HOSP023701,2026-10-01,Telemedicine,H2-PROV0026,DEPT020,91985,2023-06-26,2021-07-16
H2-ENC009192,HOSP022625,2025-11-01,Emergency,H2-PROV0025,DEPT007,81402,2023-05-05,2020-07-28
H2-ENC009193,HOSP048965,2022-02-04,Inpatient,H2-PROV0027,DEPT008,39231,2021-02-03,2023-10-28
H2-ENC009194,HOSP041060,2026-05-01,Outpatient,H2-PROV0006,DEPT016,24557,2024-10-14,2025-11-11
H2-ENC009195,HOSP028558,2023-11-18,Outpatient,H2-PROV0008,DEPT009,20581,2023-03-30,2025-11-17
H2-ENC009196,HOSP047735,2025-06-14,Routine Checkup,H2-PROV0007,DEPT001,39277,2023-12-15,2021-10-15
H2-ENC009197,HOSP046187,2020-02-07,Outpatient,H2-PROV0007,DEPT020,20174,2023-02-23,2023-01-23
H2-ENC009198,HOSP029928,2021-11-27,Telemedicine,H2-PROV0024,DEPT013,95020,2023-03-11,2025-06-01
H2-ENC009199,HOSP020360,2022-12-03,Telemedicine,H2-PROV0024,DEPT012,19290,2023-01-03,2020-09-29
H2-ENC009200,HOSP018285,2023-07-13,Telemedicine,H2-PROV0028,DEPT007,49292,2022-10-12,2024-07-03
H2-ENC009201,HOSP045577,2023-03-18,Inpatient,H2-PROV0006,DEPT008,43294,2023-05-10,2026-03-15
H2-ENC009202,HOSP037336,2021-12-01,Telemedicine,H2-PROV0019,DEPT015,34966,2024-03-24,2020-07-09
H2-ENC009203,HOSP032692,2022-07-12,Outpatient,H2-PROV0025,DEPT005,59727,2025-03-30,2021-07-06
H2-ENC009204,HOSP048187,2020-12-12,Routine Checkup,H2-PROV0021,DEPT007,47580,2023-06-04,2022-12-24
H2-ENC009205,HOSP043897,2022-03-05,Routine Checkup,H2-PROV0010,DEPT017,11646,2022-11-18,2025-04-26
H2-ENC009206,HOSP019893,2023-04-19,Emergency,H2-PROV0027,DEPT001,38609,2022-02-05,2021-05-08
H2-ENC009207,HOSP045024,2021-05-29,Routine Checkup,H2-PROV0011,DEPT009,84333,2021-05-13,2022-07-04
H2-ENC009208,HOSP032892,2024-11-02,Routine Checkup,H2-PROV0019,DEPT010,12166,2020-12-18,2020-11-22
H2-ENC009209,HOSP029931,2021-03-05,Telemedicine,H2-PROV0008,DEPT014,71595,2020-03-02,2024-12-16
H2-ENC009210,HOSP007745,2021-09-16,Emergency,H2-PROV0020,DEPT017,40000,2024-11-04,2022-06-03
H2-ENC009211,HOSP048921,2022-08-11,Emergency,H2-PROV0006,DEPT019,86698,2026-02-14,2021-06-04
H2-ENC009212,HOSP035664,2022-12-28,Emergency,H2-PROV0009,DEPT001,79722,2020-12-07,2021-03-04
H2-ENC009213,HOSP046081,2024-04-28,Inpatient,H2-PROV0005,DEPT004,89746,2022-04-17,2025-11-08
H2-ENC009214,HOSP044790,2020-09-27,Outpatient,H2-PROV0023,DEPT006,13755,2023-10-09,2021-12-28
H2-ENC009215,HOSP049453,2020-02-05,Emergency,H2-PROV0001,DEPT015,57322,2024-03-16,2021-02-19
H2-ENC009216,HOSP034078,2020-11-21,Outpatient,H2-PROV0016,DEPT002,31282,2021-10-14,2023-04-07
H2-ENC009217,HOSP023102,2023-12-18,Emergency,H2-PROV0023,DEPT009,14989,2023-10-01,2023-10-04
H2-ENC009218,HOSP044972,2025-11-20,Inpatient,H2-PROV0015,DEPT005,97202,2024-07-25,2024-03-20
H2-ENC009219,HOSP023215,2025-03-30,Inpatient,H2-PROV0026,DEPT012,35982,2021-07-06,2021-02-22
H2-ENC009220,HOSP005717,2021-11-22,Routine Checkup,H2-PROV0029,DEPT009,82062,2021-08-01,2024-10-12
H2-ENC009221,HOSP026445,2021-11-20,Routine Checkup,H2-PROV0006,DEPT016,85655,2025-05-06,2021-09-24
H2-ENC009222,HOSP027786,2022-12-11,Routine Checkup,H2-PROV0021,DEPT006,81231,2024-08-19,2024-02-16
H2-ENC009223,HOSP035141,2022-04-25,Telemedicine,H2-PROV0020,DEPT008,25181,2022-06-27,2025-04-06
H2-ENC009224,HOSP033879,2020-04-23,Outpatient,H2-PROV0028,DEPT013,51053,2026-05-11,2022-03-22
H2-ENC009225,HOSP038332,2021-11-09,Routine Checkup,H2-PROV0023,DEPT014,40842,2022-01-17,2023-01-30
H2-ENC009226,HOSP017297,2026-05-07,Inpatient,H2-PROV0002,DEPT011,84212,2023-05-25,2023-12-11
H2-ENC009227,HOSP049784,2024-09-12,Inpatient,H2-PROV0005,DEPT015,58731,2024-11-19,2021-05-01
H2-ENC009228,HOSP001311,2020-04-06,Outpatient,H2-PROV0003,DEPT006,15820,2024-07-17,2023-10-13
H2-ENC009229,HOSP010482,2026-05-15,Outpatient,H2-PROV0030,DEPT015,99977,2025-07-03,2026-08-14
H2-ENC009230,HOSP038125,2022-05-04,Emergency,H2-PROV0030,DEPT012,10745,2020-08-22,2024-05-25
H2-ENC009231,HOSP016783,2022-10-16,Emergency,H2-PROV0007,DEPT017,36953,2022-09-27,2025-12-02
H2-ENC009232,HOSP024594,2021-06-22,Routine Checkup,H2-PROV0019,DEPT012,40948,2025-06-10,2021-10-12
H2-ENC009233,HOSP027394,2024-03-07,Inpatient,H2-PROV0014,DEPT014,22212,2023-03-07,2022-03-20
H2-ENC009234,HOSP004608,2021-10-04,Routine Checkup,H2-PROV0008,DEPT009,88440,2020-11-27,2023-08-28
H2-ENC009235,HOSP040064,2021-09-22,Telemedicine,H2-PROV0014,DEPT015,61742,2022-07-06,2025-06-29
H2-ENC009236,HOSP029094,2023-04-27,Emergency,H2-PROV0024,DEPT020,33580,2025-12-27,2026-07-07
H2-ENC009237,HOSP040479,2023-11-28,Routine Checkup,H2-PROV0011,DEPT002,95732,2021-12-19,2021-05-30
H2-ENC009238,HOSP000426,2022-03-19,Emergency,H2-PROV0013,DEPT007,86407,2025-02-21,2025-08-12
H2-ENC009239,HOSP027198,2022-08-20,Outpatient,H2-PROV0020,DEPT009,41708,2021-09-07,2024-12-02
H2-ENC009240,HOSP003856,2020-08-18,Inpatient,H2-PROV0014,DEPT018,21536,2026-03-29,2024-05-03
H2-ENC009241,HOSP002490,2023-11-06,Outpatient,H2-PROV0016,DEPT018,76686,2024-11-23,2020-09-05
H2-ENC009242,HOSP004414,2025-07-04,Inpatient,H2-PROV0012,DEPT011,17163,2026-07-04,2022-02-25
H2-ENC009243,HOSP041110,2021-12-07,Telemedicine,H2-PROV0012,DEPT011,41594,2024-05-23,2023-03-27
H2-ENC009244,HOSP006778,2022-11-14,Emergency,H2-PROV0021,DEPT017,51011,2023-08-17,2020-08-31
H2-ENC009245,HOSP011172,2024-09-10,Outpatient,H2-PROV0023,DEPT017,96898,2021-09-16,2021-12-23
H2-ENC009246,HOSP036158,2025-06-21,Telemedicine,H2-PROV0030,DEPT020,78323,2020-03-06,2022-04-10
H2-ENC009247,HOSP020062,2020-05-02,Routine Checkup,H2-PROV0019,DEPT013,97120,2024-05-21,2025-04-08
H2-ENC009248,HOSP017890,2021-01-17,Inpatient,H2-PROV0024,DEPT009,79425,2024-04-22,2021-10-03
H2-ENC009249,HOSP028606,2020-12-17,Routine Checkup,H2-PROV0030,DEPT009,18822,2022-05-16,2023-07-16
H2-ENC009250,HOSP042750,2021-02-16,Routine Checkup,H2-PROV0006,DEPT019,49874,2024-11-14,2025-05-07
H2-ENC009251,HOSP049080,2020-03-23,Outpatient,H2-PROV0020,DEPT004,72979,2023-05-14,2022-01-18
H2-ENC009252,HOSP010420,2024-03-02,Inpatient,H2-PROV0018,DEPT004,20113,2026-05-21,2024-06-18
H2-ENC009253,HOSP021041,2020-12-14,Telemedicine,H2-PROV0001,DEPT014,18951,2020-03-15,2023-07-05
H2-ENC009254,HOSP041709,2021-06-05,Telemedicine,H2-PROV0030,DEPT004,54726,2025-12-31,2026-09-12
H2-ENC009255,HOSP030748,2026-06-03,Outpatient,H2-PROV0015,DEPT007,85043,2025-08-31,2020-11-30
H2-ENC009256,HOSP030554,2025-02-01,Inpatient,H2-PROV0021,DEPT010,71051,2024-05-26,2023-10-16
H2-ENC009257,HOSP030173,2024-10-15,Inpatient,H2-PROV0024,DEPT013,29302,2024-10-15,2024-08-07
H2-ENC009258,HOSP043629,2023-04-03,Routine Checkup,H2-PROV0007,DEPT004,74366,2021-12-08,2020-07-01
H2-ENC009259,HOSP041111,2021-03-03,Telemedicine,H2-PROV0006,DEPT020,13682,2026-09-28,2026-06-04
H2-ENC009260,HOSP002826,2026-07-09,Inpatient,H2-PROV0002,DEPT004,93648,2023-01-11,2020-03-19
H2-ENC009261,HOSP048433,2024-03-02,Telemedicine,H2-PROV0013,DEPT012,77634,2021-11-21,2021-11-07
H2-ENC009262,HOSP036121,2021-12-27,Routine Checkup,H2-PROV0029,DEPT018,69288,2023-08-31,2024-04-29
H2-ENC009263,HOSP019703,2025-05-04,Inpatient,H2-PROV0015,DEPT008,62990,2023-12-14,2023-11-03
H2-ENC009264,HOSP012193,2020-09-15,Outpatient,H2-PROV0008,DEPT002,26066,2023-09-15,2020-07-26
H2-ENC009265,HOSP008375,2022-07-31,Telemedicine,H2-PROV0004,DEPT016,20483,2025-05-15,2025-07-06
H2-ENC009266,HOSP045916,2023-06-13,Inpatient,H2-PROV0006,DEPT016,53889,2024-07-13,2023-03-22
H2-ENC009267,HOSP017739,2026-03-04,Outpatient,H2-PROV0026,DEPT018,65966,2026-08-22,2023-04-20
H2-ENC009268,HOSP040009,2020-05-15,Outpatient,H2-PROV0022,DEPT012,46554,2021-02-15,2023-11-20
H2-ENC009269,HOSP031671,2021-11-04,Routine Checkup,H2-PROV0020,DEPT005,74043,2023-11-16,2022-12-18
H2-ENC009270,HOSP019654,2020-11-05,Telemedicine,H2-PROV0027,DEPT013,34114,2022-05-23,2023-03-23
H2-ENC009271,HOSP032977,2025-12-08,Telemedicine,H2-PROV0009,DEPT005,34096,2025-01-31,2020-01-25
H2-ENC009272,HOSP000218,2026-07-14,Inpatient,H2-PROV0012,DEPT004,81402,2021-09-29,2023-09-03
H2-ENC009273,HOSP012729,2024-07-30,Emergency,H2-PROV0001,DEPT001,34966,2021-09-11,2025-08-01
H2-ENC009274,HOSP049068,2023-02-28,Emergency,H2-PROV0023,DEPT014,24440,2021-05-29,2023-11-22
H2-ENC009275,HOSP048923,2025-11-09,Routine Checkup,H2-PROV0007,DEPT001,28569,2024-12-22,2023-03-20
H2-ENC009276,HOSP031067,2026-06-24,Inpatient,H2-PROV0028,DEPT009,12388,2022-09-28,2025-08-01
H2-ENC009277,HOSP041792,2025-12-12,Routine Checkup,H2-PROV0005,DEPT012,90708,2021-12-19,2026-08-05
H2-ENC009278,HOSP024121,2024-01-03,Outpatient,H2-PROV0014,DEPT018,58651,2021-06-25,2021-03-21
H2-ENC009279,HOSP015007,2023-01-03,Routine Checkup,H2-PROV0011,DEPT011,43294,2025-04-18,2026-03-05
H2-ENC009280,HOSP045664,2022-06-10,Routine Checkup,H2-PROV0001,DEPT011,73034,2025-04-13,2022-11-23
H2-ENC009281,HOSP038024,2020-03-26,Emergency,H2-PROV0008,DEPT013,34096,2022-10-06,2022-07-19
H2-ENC009282,HOSP022865,2021-07-15,Inpatient,H2-PROV0029,DEPT020,46388,2021-05-16,2021-07-14
H2-ENC009283,HOSP026249,2020-10-08,Telemedicine,H2-PROV0013,DEPT007,75302,2024-01-05,2023-04-17
H2-ENC009284,HOSP042568,2023-08-31,Emergency,H2-PROV0005,DEPT013,15486,2025-02-05,2025-07-18
H2-ENC009285,HOSP002684,2024-05-30,Emergency,H2-PROV0027,DEPT020,40845,2025-03-08,2023-02-16
H2-ENC009286,HOSP044222,2021-10-11,Outpatient,H2-PROV0010,DEPT004,25546,2020-01-08,2025-04-03
H2-ENC009287,HOSP000516,2022-07-14,Inpatient,H2-PROV0018,DEPT006,60864,2024-09-17,2023-03-27
H2-ENC009288,HOSP018137,2022-05-13,Telemedicine,H2-PROV0021,DEPT006,64075,2020-03-11,2020-05-23
H2-ENC009289,HOSP015159,2024-06-11,Routine Checkup,H2-PROV0029,DEPT003,25392,2025-10-05,2024-12-05
H2-ENC009290,HOSP008631,2022-09-16,Outpatient,H2-PROV0006,DEPT018,94909,2025-11-30,2022-09-29
H2-ENC009291,HOSP049707,2024-08-13,Emergency,H2-PROV0019,DEPT018,11646,2021-12-28,2024-10-25
H2-ENC009292,HOSP024558,2021-02-06,Emergency,H2-PROV0006,DEPT007,35241,2020-08-19,2020-02-15
H2-ENC009293,HOSP037064,2022-10-29,Inpatient,H2-PROV0029,DEPT015,10540,2023-10-10,2020-04-28
H2-ENC009294,HOSP049465,2023-04-27,Emergency,H2-PROV0016,DEPT001,60864,2021-07-24,2020-08-13
H2-ENC009295,HOSP022439,2024-10-13,Telemedicine,H2-PROV0028,DEPT008,57322,2022-01-11,2023-01-21
H2-ENC009296,HOSP004373,2024-03-23,Inpatient,H2-PROV0015,DEPT014,60015,2025-02-03,2023-03-27
H2-ENC009297,HOSP028487,2026-01-06,Emergency,H2-PROV0021,DEPT018,75599,2023-06-05,2022-06-17
H2-ENC009298,HOSP041962,2021-02-28,Emergency,H2-PROV0018,DEPT015,69934,2023-02-18,2023-03-14
H2-ENC009299,HOSP035873,2023-07-03,Routine Checkup,H2-PROV0012,DEPT018,22212,2020-10-14,2020-03-04
H2-ENC009300,HOSP000672,2021-12-27,Inpatient,H2-PROV0020,DEPT019,22142,2021-09-11,2021-09-16
H2-ENC009301,HOSP023446,2025-12-21,Inpatient,H2-PROV0029,DEPT003,72220,2022-02-25,2024-01-26
H2-ENC009302,HOSP008319,2020-08-31,Inpatient,H2-PROV0011,DEPT007,24795,2026-06-22,2023-09-18
H2-ENC009303,HOSP031437,2020-03-23,Emergency,H2-PROV0021,DEPT003,14848,2023-11-28,2024-12-21
H2-ENC009304,HOSP038945,2021-08-09,Routine Checkup,H2-PROV0013,DEPT002,95392,2021-05-10,2026-01-13
H2-ENC009305,HOSP040773,2021-04-13,Outpatient,H2-PROV0014,DEPT020,20581,2021-04-14,2026-08-07
H2-ENC009306,HOSP009872,2023-07-26,Telemedicine,H2-PROV0029,DEPT012,90708,2022-11-18,2023-01-26
H2-ENC009307,HOSP013509,2025-10-30,Telemedicine,H2-PROV0012,DEPT004,17730,2022-11-21,2024-02-13
H2-ENC009308,HOSP020973,2020-11-20,Routine Checkup,H2-PROV0015,DEPT020,45591,2024-11-14,2024-10-06
H2-ENC009309,HOSP008816,2024-08-03,Emergency,H2-PROV0029,DEPT005,37641,2024-05-12,2023-07-23
H2-ENC009310,HOSP019293,2026-08-14,Emergency,H2-PROV0020,DEPT016,82062,2025-10-24,2026-02-20
H2-ENC009311,HOSP039102,2024-11-20,Routine Checkup,H2-PROV0022,DEPT013,75978,2022-11-29,2021-04-25
H2-ENC009312,HOSP025893,2023-02-20,Emergency,H2-PROV0004,DEPT018,46677,2025-08-02,2024-05-16
H2-ENC009313,HOSP019458,2025-05-31,Outpatient,H2-PROV0006,DEPT013,99174,2022-10-12,2025-12-15
H2-ENC009314,HOSP043040,2023-06-14,Inpatient,H2-PROV0028,DEPT005,31282,2023-06-13,2024-08-03
H2-ENC009315,HOSP040422,2025-11-15,Outpatient,H2-PROV0001,DEPT007,62990,2025-01-18,2023-04-02
H2-ENC009316,HOSP031819,2021-08-13,Emergency,H2-PROV0016,DEPT013,34568,2025-03-27,2025-12-05
H2-ENC009317,HOSP041580,2025-10-22,Routine Checkup,H2-PROV0025,DEPT014,20138,2021-06-02,2021-10-19
H2-ENC009318,HOSP004706,2021-05-24,Routine Checkup,H2-PROV0008,DEPT011,78117,2026-09-22,2026-09-19
H2-ENC009319,HOSP000065,2024-04-12,Telemedicine,H2-PROV0029,DEPT012,73742,2023-04-10,2024-11-19
H2-ENC009320,HOSP027128,2026-06-30,Outpatient,H2-PROV0026,DEPT013,60811,2025-04-07,2020-03-25
H2-ENC009321,HOSP005787,2021-06-30,Telemedicine,H2-PROV0030,DEPT013,19697,2021-08-16,2023-01-05
H2-ENC009322,HOSP033345,2023-02-23,Emergency,H2-PROV0007,DEPT002,33433,2026-06-23,2026-01-05
H2-ENC009323,HOSP000054,2026-07-24,Inpatient,H2-PROV0009,DEPT013,19403,2023-11-28,2026-05-29
H2-ENC009324,HOSP009680,2024-02-03,Outpatient,H2-PROV0002,DEPT010,60883,2021-02-27,2024-11-12
H2-ENC009325,HOSP041923,2021-11-15,Telemedicine,H2-PROV0029,DEPT006,94034,2026-02-03,2024-07-23
H2-ENC009326,HOSP027488,2024-11-03,Routine Checkup,H2-PROV0002,DEPT018,55214,2020-05-25,2026-05-13
H2-ENC009327,HOSP036232,2021-12-26,Outpatient,H2-PROV0015,DEPT003,51371,2025-05-18,2022-10-08
H2-ENC009328,HOSP001246,2024-02-20,Emergency,H2-PROV0020,DEPT003,32900,2024-08-18,2022-09-07
H2-ENC009329,HOSP030454,2023-11-07,Outpatient,H2-PROV0026,DEPT005,53889,2022-07-01,2024-04-14
H2-ENC009330,HOSP009625,2024-09-18,Routine Checkup,H2-PROV0005,DEPT011,95960,2020-08-30,2020-10-18
H2-ENC009331,HOSP005158,2024-12-31,Emergency,H2-PROV0008,DEPT010,48801,2022-04-12,2021-01-10
H2-ENC009332,HOSP001647,2024-08-07,Routine Checkup,H2-PROV0013,DEPT020,43287,2023-06-19,2020-07-23
H2-ENC009333,HOSP048043,2024-06-27,Outpatient,H2-PROV0011,DEPT013,71595,2026-01-31,2020-07-18
H2-ENC009334,HOSP015795,2024-06-08,Routine Checkup,H2-PROV0030,DEPT001,35241,2020-01-07,2020-07-22
H2-ENC009335,HOSP017409,2023-10-15,Emergency,H2-PROV0007,DEPT020,88891,2021-12-04,2024-09-12
H2-ENC009336,HOSP027769,2023-11-26,Emergency,H2-PROV0017,DEPT015,54974,2026-10-02,2020-06-07
H2-ENC009337,HOSP041665,2024-08-19,Outpatient,H2-PROV0016,DEPT017,78117,2022-05-07,2025-07-26
H2-ENC009338,HOSP047474,2024-04-17,Inpatient,H2-PROV0018,DEPT018,23826,2020-01-05,2022-10-29
H2-ENC009339,HOSP028941,2021-06-28,Emergency,H2-PROV0012,DEPT008,60075,2024-10-28,2021-07-03
H2-ENC009340,HOSP031188,2024-12-21,Outpatient,H2-PROV0027,DEPT007,94174,2024-04-09,2025-12-11
H2-ENC009341,HOSP029294,2020-12-05,Emergency,H2-PROV0024,DEPT014,11095,2022-03-14,2025-10-03
H2-ENC009342,HOSP002805,2020-04-26,Inpatient,H2-PROV0027,DEPT001,54867,2025-10-19,2026-05-14
H2-ENC009343,HOSP040359,2021-07-21,Outpatient,H2-PROV0024,DEPT016,89360,2025-09-20,2023-07-07
H2-ENC009344,HOSP040657,2024-03-10,Outpatient,H2-PROV0021,DEPT014,78117,2021-06-19,2020-07-17
H2-ENC009345,HOSP020443,2024-12-03,Outpatient,H2-PROV0009,DEPT004,39610,2022-02-13,2021-04-27
H2-ENC009346,HOSP036563,2023-09-05,Emergency,H2-PROV0027,DEPT015,20782,2023-05-04,2025-01-17
H2-ENC009347,HOSP026438,2024-09-12,Routine Checkup,H2-PROV0019,DEPT018,19403,2024-09-18,2026-06-23
H2-ENC009348,HOSP017487,2026-05-14,Routine Checkup,H2-PROV0016,DEPT014,91235,2021-09-28,2021-03-25
H2-ENC009349,HOSP046178,2024-12-05,Emergency,H2-PROV0015,DEPT001,81013,2021-12-11,2024-08-13
H2-ENC009350,HOSP026933,2025-08-12,Emergency,H2-PROV0023,DEPT010,90481,2026-09-03,2026-06-12
H2-ENC009351,HOSP031936,2023-12-18,Telemedicine,H2-PROV0020,DEPT015,52559,2024-08-18,2023-11-29
H2-ENC009352,HOSP022772,2021-10-21,Telemedicine,H2-PROV0019,DEPT012,97505,2021-05-22,2020-08-19
H2-ENC009353,HOSP037329,2021-10-18,Inpatient,H2-PROV0015,DEPT004,78411,2020-12-01,2023-09-05
H2-ENC009354,HOSP029982,2024-11-23,Routine Checkup,H2-PROV0011,DEPT014,76559,2024-04-24,2021-12-05
H2-ENC009355,HOSP029509,2022-03-09,Routine Checkup,H2-PROV0020,DEPT019,53687,2025-03-07,2023-09-05
H2-ENC009356,HOSP015736,2020-08-07,Inpatient,H2-PROV0024,DEPT012,99710,2021-05-29,2020-09-02
H2-ENC009357,HOSP022410,2023-03-29,Inpatient,H2-PROV0009,DEPT016,16973,2026-07-23,2025-04-12
H2-ENC009358,HOSP045763,2022-02-11,Inpatient,H2-PROV0002,DEPT018,85873,2025-08-25,2023-06-10
H2-ENC009359,HOSP030368,2023-07-28,Inpatient,H2-PROV0005,DEPT020,60751,2023-03-29,2021-08-11
H2-ENC009360,HOSP035646,2020-11-02,Telemedicine,H2-PROV0019,DEPT016,33811,2020-10-01,2025-06-25
H2-ENC009361,HOSP046377,2020-05-20,Routine Checkup,H2-PROV0030,DEPT003,70100,2026-03-10,2025-07-23
H2-ENC009362,HOSP013890,2021-01-19,Outpatient,H2-PROV0015,DEPT010,79936,2020-11-25,2023-04-04
H2-ENC009363,HOSP000495,2024-04-10,Inpatient,H2-PROV0017,DEPT017,20483,2022-12-22,2025-09-29
H2-ENC009364,HOSP026139,2025-09-17,Outpatient,H2-PROV0025,DEPT004,28322,2021-02-22,2024-12-08
H2-ENC009365,HOSP037087,2021-05-25,Telemedicine,H2-PROV0007,DEPT013,79298,2021-10-10,2022-05-22
H2-ENC009366,HOSP003865,2025-02-13,Emergency,H2-PROV0029,DEPT015,24178,2020-08-03,2020-03-13
H2-ENC009367,HOSP005490,2020-01-12,Inpatient,H2-PROV0020,DEPT013,81171,2026-09-24,2024-09-28
H2-ENC009368,HOSP049589,2026-05-29,Inpatient,H2-PROV0019,DEPT020,80121,2022-02-27,2025-08-14
H2-ENC009369,HOSP023490,2024-02-08,Routine Checkup,H2-PROV0009,DEPT009,98121,2020-09-12,2025-01-30
H2-ENC009370,HOSP016185,2025-04-12,Inpatient,H2-PROV0012,DEPT004,24795,2020-10-13,2024-04-23
H2-ENC009371,HOSP032131,2020-10-05,Outpatient,H2-PROV0018,DEPT002,78730,2024-11-21,2023-01-20
H2-ENC009372,HOSP033956,2021-10-10,Inpatient,H2-PROV0019,DEPT003,25335,2021-05-13,2021-01-13
H2-ENC009373,HOSP016953,2022-05-03,Routine Checkup,H2-PROV0012,DEPT013,35617,2021-02-11,2025-03-24
H2-ENC009374,HOSP032590,2021-03-30,Telemedicine,H2-PROV0019,DEPT013,91726,2024-05-14,2022-01-20
H2-ENC009375,HOSP040942,2021-06-13,Routine Checkup,H2-PROV0005,DEPT001,33369,2022-01-19,2024-03-05
H2-ENC009376,HOSP005862,2023-07-22,Emergency,H2-PROV0002,DEPT002,46168,2024-11-29,2023-05-02
H2-ENC009377,HOSP015490,2022-02-14,Telemedicine,H2-PROV0029,DEPT012,79992,2024-03-06,2020-02-09
H2-ENC009378,HOSP031370,2026-05-30,Routine Checkup,H2-PROV0001,DEPT015,93558,2021-12-02,2021-01-11
H2-ENC009379,HOSP021594,2021-02-24,Emergency,H2-PROV0027,DEPT010,67757,2022-08-25,2020-06-28
H2-ENC009380,HOSP024884,2026-01-22,Telemedicine,H2-PROV0007,DEPT007,66921,2024-03-29,2025-10-14
H2-ENC009381,HOSP048384,2025-03-18,Inpatient,H2-PROV0019,DEPT020,74035,2021-10-17,2022-12-23
H2-ENC009382,HOSP046981,2025-08-30,Inpatient,H2-PROV0007,DEPT017,81979,2024-05-27,2024-04-05
H2-ENC009383,HOSP020220,2020-10-21,Inpatient,H2-PROV0028,DEPT005,43631,2021-06-29,2024-04-02
H2-ENC009384,HOSP049572,2024-07-31,Outpatient,H2-PROV0028,DEPT014,45202,2022-11-30,2026-01-05
H2-ENC009385,HOSP016100,2025-12-24,Inpatient,H2-PROV0011,DEPT018,53056,2025-01-31,2024-05-14
H2-ENC009386,HOSP020576,2024-06-25,Emergency,H2-PROV0020,DEPT010,49379,2020-03-23,2023-06-14
H2-ENC009387,HOSP018465,2023-03-26,Outpatient,H2-PROV0010,DEPT019,17070,2025-07-31,2020-12-07
H2-ENC009388,HOSP028760,2022-03-24,Emergency,H2-PROV0015,DEPT016,90758,2022-04-01,2024-05-26
H2-ENC009389,HOSP009838,2021-11-17,Outpatient,H2-PROV0024,DEPT011,80367,2022-04-01,2023-01-02
H2-ENC009390,HOSP012498,2020-08-22,Telemedicine,H2-PROV0026,DEPT016,66309,2024-05-11,2020-05-02
H2-ENC009391,HOSP020369,2023-08-06,Outpatient,H2-PROV0022,DEPT014,16189,2021-10-14,2025-11-20
H2-ENC009392,HOSP028563,2025-04-05,Emergency,H2-PROV0020,DEPT019,75103,2020-08-24,2024-05-16
H2-ENC009393,HOSP048944,2022-01-20,Routine Checkup,H2-PROV0023,DEPT015,46168,2026-01-11,2024-08-19
H2-ENC009394,HOSP024111,2022-03-04,Emergency,H2-PROV0012,DEPT018,75772,2023-04-28,2021-11-29
H2-ENC009395,HOSP037471,2021-05-14,Routine Checkup,H2-PROV0002,DEPT001,24279,2025-11-02,2022-08-27
H2-ENC009396,HOSP005448,2023-05-24,Routine Checkup,H2-PROV0010,DEPT003,84051,2026-09-26,2025-01-02
H2-ENC009397,HOSP027986,2024-04-26,Telemedicine,H2-PROV0012,DEPT012,86172,2023-05-01,2020-01-25
H2-ENC009398,HOSP004078,2023-10-13,Outpatient,H2-PROV0004,DEPT001,72220,2026-04-07,2020-04-11
H2-ENC009399,HOSP009788,2025-04-02,Outpatient,H2-PROV0022,DEPT011,72105,2020-07-10,2025-08-03
H2-ENC009400,HOSP009067,2020-11-20,Inpatient,H2-PROV0015,DEPT017,96827,2020-10-27,2025-08-28
H2-ENC009401,HOSP003710,2025-06-23,Routine Checkup,H2-PROV0029,DEPT006,10661,2024-02-14,2024-12-25
H2-ENC009402,HOSP019982,2021-03-04,Inpatient,H2-PROV0022,DEPT016,34568,2020-04-05,2023-09-19
H2-ENC009403,HOSP044923,2024-10-30,Routine Checkup,H2-PROV0025,DEPT007,34966,2026-05-27,2020-10-09
H2-ENC009404,HOSP032486,2026-08-17,Emergency,H2-PROV0030,DEPT002,38090,2025-05-07,2021-06-14
H2-ENC009405,HOSP026956,2024-07-15,Telemedicine,H2-PROV0015,DEPT020,51912,2025-01-24,2020-08-23
H2-ENC009406,HOSP038463,2022-06-11,Emergency,H2-PROV0026,DEPT019,82995,2024-05-11,2024-08-10
H2-ENC009407,HOSP017755,2025-06-25,Inpatient,H2-PROV0007,DEPT009,75496,2021-03-13,2022-06-05
H2-ENC009408,HOSP030574,2023-01-08,Telemedicine,H2-PROV0010,DEPT012,64511,2021-05-08,2020-03-14
H2-ENC009409,HOSP044364,2023-11-23,Outpatient,H2-PROV0012,DEPT009,84333,2024-07-06,2025-02-09
H2-ENC009410,HOSP034027,2022-05-18,Routine Checkup,H2-PROV0021,DEPT020,72105,2021-10-01,2022-02-16
H2-ENC009411,HOSP020565,2025-10-06,Inpatient,H2-PROV0026,DEPT008,91985,2022-05-29,2023-08-10
H2-ENC009412,HOSP008469,2022-05-19,Routine Checkup,H2-PROV0010,DEPT004,12415,2025-12-10,2026-02-25
H2-ENC009413,HOSP039641,2026-04-16,Routine Checkup,H2-PROV0023,DEPT019,98313,2022-12-14,2022-12-23
H2-ENC009414,HOSP000592,2021-09-05,Inpatient,H2-PROV0019,DEPT004,32995,2026-06-02,2021-03-03
H2-ENC009415,HOSP026705,2023-02-13,Routine Checkup,H2-PROV0029,DEPT016,75794,2021-11-19,2022-12-25
H2-ENC009416,HOSP007144,2025-03-18,Routine Checkup,H2-PROV0029,DEPT006,31649,2020-11-04,2021-09-02
H2-ENC009417,HOSP038475,2024-10-08,Inpatient,H2-PROV0018,DEPT007,11301,2020-03-21,2025-11-23
H2-ENC009418,HOSP023981,2020-07-11,Outpatient,H2-PROV0021,DEPT006,96827,2020-03-02,2025-07-04
H2-ENC009419,HOSP020069,2022-03-17,Emergency,H2-PROV0016,DEPT001,68319,2022-05-31,2021-07-13
H2-ENC009420,HOSP045817,2023-07-07,Inpatient,H2-PROV0030,DEPT020,67757,2021-08-19,2024-02-22
H2-ENC009421,HOSP026098,2025-03-03,Routine Checkup,H2-PROV0020,DEPT002,72979,2025-09-17,2022-08-24
H2-ENC009422,HOSP028690,2024-09-10,Routine Checkup,H2-PROV0006,DEPT003,32227,2020-08-24,2024-07-31
H2-ENC009423,HOSP018190,2021-10-08,Outpatient,H2-PROV0015,DEPT002,80648,2020-01-13,2020-11-19
H2-ENC009424,HOSP043830,2024-02-25,Telemedicine,H2-PROV0021,DEPT009,68543,2020-03-15,2020-09-30
H2-ENC009425,HOSP015963,2023-07-26,Emergency,H2-PROV0024,DEPT002,89746,2024-11-16,2026-05-15
H2-ENC009426,HOSP008231,2026-07-04,Routine Checkup,H2-PROV0022,DEPT005,63043,2025-08-20,2025-08-31
H2-ENC009427,HOSP048534,2021-12-22,Telemedicine,H2-PROV0007,DEPT020,92091,2025-10-08,2024-10-22
H2-ENC009428,HOSP016784,2020-09-20,Inpatient,H2-PROV0030,DEPT002,81015,2025-04-05,2021-02-11
H2-ENC009429,HOSP041540,2024-04-15,Routine Checkup,H2-PROV0019,DEPT003,21487,2020-04-01,2023-07-11
H2-ENC009430,HOSP028473,2020-01-15,Routine Checkup,H2-PROV0009,DEPT020,73760,2020-07-12,2020-11-13
H2-ENC009431,HOSP000272,2022-05-13,Inpatient,H2-PROV0004,DEPT014,45673,2022-01-10,2025-02-20
H2-ENC009432,HOSP005307,2026-09-30,Emergency,H2-PROV0014,DEPT011,21258,2025-03-30,2026-03-18
H2-ENC009433,HOSP044079,2023-03-31,Inpatient,H2-PROV0026,DEPT008,43337,2020-03-11,2020-06-14
H2-ENC009434,HOSP028548,2026-07-28,Emergency,H2-PROV0003,DEPT016,53889,2025-10-04,2026-06-17
H2-ENC009435,HOSP009421,2024-10-02,Emergency,H2-PROV0022,DEPT002,10540,2024-03-28,2024-06-01
H2-ENC009436,HOSP018673,2026-03-29,Telemedicine,H2-PROV0029,DEPT010,61147,2021-04-09,2021-11-10
H2-ENC009437,HOSP037265,2022-08-11,Routine Checkup,H2-PROV0010,DEPT006,30764,2023-05-08,2026-02-27
H2-ENC009438,HOSP022479,2023-01-24,Outpatient,H2-PROV0005,DEPT010,64811,2022-12-30,2023-06-06
H2-ENC009439,HOSP045103,2025-05-28,Routine Checkup,H2-PROV0030,DEPT002,91936,2024-04-15,2023-07-26
H2-ENC009440,HOSP045102,2023-06-10,Routine Checkup,H2-PROV0002,DEPT013,26066,2020-04-07,2024-05-17
H2-ENC009441,HOSP041719,2020-04-25,Emergency,H2-PROV0029,DEPT019,87020,2022-09-05,2020-11-02
H2-ENC009442,HOSP019192,2023-02-17,Telemedicine,H2-PROV0023,DEPT008,96789,2020-08-29,2026-06-08
H2-ENC009443,HOSP025683,2024-07-05,Telemedicine,H2-PROV0030,DEPT020,53687,2025-09-23,2025-03-27
H2-ENC009444,HOSP028147,2025-03-04,Emergency,H2-PROV0004,DEPT017,93648,2021-09-15,2025-01-15
H2-ENC009445,HOSP025285,2023-02-26,Outpatient,H2-PROV0014,DEPT007,82533,2021-01-02,2023-08-07
H2-ENC009446,HOSP040506,2020-12-18,Emergency,H2-PROV0028,DEPT009,28166,2022-01-24,2024-12-13
H2-ENC009447,HOSP024338,2021-06-05,Outpatient,H2-PROV0012,DEPT008,62812,2021-09-03,2020-05-18
H2-ENC009448,HOSP037404,2025-06-23,Inpatient,H2-PROV0018,DEPT019,15544,2026-06-22,2026-05-21
H2-ENC009449,HOSP038911,2022-10-04,Inpatient,H2-PROV0025,DEPT005,71697,2025-11-08,2024-12-18
H2-ENC009450,HOSP021313,2026-09-18,Inpatient,H2-PROV0003,DEPT019,57363,2022-06-20,2021-01-14
H2-ENC009451,HOSP002319,2024-05-21,Inpatient,H2-PROV0017,DEPT004,35978,2023-03-13,2021-11-19
H2-ENC009452,HOSP020487,2021-12-30,Routine Checkup,H2-PROV0029,DEPT001,63177,2023-02-23,2025-08-28
H2-ENC009453,HOSP020177,2026-02-13,Telemedicine,H2-PROV0006,DEPT014,28814,2021-05-12,2022-11-11
H2-ENC009454,HOSP033698,2024-06-21,Emergency,H2-PROV0022,DEPT006,60071,2024-12-09,2024-06-06
H2-ENC009455,HOSP014092,2026-08-17,Routine Checkup,H2-PROV0004,DEPT008,21172,2023-07-20,2020-10-20
H2-ENC009456,HOSP043890,2021-01-05,Telemedicine,H2-PROV0017,DEPT015,82175,2022-04-29,2021-11-19
H2-ENC009457,HOSP013021,2020-08-18,Outpatient,H2-PROV0013,DEPT009,88786,2020-03-02,2024-03-26
H2-ENC009458,HOSP043265,2026-06-02,Telemedicine,H2-PROV0011,DEPT005,20258,2023-04-03,2023-09-14
H2-ENC009459,HOSP043321,2021-08-19,Inpatient,H2-PROV0004,DEPT019,66033,2022-01-15,2025-03-17
H2-ENC009460,HOSP025289,2023-01-15,Telemedicine,H2-PROV0012,DEPT019,31071,2023-11-04,2026-03-09
H2-ENC009461,HOSP033698,2024-05-16,Emergency,H2-PROV0003,DEPT013,94775,2022-08-18,2021-08-16
H2-ENC009462,HOSP003214,2023-04-10,Emergency,H2-PROV0024,DEPT014,97079,2025-04-21,2023-11-28
H2-ENC009463,HOSP002062,2022-03-16,Emergency,H2-PROV0001,DEPT005,66620,2022-09-14,2026-04-26
H2-ENC009464,HOSP033221,2023-09-25,Inpatient,H2-PROV0019,DEPT020,71185,2023-09-15,2024-06-24
H2-ENC009465,HOSP031841,2020-06-25,Outpatient,H2-PROV0011,DEPT014,84274,2026-04-28,2021-03-16
H2-ENC009466,HOSP043823,2024-03-25,Emergency,H2-PROV0004,DEPT018,69934,2021-04-25,2020-09-15
H2-ENC009467,HOSP027682,2020-03-10,Emergency,H2-PROV0002,DEPT007,59644,2023-04-26,2020-02-26
H2-ENC009468,HOSP035367,2023-10-22,Telemedicine,H2-PROV0009,DEPT018,57109,2024-04-20,2021-05-05
H2-ENC009469,HOSP019471,2020-06-04,Outpatient,H2-PROV0006,DEPT005,66480,2021-02-25,2024-02-18
H2-ENC009470,HOSP028230,2022-11-16,Telemedicine,H2-PROV0024,DEPT020,90708,2022-05-01,2020-06-21
H2-ENC009471,HOSP029730,2026-02-10,Routine Checkup,H2-PROV0020,DEPT012,96789,2022-04-26,2021-10-14
H2-ENC009472,HOSP042566,2023-04-13,Routine Checkup,H2-PROV0027,DEPT019,35094,2024-01-27,2026-07-08
H2-ENC009473,HOSP005045,2020-12-22,Emergency,H2-PROV0005,DEPT006,97505,2025-02-27,2024-12-20
H2-ENC009474,HOSP027436,2023-10-28,Emergency,H2-PROV0002,DEPT002,52520,2025-06-22,2020-12-29
H2-ENC009475,HOSP036355,2025-02-11,Inpatient,H2-PROV0012,DEPT008,49978,2022-12-16,2024-09-21
H2-ENC009476,HOSP039379,2024-11-21,Outpatient,H2-PROV0016,DEPT020,50070,2023-06-06,2021-01-04
H2-ENC009477,HOSP036984,2020-12-31,Inpatient,H2-PROV0014,DEPT011,12472,2020-05-25,2025-05-01
H2-ENC009478,HOSP002336,2022-12-05,Telemedicine,H2-PROV0021,DEPT018,52613,2026-07-21,2020-03-12
H2-ENC009479,HOSP046365,2020-01-23,Inpatient,H2-PROV0013,DEPT006,54974,2021-07-24,2021-12-22
H2-ENC009480,HOSP010869,2025-12-05,Routine Checkup,H2-PROV0013,DEPT005,43247,2024-05-05,2020-10-14
H2-ENC009481,HOSP019497,2026-05-25,Inpatient,H2-PROV0022,DEPT009,68319,2024-03-27,2021-09-20
H2-ENC009482,HOSP016458,2026-06-12,Outpatient,H2-PROV0018,DEPT015,55029,2023-02-01,2022-06-21
H2-ENC009483,HOSP011611,2022-03-25,Telemedicine,H2-PROV0005,DEPT011,63485,2024-10-03,2026-03-23
H2-ENC009484,HOSP039698,2026-09-29,Telemedicine,H2-PROV0015,DEPT006,55284,2021-05-14,2026-02-14
H2-ENC009485,HOSP041498,2021-08-26,Telemedicine,H2-PROV0014,DEPT015,82995,2025-09-16,2020-11-03
H2-ENC009486,HOSP042222,2020-02-21,Routine Checkup,H2-PROV0003,DEPT012,96903,2021-09-05,2024-02-01
H2-ENC009487,HOSP046695,2020-09-11,Inpatient,H2-PROV0010,DEPT015,22912,2024-05-08,2021-11-07
H2-ENC009488,HOSP012631,2022-08-11,Outpatient,H2-PROV0020,DEPT011,64270,2025-03-30,2020-07-03
H2-ENC009489,HOSP023749,2021-08-14,Emergency,H2-PROV0002,DEPT018,21309,2020-08-19,2023-04-05
H2-ENC009490,HOSP021575,2026-05-27,Inpatient,H2-PROV0014,DEPT010,46669,2026-01-05,2020-01-11
H2-ENC009491,HOSP030917,2024-07-01,Outpatient,H2-PROV0019,DEPT011,34151,2026-05-31,2021-09-19
H2-ENC009492,HOSP019432,2021-05-06,Telemedicine,H2-PROV0007,DEPT003,19587,2022-04-11,2024-04-11
H2-ENC009493,HOSP002078,2026-05-11,Inpatient,H2-PROV0004,DEPT004,77235,2020-12-18,2020-05-10
H2-ENC009494,HOSP041207,2021-06-14,Emergency,H2-PROV0027,DEPT014,71994,2026-06-03,2021-10-18
H2-ENC009495,HOSP003947,2025-08-18,Outpatient,H2-PROV0024,DEPT009,61123,2024-05-11,2025-05-24
H2-ENC009496,HOSP025121,2023-02-24,Telemedicine,H2-PROV0022,DEPT004,18822,2026-09-01,2022-01-30
H2-ENC009497,HOSP034218,2021-07-10,Routine Checkup,H2-PROV0003,DEPT002,34568,2021-07-22,2021-12-31
H2-ENC009498,HOSP040974,2023-09-08,Inpatient,H2-PROV0012,DEPT015,22628,2022-02-05,2022-04-23
H2-ENC009499,HOSP020425,2021-05-25,Routine Checkup,H2-PROV0022,DEPT012,22696,2021-07-12,2026-06-07
H2-ENC009500,HOSP044564,2023-11-19,Emergency,H2-PROV0006,DEPT012,72979,2020-01-28,2021-05-02
H2-ENC009501,HOSP028858,2026-06-12,Inpatient,H2-PROV0016,DEPT009,29273,2024-04-13,2023-04-27
H2-ENC009502,HOSP012955,2021-05-19,Telemedicine,H2-PROV0010,DEPT014,78323,2022-10-11,2024-01-29
H2-ENC009503,HOSP021960,2023-10-31,Emergency,H2-PROV0029,DEPT020,44323,2021-04-25,2021-09-20
H2-ENC009504,HOSP013472,2022-08-04,Outpatient,H2-PROV0003,DEPT008,90497,2025-12-04,2026-03-12
H2-ENC009505,HOSP005684,2023-09-21,Outpatient,H2-PROV0003,DEPT019,72710,2023-12-23,2026-05-01
H2-ENC009506,HOSP041901,2024-07-08,Routine Checkup,H2-PROV0001,DEPT012,72545,2023-03-15,2023-09-15
H2-ENC009507,HOSP047574,2024-01-29,Inpatient,H2-PROV0020,DEPT008,65343,2022-10-17,2021-02-26
H2-ENC009508,HOSP029948,2025-10-17,Outpatient,H2-PROV0021,DEPT007,35978,2024-01-18,2021-12-30
H2-ENC009509,HOSP031446,2025-04-30,Telemedicine,H2-PROV0024,DEPT017,10877,2022-09-18,2021-12-05
H2-ENC009510,HOSP047328,2026-07-05,Routine Checkup,H2-PROV0023,DEPT020,79425,2020-11-20,2022-03-21
H2-ENC009511,HOSP039905,2020-01-16,Outpatient,H2-PROV0021,DEPT001,17639,2025-10-22,2025-07-25
H2-ENC009512,HOSP046781,2024-10-15,Telemedicine,H2-PROV0013,DEPT013,37001,2022-03-23,2024-11-09
H2-ENC009513,HOSP040872,2023-04-10,Routine Checkup,H2-PROV0016,DEPT018,77488,2022-03-04,2023-01-06
H2-ENC009514,HOSP020019,2021-02-24,Routine Checkup,H2-PROV0026,DEPT006,12472,2020-09-12,2024-07-03
H2-ENC009515,HOSP013522,2024-06-23,Emergency,H2-PROV0021,DEPT014,17666,2025-08-15,2023-01-17
H2-ENC009516,HOSP018824,2023-12-15,Emergency,H2-PROV0007,DEPT013,29563,2022-08-21,2025-08-26
H2-ENC009517,HOSP022475,2021-05-07,Telemedicine,H2-PROV0028,DEPT006,16461,2021-11-22,2026-09-21
H2-ENC009518,HOSP019113,2026-07-24,Inpatient,H2-PROV0011,DEPT015,81231,2023-09-07,2023-06-18
H2-ENC009519,HOSP039238,2026-08-12,Emergency,H2-PROV0016,DEPT017,35957,2025-05-04,2023-11-19
H2-ENC009520,HOSP032342,2022-07-04,Telemedicine,H2-PROV0020,DEPT005,96904,2024-09-01,2026-08-01
H2-ENC009521,HOSP031319,2023-05-20,Emergency,H2-PROV0008,DEPT008,44424,2024-10-02,2023-10-09
H2-ENC009522,HOSP033778,2025-05-30,Emergency,H2-PROV0001,DEPT014,27204,2024-06-05,2025-01-16
H2-ENC009523,HOSP037671,2022-11-22,Telemedicine,H2-PROV0016,DEPT012,51679,2022-06-29,2020-07-18
H2-ENC009524,HOSP016083,2021-08-20,Emergency,H2-PROV0026,DEPT005,62642,2020-12-13,2025-05-03
H2-ENC009525,HOSP037255,2022-09-25,Inpatient,H2-PROV0029,DEPT005,68044,2024-04-09,2025-11-24
H2-ENC009526,HOSP043435,2021-04-20,Telemedicine,H2-PROV0004,DEPT005,86407,2023-06-01,2023-04-28
H2-ENC009527,HOSP047053,2026-07-28,Emergency,H2-PROV0001,DEPT012,20483,2023-11-25,2026-02-11
H2-ENC009528,HOSP021020,2020-03-16,Routine Checkup,H2-PROV0018,DEPT008,75984,2020-09-14,2022-05-31
H2-ENC009529,HOSP042241,2024-10-22,Emergency,H2-PROV0029,DEPT011,59644,2023-05-08,2024-12-26
H2-ENC009530,HOSP003720,2026-08-03,Routine Checkup,H2-PROV0023,DEPT018,79722,2022-01-22,2026-01-10
H2-ENC009531,HOSP022876,2021-04-10,Routine Checkup,H2-PROV0006,DEPT015,44303,2025-10-16,2025-01-15
H2-ENC009532,HOSP045131,2025-03-11,Telemedicine,H2-PROV0026,DEPT010,98690,2026-04-08,2025-08-19
H2-ENC009533,HOSP041622,2026-06-07,Routine Checkup,H2-PROV0029,DEPT010,53504,2021-12-15,2023-04-25
H2-ENC009534,HOSP045726,2023-08-24,Routine Checkup,H2-PROV0016,DEPT012,10886,2020-04-09,2022-12-13
H2-ENC009535,HOSP029234,2023-07-26,Telemedicine,H2-PROV0005,DEPT008,82533,2021-09-07,2023-09-21
H2-ENC009536,HOSP018880,2021-11-29,Emergency,H2-PROV0011,DEPT016,26697,2020-04-28,2020-03-31
H2-ENC009537,HOSP019326,2020-06-03,Outpatient,H2-PROV0005,DEPT012,76611,2023-01-07,2024-03-20
H2-ENC009538,HOSP029476,2024-12-23,Outpatient,H2-PROV0013,DEPT011,64614,2023-06-24,2022-06-30
H2-ENC009539,HOSP019430,2020-10-19,Emergency,H2-PROV0016,DEPT006,80998,2025-12-09,2020-11-28
H2-ENC009540,HOSP019351,2020-08-11,Outpatient,H2-PROV0026,DEPT007,40905,2024-09-02,2022-05-08
H2-ENC009541,HOSP017675,2023-05-03,Telemedicine,H2-PROV0009,DEPT015,91746,2025-01-02,2020-03-29
H2-ENC009542,HOSP025551,2021-04-24,Outpatient,H2-PROV0030,DEPT017,37641,2020-08-12,2025-05-09
H2-ENC009543,HOSP004116,2020-03-19,Inpatient,H2-PROV0024,DEPT018,84805,2024-01-11,2022-06-29
H2-ENC009544,HOSP029363,2023-04-08,Telemedicine,H2-PROV0015,DEPT005,31552,2020-09-11,2025-01-08
H2-ENC009545,HOSP037724,2025-01-23,Telemedicine,H2-PROV0029,DEPT015,34672,2026-08-11,2026-09-14
H2-ENC009546,HOSP047881,2023-03-28,Outpatient,H2-PROV0008,DEPT017,73059,2021-02-27,2025-08-12
H2-ENC009547,HOSP000607,2025-05-06,Emergency,H2-PROV0008,DEPT002,21397,2025-05-28,2024-09-16
H2-ENC009548,HOSP023672,2024-08-17,Emergency,H2-PROV0018,DEPT008,56071,2020-04-15,2021-08-07
H2-ENC009549,HOSP032229,2025-01-19,Telemedicine,H2-PROV0017,DEPT015,34434,2022-08-17,2022-02-25
H2-ENC009550,HOSP049152,2020-01-23,Emergency,H2-PROV0013,DEPT010,68824,2022-01-21,2024-10-03
H2-ENC009551,HOSP043728,2021-09-02,Telemedicine,H2-PROV0018,DEPT018,79355,2020-05-07,2021-07-26
H2-ENC009552,HOSP035492,2023-06-09,Telemedicine,H2-PROV0009,DEPT008,70855,2021-06-07,2026-03-07
H2-ENC009553,HOSP013190,2024-08-23,Routine Checkup,H2-PROV0019,DEPT005,71259,2021-12-30,2021-04-10
H2-ENC009554,HOSP006303,2023-09-09,Outpatient,H2-PROV0010,DEPT009,40255,2024-05-28,2021-10-29
H2-ENC009555,HOSP002957,2026-07-19,Routine Checkup,H2-PROV0014,DEPT010,62990,2025-08-14,2023-11-01
H2-ENC009556,HOSP040069,2022-03-13,Routine Checkup,H2-PROV0002,DEPT020,62642,2021-08-03,2026-01-26
H2-ENC009557,HOSP021882,2020-08-24,Routine Checkup,H2-PROV0006,DEPT015,72365,2022-02-23,2024-09-05
H2-ENC009558,HOSP030416,2020-11-24,Telemedicine,H2-PROV0010,DEPT014,92667,2021-08-16,2024-04-29
H2-ENC009559,HOSP009086,2024-10-11,Inpatient,H2-PROV0001,DEPT018,99710,2023-04-01,2022-06-14
H2-ENC009560,HOSP045105,2023-04-25,Outpatient,H2-PROV0008,DEPT014,15486,2024-11-11,2022-05-09
H2-ENC009561,HOSP049423,2024-09-09,Outpatient,H2-PROV0019,DEPT011,80461,2025-06-09,2026-05-07
H2-ENC009562,HOSP004681,2020-12-17,Emergency,H2-PROV0007,DEPT007,88698,2022-09-12,2020-12-24
H2-ENC009563,HOSP033847,2021-11-23,Inpatient,H2-PROV0010,DEPT001,32873,2021-05-23,2021-05-13
H2-ENC009564,HOSP010568,2022-11-05,Routine Checkup,H2-PROV0025,DEPT020,78904,2025-06-03,2022-09-15
H2-ENC009565,HOSP036318,2020-03-12,Telemedicine,H2-PROV0014,DEPT005,61631,2023-09-08,2026-08-04
H2-ENC009566,HOSP011414,2022-05-15,Routine Checkup,H2-PROV0003,DEPT010,99921,2020-02-24,2022-11-27
H2-ENC009567,HOSP023800,2025-11-12,Emergency,H2-PROV0027,DEPT010,81979,2024-05-19,2023-02-03
H2-ENC009568,HOSP030520,2022-12-15,Outpatient,H2-PROV0028,DEPT005,86172,2020-10-05,2021-05-10
H2-ENC009569,HOSP023663,2022-10-07,Inpatient,H2-PROV0004,DEPT013,13705,2022-01-20,2024-05-17
H2-ENC009570,HOSP047944,2020-03-07,Inpatient,H2-PROV0007,DEPT016,73476,2026-04-15,2024-11-08
H2-ENC009571,HOSP036461,2025-08-07,Telemedicine,H2-PROV0030,DEPT004,74383,2023-01-26,2024-12-14
H2-ENC009572,HOSP047205,2025-10-31,Routine Checkup,H2-PROV0021,DEPT001,25742,2022-07-14,2024-10-18
H2-ENC009573,HOSP044452,2020-12-08,Routine Checkup,H2-PROV0029,DEPT005,70688,2020-07-21,2021-12-21
H2-ENC009574,HOSP007468,2021-07-13,Emergency,H2-PROV0026,DEPT011,27850,2020-07-16,2020-12-29
H2-ENC009575,HOSP029916,2020-01-17,Emergency,H2-PROV0006,DEPT009,55566,2021-06-17,2024-03-25
H2-ENC009576,HOSP040640,2026-07-05,Routine Checkup,H2-PROV0003,DEPT003,98646,2025-07-16,2026-06-01
H2-ENC009577,HOSP013942,2025-04-09,Routine Checkup,H2-PROV0025,DEPT010,86041,2025-04-09,2022-02-25
H2-ENC009578,HOSP040405,2026-05-17,Emergency,H2-PROV0018,DEPT019,28759,2022-07-21,2023-01-10
H2-ENC009579,HOSP039837,2025-01-06,Telemedicine,H2-PROV0014,DEPT001,67997,2023-07-02,2023-12-15
H2-ENC009580,HOSP044033,2021-09-19,Emergency,H2-PROV0010,DEPT012,76259,2020-08-19,2026-05-20
H2-ENC009581,HOSP026652,2021-11-04,Outpatient,H2-PROV0020,DEPT011,60075,2024-06-20,2021-07-30
H2-ENC009582,HOSP011815,2022-02-01,Emergency,H2-PROV0024,DEPT010,55350,2021-05-18,2020-08-21
H2-ENC009583,HOSP029283,2024-02-14,Outpatient,H2-PROV0012,DEPT003,75884,2026-07-20,2024-07-31
H2-ENC009584,HOSP013442,2020-06-05,Outpatient,H2-PROV0030,DEPT008,49410,2025-07-04,2025-08-14
H2-ENC009585,HOSP017561,2025-05-04,Telemedicine,H2-PROV0026,DEPT011,34966,2026-04-18,2020-01-27
H2-ENC009586,HOSP040557,2026-05-23,Outpatient,H2-PROV0020,DEPT019,12415,2023-04-03,2024-01-19
H2-ENC009587,HOSP022701,2021-10-04,Routine Checkup,H2-PROV0004,DEPT020,16990,2020-03-03,2020-08-21
H2-ENC009588,HOSP040007,2021-02-11,Telemedicine,H2-PROV0004,DEPT004,20354,2021-02-20,2020-06-15
H2-ENC009589,HOSP044591,2020-04-18,Emergency,H2-PROV0013,DEPT001,40905,2025-03-16,2024-11-05
H2-ENC009590,HOSP019355,2026-03-15,Inpatient,H2-PROV0019,DEPT019,78730,2020-03-14,2025-10-10
H2-ENC009591,HOSP019387,2023-03-07,Routine Checkup,H2-PROV0007,DEPT004,37404,2025-10-31,2023-08-08
H2-ENC009592,HOSP040080,2025-01-22,Telemedicine,H2-PROV0008,DEPT004,77311,2022-10-04,2025-07-14
H2-ENC009593,HOSP039162,2025-10-26,Outpatient,H2-PROV0001,DEPT010,79458,2020-07-09,2026-09-05
H2-ENC009594,HOSP014519,2026-01-14,Emergency,H2-PROV0001,DEPT018,81402,2024-03-25,2023-06-06
H2-ENC009595,HOSP026399,2022-06-16,Outpatient,H2-PROV0010,DEPT003,61147,2024-10-07,2024-02-23
H2-ENC009596,HOSP036009,2022-12-21,Telemedicine,H2-PROV0003,DEPT011,39256,2020-07-26,2024-06-07
H2-ENC009597,HOSP004975,2025-09-26,Routine Checkup,H2-PROV0008,DEPT010,65668,2023-03-01,2022-06-24
H2-ENC009598,HOSP042701,2025-10-13,Inpatient,H2-PROV0008,DEPT005,96652,2020-08-19,2022-07-28
H2-ENC009599,HOSP025201,2021-10-20,Emergency,H2-PROV0016,DEPT014,25742,2024-12-12,2024-06-02
H2-ENC009600,HOSP026478,2022-10-05,Emergency,H2-PROV0005,DEPT001,96898,2020-07-18,2025-04-06
H2-ENC009601,HOSP013841,2025-04-18,Emergency,H2-PROV0016,DEPT016,78904,2025-06-21,2026-02-13
H2-ENC009602,HOSP024398,2026-02-28,Emergency,H2-PROV0027,DEPT012,94937,2025-07-03,2024-03-14
H2-ENC009603,HOSP001246,2021-08-31,Emergency,H2-PROV0014,DEPT005,69638,2025-02-11,2025-07-28
H2-ENC009604,HOSP031038,2023-12-25,Emergency,H2-PROV0022,DEPT005,33433,2022-07-08,2023-03-28
H2-ENC009605,HOSP028834,2020-09-04,Inpatient,H2-PROV0004,DEPT019,95392,2022-10-01,2022-01-31
H2-ENC009606,HOSP044749,2026-03-22,Telemedicine,H2-PROV0011,DEPT005,90758,2022-03-24,2026-09-21
H2-ENC009607,HOSP004377,2022-01-12,Telemedicine,H2-PROV0030,DEPT004,90838,2025-01-09,2024-01-31
H2-ENC009608,HOSP017255,2026-09-01,Routine Checkup,H2-PROV0027,DEPT020,91746,2020-05-06,2022-03-16
H2-ENC009609,HOSP013580,2024-01-10,Outpatient,H2-PROV0016,DEPT014,54345,2021-04-02,2020-09-11
H2-ENC009610,HOSP046801,2021-03-25,Routine Checkup,H2-PROV0021,DEPT020,48025,2022-10-28,2025-04-23
H2-ENC009611,HOSP020860,2024-08-17,Inpatient,H2-PROV0015,DEPT004,84413,2022-01-01,2026-08-10
H2-ENC009612,HOSP036415,2022-03-09,Telemedicine,H2-PROV0012,DEPT003,48045,2020-01-22,2026-05-06
H2-ENC009613,HOSP030307,2021-06-13,Outpatient,H2-PROV0013,DEPT020,18696,2022-06-26,2025-06-27
H2-ENC009614,HOSP002623,2022-07-30,Emergency,H2-PROV0017,DEPT008,73059,2024-03-17,2025-08-11
H2-ENC009615,HOSP032990,2024-02-28,Routine Checkup,H2-PROV0024,DEPT009,95020,2024-12-27,2021-05-19
H2-ENC009616,HOSP000564,2021-07-04,Inpatient,H2-PROV0015,DEPT018,79683,2026-01-09,2021-12-20
H2-ENC009617,HOSP019182,2022-03-19,Inpatient,H2-PROV0023,DEPT013,48413,2025-12-28,2020-10-01
H2-ENC009618,HOSP035965,2024-06-15,Routine Checkup,H2-PROV0010,DEPT008,44424,2024-08-06,2026-02-22
H2-ENC009619,HOSP021591,2025-08-01,Emergency,H2-PROV0027,DEPT015,51912,2023-03-06,2024-08-21
H2-ENC009620,HOSP001922,2022-08-20,Telemedicine,H2-PROV0006,DEPT007,38609,2022-12-12,2024-09-11
H2-ENC009621,HOSP020343,2022-06-14,Telemedicine,H2-PROV0010,DEPT014,39529,2024-10-20,2021-03-21
H2-ENC009622,HOSP030027,2022-11-04,Inpatient,H2-PROV0019,DEPT010,31322,2023-07-12,2021-11-03
H2-ENC009623,HOSP047848,2024-08-08,Telemedicine,H2-PROV0011,DEPT013,87560,2020-09-11,2025-07-13
H2-ENC009624,HOSP039277,2024-07-14,Inpatient,H2-PROV0019,DEPT014,70100,2022-02-21,2024-08-02
H2-ENC009625,HOSP021989,2022-01-08,Outpatient,H2-PROV0029,DEPT009,92185,2022-01-17,2022-05-31
H2-ENC009626,HOSP037150,2024-02-16,Inpatient,H2-PROV0003,DEPT016,90541,2020-03-25,2024-12-13
H2-ENC009627,HOSP031697,2026-06-18,Outpatient,H2-PROV0012,DEPT003,33811,2024-03-08,2022-05-07
H2-ENC009628,HOSP000597,2022-12-26,Telemedicine,H2-PROV0029,DEPT001,85043,2021-01-18,2024-11-15
H2-ENC009629,HOSP023848,2024-08-21,Telemedicine,H2-PROV0025,DEPT008,41123,2025-02-25,2020-09-26
H2-ENC009630,HOSP023219,2025-07-05,Emergency,H2-PROV0004,DEPT020,33433,2023-08-21,2024-10-26
H2-ENC009631,HOSP031335,2023-12-23,Outpatient,H2-PROV0024,DEPT006,73752,2024-03-05,2022-08-13
H2-ENC009632,HOSP013974,2025-05-14,Outpatient,H2-PROV0011,DEPT005,81825,2023-11-12,2024-06-15
H2-ENC009633,HOSP039995,2021-02-23,Routine Checkup,H2-PROV0020,DEPT002,32809,2021-01-17,2023-09-05
H2-ENC009634,HOSP044471,2023-10-28,Inpatient,H2-PROV0018,DEPT015,64423,2023-01-17,2020-09-25
H2-ENC009635,HOSP008065,2026-07-31,Emergency,H2-PROV0004,DEPT009,61733,2021-11-07,2021-06-06
H2-ENC009636,HOSP048586,2024-10-19,Emergency,H2-PROV0010,DEPT009,20354,2023-10-08,2023-07-31
H2-ENC009637,HOSP032385,2025-05-05,Routine Checkup,H2-PROV0011,DEPT019,15572,2020-02-18,2021-07-26
H2-ENC009638,HOSP024741,2025-05-16,Emergency,H2-PROV0029,DEPT014,14848,2026-03-12,2023-11-10
H2-ENC009639,HOSP023555,2022-11-15,Telemedicine,H2-PROV0023,DEPT008,28774,2026-05-17,2024-07-08
H2-ENC009640,HOSP031901,2021-10-10,Inpatient,H2-PROV0024,DEPT016,95451,2021-07-05,2022-02-15
H2-ENC009641,HOSP002932,2021-10-16,Outpatient,H2-PROV0028,DEPT016,50025,2025-12-02,2026-04-19
H2-ENC009642,HOSP005209,2022-04-18,Outpatient,H2-PROV0018,DEPT008,35799,2022-06-19,2021-12-26
H2-ENC009643,HOSP031864,2025-08-10,Emergency,H2-PROV0020,DEPT012,84421,2025-07-02,2024-01-09
H2-ENC009644,HOSP022615,2023-01-20,Inpatient,H2-PROV0013,DEPT014,65343,2021-09-27,2023-10-10
H2-ENC009645,HOSP039540,2025-10-30,Telemedicine,H2-PROV0003,DEPT009,77671,2026-01-13,2020-06-02
H2-ENC009646,HOSP030895,2025-05-08,Routine Checkup,H2-PROV0015,DEPT006,42200,2021-06-14,2026-08-15
H2-ENC009647,HOSP004972,2021-11-06,Outpatient,H2-PROV0001,DEPT020,95020,2025-06-23,2025-03-23
H2-ENC009648,HOSP021807,2023-03-12,Emergency,H2-PROV0003,DEPT017,54867,2025-06-29,2025-08-23
H2-ENC009649,HOSP021066,2024-12-10,Routine Checkup,H2-PROV0015,DEPT020,48603,2024-07-18,2021-02-28
H2-ENC009650,HOSP008156,2025-03-06,Outpatient,H2-PROV0019,DEPT020,90497,2025-08-10,2026-08-25
H2-ENC009651,HOSP048269,2020-08-07,Outpatient,H2-PROV0005,DEPT013,35802,2023-11-10,2024-04-06
H2-ENC009652,HOSP037951,2021-12-05,Outpatient,H2-PROV0024,DEPT004,97505,2020-03-12,2024-02-04
H2-ENC009653,HOSP004340,2025-08-20,Inpatient,H2-PROV0024,DEPT005,53687,2025-06-16,2025-09-03
H2-ENC009654,HOSP017023,2025-02-26,Emergency,H2-PROV0018,DEPT017,60975,2021-03-23,2025-02-12
H2-ENC009655,HOSP046842,2020-08-03,Routine Checkup,H2-PROV0011,DEPT012,49874,2024-10-26,2022-10-09
H2-ENC009656,HOSP029473,2024-02-21,Routine Checkup,H2-PROV0024,DEPT010,85865,2025-01-12,2022-04-25
H2-ENC009657,HOSP015363,2024-09-15,Inpatient,H2-PROV0013,DEPT007,83919,2024-08-15,2023-01-24
H2-ENC009658,HOSP007427,2024-06-02,Telemedicine,H2-PROV0026,DEPT004,65343,2024-06-27,2026-07-05
H2-ENC009659,HOSP025468,2023-10-14,Routine Checkup,H2-PROV0006,DEPT014,52613,2025-01-20,2024-11-21
H2-ENC009660,HOSP008619,2022-06-25,Outpatient,H2-PROV0020,DEPT003,15076,2022-06-29,2020-08-14
H2-ENC009661,HOSP036267,2025-08-27,Telemedicine,H2-PROV0005,DEPT015,51588,2020-12-23,2025-12-04
H2-ENC009662,HOSP000621,2024-10-02,Emergency,H2-PROV0020,DEPT004,80084,2025-01-13,2026-07-20
H2-ENC009663,HOSP048455,2020-05-19,Telemedicine,H2-PROV0024,DEPT004,80441,2023-09-16,2026-01-18
H2-ENC009664,HOSP019801,2025-02-15,Emergency,H2-PROV0004,DEPT002,55611,2022-12-20,2026-06-28
H2-ENC009665,HOSP004595,2025-07-14,Routine Checkup,H2-PROV0005,DEPT004,46668,2024-05-27,2025-07-22
H2-ENC009666,HOSP028888,2023-11-04,Inpatient,H2-PROV0004,DEPT010,89742,2026-02-16,2026-09-03
H2-ENC009667,HOSP046626,2021-10-08,Telemedicine,H2-PROV0020,DEPT010,13489,2020-09-02,2023-01-05
H2-ENC009668,HOSP022718,2026-09-30,Outpatient,H2-PROV0020,DEPT011,62642,2021-08-15,2024-12-24
H2-ENC009669,HOSP040983,2024-03-19,Outpatient,H2-PROV0007,DEPT006,17352,2021-09-05,2020-11-14
H2-ENC009670,HOSP025658,2020-12-17,Routine Checkup,H2-PROV0030,DEPT011,56195,2024-04-05,2024-11-09
H2-ENC009671,HOSP039773,2025-05-08,Emergency,H2-PROV0030,DEPT002,20476,2022-08-23,2025-02-14
H2-ENC009672,HOSP010297,2022-09-07,Telemedicine,H2-PROV0004,DEPT015,38675,2023-03-25,2023-05-15
H2-ENC009673,HOSP030648,2020-03-01,Outpatient,H2-PROV0021,DEPT018,69450,2025-12-31,2024-02-09
H2-ENC009674,HOSP010278,2026-06-10,Inpatient,H2-PROV0014,DEPT004,47378,2024-07-25,2024-01-03
H2-ENC009675,HOSP043487,2025-03-24,Routine Checkup,H2-PROV0028,DEPT009,96789,2021-12-25,2024-03-16
H2-ENC009676,HOSP026753,2022-06-03,Telemedicine,H2-PROV0019,DEPT004,14200,2025-09-30,2022-09-09
H2-ENC009677,HOSP016032,2023-11-11,Routine Checkup,H2-PROV0008,DEPT002,66023,2021-11-20,2025-06-20
H2-ENC009678,HOSP008308,2022-11-07,Telemedicine,H2-PROV0029,DEPT012,32565,2026-06-26,2021-07-28
H2-ENC009679,HOSP034393,2026-03-15,Routine Checkup,H2-PROV0003,DEPT010,67522,2025-03-24,2022-07-16
H2-ENC009680,HOSP020099,2025-06-28,Inpatient,H2-PROV0013,DEPT013,53320,2023-12-04,2021-11-17
H2-ENC009681,HOSP026878,2026-02-12,Routine Checkup,H2-PROV0025,DEPT014,18696,2023-06-03,2024-05-02
H2-ENC009682,HOSP002664,2026-06-04,Routine Checkup,H2-PROV0021,DEPT007,24028,2024-08-06,2023-09-28
H2-ENC009683,HOSP004072,2020-06-18,Inpatient,H2-PROV0012,DEPT006,65966,2020-06-11,2026-05-26
H2-ENC009684,HOSP047539,2025-03-08,Inpatient,H2-PROV0023,DEPT014,91918,2023-11-12,2022-12-13
H2-ENC009685,HOSP032165,2022-03-16,Emergency,H2-PROV0020,DEPT010,31734,2024-08-14,2020-02-13
H2-ENC009686,HOSP018489,2022-01-05,Telemedicine,H2-PROV0023,DEPT009,85865,2024-04-13,2022-06-06
H2-ENC009687,HOSP032991,2024-05-27,Routine Checkup,H2-PROV0008,DEPT010,31441,2020-03-16,2024-07-05
H2-ENC009688,HOSP038368,2021-10-10,Inpatient,H2-PROV0025,DEPT005,92506,2025-06-28,2024-03-25
H2-ENC009689,HOSP044905,2020-02-18,Outpatient,H2-PROV0009,DEPT012,95392,2026-08-25,2025-12-21
H2-ENC009690,HOSP007612,2026-06-03,Routine Checkup,H2-PROV0004,DEPT002,60075,2026-06-09,2025-05-22
H2-ENC009691,HOSP029163,2024-01-22,Routine Checkup,H2-PROV0015,DEPT017,85865,2023-09-20,2021-08-12
H2-ENC009692,HOSP006565,2020-08-27,Routine Checkup,H2-PROV0014,DEPT019,93755,2022-04-06,2023-12-27
H2-ENC009693,HOSP023395,2020-08-19,Routine Checkup,H2-PROV0012,DEPT006,34434,2023-11-10,2023-02-08
H2-ENC009694,HOSP047338,2023-06-12,Inpatient,H2-PROV0001,DEPT010,63721,2026-07-11,2021-10-28
H2-ENC009695,HOSP000624,2025-05-11,Telemedicine,H2-PROV0019,DEPT006,84874,2021-03-25,2025-02-27
H2-ENC009696,HOSP024094,2023-05-01,Telemedicine,H2-PROV0016,DEPT017,23432,2026-02-11,2026-08-17
H2-ENC009697,HOSP017860,2023-10-27,Emergency,H2-PROV0002,DEPT007,17666,2026-08-21,2024-10-06
H2-ENC009698,HOSP049415,2023-10-07,Outpatient,H2-PROV0017,DEPT004,68428,2024-05-05,2025-09-25
H2-ENC009699,HOSP023872,2020-08-18,Outpatient,H2-PROV0002,DEPT005,20258,2021-12-30,2026-07-11
H2-ENC009700,HOSP039946,2023-04-17,Routine Checkup,H2-PROV0009,DEPT001,60196,2020-02-28,2020-05-07
H2-ENC009701,HOSP023625,2021-10-27,Telemedicine,H2-PROV0020,DEPT016,69288,2023-09-04,2025-02-16
H2-ENC009702,HOSP010258,2021-11-28,Outpatient,H2-PROV0026,DEPT016,90708,2024-05-08,2024-04-08
H2-ENC009703,HOSP033044,2023-11-10,Inpatient,H2-PROV0001,DEPT016,97125,2024-02-13,2021-04-10
H2-ENC009704,HOSP048096,2021-02-10,Emergency,H2-PROV0012,DEPT001,50025,2020-06-05,2024-09-03
H2-ENC009705,HOSP042055,2022-04-07,Emergency,H2-PROV0006,DEPT014,35971,2020-12-27,2022-01-25
H2-ENC009706,HOSP043193,2025-12-01,Telemedicine,H2-PROV0029,DEPT012,80121,2020-12-15,2021-01-10
H2-ENC009707,HOSP039023,2025-09-02,Inpatient,H2-PROV0004,DEPT010,11400,2025-11-19,2026-05-09
H2-ENC009708,HOSP003048,2024-07-25,Outpatient,H2-PROV0006,DEPT007,15787,2023-07-19,2023-06-07
H2-ENC009709,HOSP033737,2022-01-20,Routine Checkup,H2-PROV0007,DEPT018,46814,2025-01-04,2020-06-22
H2-ENC009710,HOSP036072,2020-03-09,Routine Checkup,H2-PROV0024,DEPT011,20782,2023-04-22,2021-06-19
H2-ENC009711,HOSP041302,2024-04-11,Outpatient,H2-PROV0011,DEPT016,94100,2024-02-26,2025-06-27
H2-ENC009712,HOSP048591,2021-12-25,Outpatient,H2-PROV0009,DEPT004,45994,2021-06-14,2025-05-26
H2-ENC009713,HOSP022798,2023-01-01,Routine Checkup,H2-PROV0011,DEPT005,68587,2024-07-30,2025-01-01
H2-ENC009714,HOSP045021,2024-12-14,Telemedicine,H2-PROV0027,DEPT015,37425,2025-06-01,2022-01-05
H2-ENC009715,HOSP019129,2020-09-29,Inpatient,H2-PROV0004,DEPT014,50068,2025-02-08,2022-08-10
H2-ENC009716,HOSP045965,2022-01-21,Emergency,H2-PROV0013,DEPT016,42322,2022-10-21,2025-01-31
H2-ENC009717,HOSP003421,2024-04-16,Outpatient,H2-PROV0001,DEPT009,22628,2020-05-04,2021-07-18
H2-ENC009718,HOSP008691,2025-12-10,Emergency,H2-PROV0010,DEPT002,66527,2021-12-17,2024-12-20
H2-ENC009719,HOSP048953,2024-08-30,Outpatient,H2-PROV0028,DEPT009,40905,2023-01-01,2020-08-30
H2-ENC009720,HOSP001810,2021-05-16,Routine Checkup,H2-PROV0015,DEPT014,20258,2021-01-11,2022-07-30
H2-ENC009721,HOSP039934,2023-04-05,Emergency,H2-PROV0011,DEPT018,15254,2020-06-10,2023-10-01
H2-ENC009722,HOSP042894,2020-07-06,Inpatient,H2-PROV0010,DEPT014,91918,2024-07-13,2022-04-21
H2-ENC009723,HOSP035059,2023-04-28,Emergency,H2-PROV0030,DEPT007,48754,2020-09-03,2024-12-03
H2-ENC009724,HOSP038783,2025-12-03,Outpatient,H2-PROV0017,DEPT009,57849,2026-09-18,2025-04-15
H2-ENC009725,HOSP020063,2021-05-14,Telemedicine,H2-PROV0019,DEPT019,64993,2023-03-13,2024-06-27
H2-ENC009726,HOSP035776,2025-05-15,Inpatient,H2-PROV0021,DEPT003,63043,2020-07-09,2022-05-16
H2-ENC009727,HOSP031506,2022-04-02,Emergency,H2-PROV0005,DEPT001,43247,2023-08-31,2024-04-26
H2-ENC009728,HOSP014972,2023-12-25,Telemedicine,H2-PROV0030,DEPT005,38212,2023-01-02,2022-09-09
H2-ENC009729,HOSP035663,2023-07-25,Inpatient,H2-PROV0017,DEPT014,12930,2025-09-25,2023-11-04
H2-ENC009730,HOSP047927,2021-11-01,Telemedicine,H2-PROV0028,DEPT007,82533,2020-04-13,2023-11-13
H2-ENC009731,HOSP017681,2025-01-08,Telemedicine,H2-PROV0015,DEPT016,12888,2025-11-01,2024-01-18
H2-ENC009732,HOSP033950,2020-09-28,Outpatient,H2-PROV0001,DEPT015,90392,2020-10-15,2026-04-23
H2-ENC009733,HOSP033970,2020-07-13,Outpatient,H2-PROV0014,DEPT012,93015,2025-02-22,2020-05-14
H2-ENC009734,HOSP033893,2020-10-14,Telemedicine,H2-PROV0010,DEPT009,48413,2023-04-27,2023-04-29
H2-ENC009735,HOSP040699,2026-01-06,Outpatient,H2-PROV0019,DEPT006,97201,2022-02-28,2025-06-20
H2-ENC009736,HOSP040422,2024-01-30,Telemedicine,H2-PROV0014,DEPT018,34114,2025-11-25,2026-07-01
H2-ENC009737,HOSP007269,2026-09-16,Routine Checkup,H2-PROV0021,DEPT018,54599,2024-07-18,2024-01-19
H2-ENC009738,HOSP005587,2023-10-11,Inpatient,H2-PROV0026,DEPT009,39231,2021-09-19,2024-04-17
H2-ENC009739,HOSP039739,2020-06-14,Inpatient,H2-PROV0006,DEPT016,77590,2024-03-03,2023-01-21
H2-ENC009740,HOSP011948,2022-03-11,Emergency,H2-PROV0024,DEPT006,81979,2020-12-24,2023-07-21
H2-ENC009741,HOSP033426,2024-07-15,Outpatient,H2-PROV0022,DEPT019,12888,2024-05-20,2024-11-10
H2-ENC009742,HOSP032422,2025-02-03,Routine Checkup,H2-PROV0027,DEPT006,12259,2025-10-12,2025-05-21
H2-ENC009743,HOSP028659,2023-09-23,Outpatient,H2-PROV0002,DEPT002,62642,2022-12-11,2022-02-17
H2-ENC009744,HOSP014820,2024-09-24,Emergency,H2-PROV0003,DEPT018,99174,2024-12-07,2025-05-27
H2-ENC009745,HOSP040981,2025-04-01,Inpatient,H2-PROV0016,DEPT011,13985,2023-07-15,2025-07-11
H2-ENC009746,HOSP019761,2020-07-30,Routine Checkup,H2-PROV0017,DEPT007,35957,2020-08-26,2020-02-28
H2-ENC009747,HOSP001987,2020-02-06,Telemedicine,H2-PROV0024,DEPT018,28046,2025-04-10,2024-12-23
H2-ENC009748,HOSP029841,2024-01-08,Emergency,H2-PROV0023,DEPT004,48413,2021-09-07,2021-01-02
H2-ENC009749,HOSP044985,2021-01-12,Routine Checkup,H2-PROV0008,DEPT019,18657,2020-05-08,2024-12-12
H2-ENC009750,HOSP028004,2024-01-28,Emergency,H2-PROV0016,DEPT009,78741,2021-02-21,2025-03-15
H2-ENC009751,HOSP037394,2021-11-29,Routine Checkup,H2-PROV0019,DEPT007,32565,2022-05-09,2021-01-16
H2-ENC009752,HOSP020019,2023-05-16,Emergency,H2-PROV0026,DEPT013,96898,2024-02-08,2022-12-04
H2-ENC009753,HOSP008581,2022-01-15,Outpatient,H2-PROV0010,DEPT014,47609,2020-04-30,2020-10-25
H2-ENC009754,HOSP023002,2025-08-04,Inpatient,H2-PROV0015,DEPT007,31621,2025-06-05,2026-05-12
H2-ENC009755,HOSP025992,2023-02-05,Emergency,H2-PROV0008,DEPT004,55663,2020-02-22,2020-02-05
H2-ENC009756,HOSP026421,2025-04-14,Inpatient,H2-PROV0006,DEPT005,76537,2021-12-14,2023-05-18
H2-ENC009757,HOSP045568,2025-07-30,Telemedicine,H2-PROV0027,DEPT016,61123,2021-10-16,2024-08-02
H2-ENC009758,HOSP028989,2022-06-13,Telemedicine,H2-PROV0013,DEPT004,73476,2024-10-12,2022-01-24
H2-ENC009759,HOSP018455,2024-05-27,Telemedicine,H2-PROV0002,DEPT014,78665,2026-01-08,2020-12-21
H2-ENC009760,HOSP006700,2022-05-13,Inpatient,H2-PROV0006,DEPT008,27850,2020-12-15,2024-11-01
H2-ENC009761,HOSP038160,2024-07-26,Outpatient,H2-PROV0017,DEPT010,12747,2020-05-04,2026-06-01
H2-ENC009762,HOSP047272,2022-06-04,Outpatient,H2-PROV0028,DEPT005,85792,2021-10-26,2023-03-09
H2-ENC009763,HOSP030468,2024-03-12,Outpatient,H2-PROV0025,DEPT008,76447,2020-09-08,2020-01-21
H2-ENC009764,HOSP041847,2025-04-07,Routine Checkup,H2-PROV0024,DEPT018,72068,2023-01-26,2024-09-19
H2-ENC009765,HOSP046213,2025-07-13,Telemedicine,H2-PROV0004,DEPT003,17666,2024-11-20,2022-07-09
H2-ENC009766,HOSP007498,2022-04-05,Emergency,H2-PROV0002,DEPT005,96903,2021-05-03,2021-07-03
H2-ENC009767,HOSP025247,2021-01-01,Telemedicine,H2-PROV0007,DEPT020,21297,2026-06-24,2023-03-20
H2-ENC009768,HOSP029823,2020-05-18,Telemedicine,H2-PROV0016,DEPT003,78999,2022-11-16,2021-01-29
H2-ENC009769,HOSP040756,2021-01-14,Telemedicine,H2-PROV0026,DEPT019,93558,2026-08-10,2026-05-13
H2-ENC009770,HOSP037963,2022-08-04,Inpatient,H2-PROV0027,DEPT019,11908,2025-03-15,2024-08-13
H2-ENC009771,HOSP019002,2023-01-24,Telemedicine,H2-PROV0005,DEPT009,93755,2022-01-03,2022-02-14
H2-ENC009772,HOSP047454,2020-04-01,Inpatient,H2-PROV0013,DEPT015,56003,2020-09-30,2020-10-24
H2-ENC009773,HOSP039395,2023-05-06,Outpatient,H2-PROV0001,DEPT007,20174,2021-11-20,2024-11-18
H2-ENC009774,HOSP031869,2023-01-18,Outpatient,H2-PROV0029,DEPT016,15696,2021-04-03,2025-03-05
H2-ENC009775,HOSP004718,2022-03-25,Outpatient,H2-PROV0026,DEPT017,56393,2025-02-08,2026-06-23
H2-ENC009776,HOSP010830,2020-10-31,Emergency,H2-PROV0020,DEPT012,93733,2020-02-07,2025-09-24
H2-ENC009777,HOSP019070,2026-05-16,Emergency,H2-PROV0018,DEPT001,37042,2020-05-07,2020-02-24
H2-ENC009778,HOSP041344,2021-09-26,Inpatient,H2-PROV0030,DEPT016,40402,2023-03-02,2026-07-20
H2-ENC009779,HOSP031097,2025-08-31,Outpatient,H2-PROV0020,DEPT017,32995,2021-06-08,2023-06-09
H2-ENC009780,HOSP040824,2021-09-22,Inpatient,H2-PROV0007,DEPT005,79266,2023-04-28,2026-09-29
H2-ENC009781,HOSP044280,2026-01-27,Emergency,H2-PROV0012,DEPT015,49171,2024-08-31,2022-02-12
H2-ENC009782,HOSP039647,2021-01-30,Routine Checkup,H2-PROV0007,DEPT008,55566,2023-06-30,2024-04-05
H2-ENC009783,HOSP027461,2024-01-25,Outpatient,H2-PROV0021,DEPT008,75884,2020-08-19,2022-09-09
H2-ENC009784,HOSP006552,2020-07-19,Emergency,H2-PROV0008,DEPT017,46256,2021-04-16,2024-07-27
H2-ENC009785,HOSP010184,2025-03-11,Inpatient,H2-PROV0016,DEPT018,18148,2025-10-07,2022-05-31
H2-ENC009786,HOSP040149,2026-02-01,Outpatient,H2-PROV0016,DEPT014,79719,2022-01-29,2021-02-23
H2-ENC009787,HOSP045272,2025-09-17,Emergency,H2-PROV0008,DEPT007,86571,2021-09-30,2025-06-11
H2-ENC009788,HOSP007463,2025-02-13,Routine Checkup,H2-PROV0019,DEPT020,84089,2023-09-01,2020-09-14
H2-ENC009789,HOSP009229,2025-04-03,Telemedicine,H2-PROV0023,DEPT013,75599,2021-07-17,2022-03-25
H2-ENC009790,HOSP042726,2021-03-12,Inpatient,H2-PROV0021,DEPT014,15076,2020-11-09,2024-12-11
H2-ENC009791,HOSP012847,2026-05-25,Telemedicine,H2-PROV0022,DEPT011,12046,2020-11-01,2022-02-15
H2-ENC009792,HOSP002299,2022-08-09,Telemedicine,H2-PROV0020,DEPT010,55871,2024-05-14,2023-06-15
H2-ENC009793,HOSP047989,2025-03-27,Inpatient,H2-PROV0018,DEPT018,69052,2024-01-23,2026-02-08
H2-ENC009794,HOSP007698,2023-06-21,Outpatient,H2-PROV0005,DEPT009,75745,2024-07-12,2021-09-02
H2-ENC009795,HOSP040681,2025-01-24,Routine Checkup,H2-PROV0005,DEPT011,31189,2020-03-28,2025-11-12
H2-ENC009796,HOSP042529,2021-12-14,Telemedicine,H2-PROV0019,DEPT006,59727,2025-09-24,2023-10-24
H2-ENC009797,HOSP043959,2026-09-09,Telemedicine,H2-PROV0009,DEPT010,35331,2026-06-25,2024-02-11
H2-ENC009798,HOSP048696,2023-05-09,Emergency,H2-PROV0009,DEPT009,90489,2020-07-03,2024-12-11
H2-ENC009799,HOSP029951,2022-01-15,Telemedicine,H2-PROV0029,DEPT016,20581,2022-04-21,2021-05-04
H2-ENC009800,HOSP006884,2023-01-11,Telemedicine,H2-PROV0020,DEPT017,13755,2022-02-12,2024-03-22
H2-ENC009801,HOSP006663,2023-10-28,Inpatient,H2-PROV0026,DEPT011,71994,2024-09-02,2021-01-24
H2-ENC009802,HOSP007345,2021-09-24,Outpatient,H2-PROV0018,DEPT014,90542,2021-02-08,2022-06-23
H2-ENC009803,HOSP018621,2026-04-25,Inpatient,H2-PROV0030,DEPT002,40842,2022-07-18,2021-09-03
H2-ENC009804,HOSP032437,2026-07-08,Outpatient,H2-PROV0016,DEPT011,35243,2025-12-27,2020-06-15
H2-ENC009805,HOSP001694,2023-05-02,Routine Checkup,H2-PROV0005,DEPT014,26297,2023-08-30,2024-03-26
H2-ENC009806,HOSP041850,2020-06-17,Routine Checkup,H2-PROV0030,DEPT004,64993,2024-09-22,2023-12-17
H2-ENC009807,HOSP004561,2024-11-06,Outpatient,H2-PROV0024,DEPT014,86172,2024-06-08,2025-02-22
H2-ENC009808,HOSP032361,2026-07-26,Inpatient,H2-PROV0019,DEPT008,64840,2022-04-30,2023-10-29
H2-ENC009809,HOSP036914,2023-02-10,Routine Checkup,H2-PROV0012,DEPT017,12490,2024-04-19,2025-07-28
H2-ENC009810,HOSP020094,2026-08-01,Telemedicine,H2-PROV0029,DEPT018,24371,2025-08-03,2023-01-04
H2-ENC009811,HOSP027543,2024-02-11,Inpatient,H2-PROV0006,DEPT009,75745,2021-06-08,2025-06-28
H2-ENC009812,HOSP039240,2025-08-29,Outpatient,H2-PROV0011,DEPT006,28906,2021-09-18,2025-12-30
H2-ENC009813,HOSP002510,2025-06-15,Routine Checkup,H2-PROV0020,DEPT007,89360,2026-06-03,2023-12-22
H2-ENC009814,HOSP026400,2023-01-21,Telemedicine,H2-PROV0023,DEPT007,46669,2020-10-29,2024-12-28
H2-ENC009815,HOSP045537,2020-05-14,Emergency,H2-PROV0025,DEPT013,20203,2026-09-18,2020-05-18
H2-ENC009816,HOSP010134,2020-06-23,Outpatient,H2-PROV0010,DEPT003,64881,2025-05-22,2025-06-19
H2-ENC009817,HOSP032141,2025-10-07,Outpatient,H2-PROV0011,DEPT010,98646,2022-04-14,2025-01-02
H2-ENC009818,HOSP031917,2023-12-18,Inpatient,H2-PROV0013,DEPT004,40255,2023-04-15,2021-09-09
H2-ENC009819,HOSP038767,2026-03-05,Routine Checkup,H2-PROV0008,DEPT003,96904,2023-07-04,2025-10-15
H2-ENC009820,HOSP019950,2025-05-08,Outpatient,H2-PROV0019,DEPT019,33580,2020-03-05,2024-12-28
H2-ENC009821,HOSP012833,2026-07-20,Telemedicine,H2-PROV0013,DEPT005,89421,2024-02-21,2021-05-17
H2-ENC009822,HOSP028410,2026-07-28,Telemedicine,H2-PROV0027,DEPT016,72220,2025-05-10,2020-03-29
H2-ENC009823,HOSP006202,2023-08-01,Outpatient,H2-PROV0023,DEPT005,94566,2026-10-05,2026-10-01
H2-ENC009824,HOSP023538,2021-11-26,Inpatient,H2-PROV0012,DEPT016,79722,2024-03-08,2021-05-24
H2-ENC009825,HOSP020722,2023-05-17,Emergency,H2-PROV0029,DEPT010,30076,2023-01-20,2020-09-18
H2-ENC009826,HOSP025324,2020-03-07,Emergency,H2-PROV0016,DEPT011,94775,2026-09-22,2023-01-17
H2-ENC009827,HOSP030474,2025-09-24,Telemedicine,H2-PROV0002,DEPT002,24178,2022-07-28,2022-08-24
H2-ENC009828,HOSP033968,2020-07-05,Emergency,H2-PROV0006,DEPT010,53233,2021-06-20,2025-11-25
H2-ENC009829,HOSP048054,2025-04-18,Inpatient,H2-PROV0020,DEPT013,32615,2024-04-08,2020-09-12
H2-ENC009830,HOSP020740,2022-06-19,Emergency,H2-PROV0003,DEPT014,39231,2023-12-08,2020-02-13
H2-ENC009831,HOSP026376,2022-09-01,Emergency,H2-PROV0021,DEPT001,95020,2024-03-09,2020-01-19
H2-ENC009832,HOSP001039,2022-10-15,Emergency,H2-PROV0018,DEPT019,40597,2024-02-01,2023-07-09
H2-ENC009833,HOSP018572,2023-08-13,Routine Checkup,H2-PROV0020,DEPT008,87560,2022-03-22,2020-10-27
H2-ENC009834,HOSP041571,2025-11-07,Outpatient,H2-PROV0010,DEPT009,80325,2022-11-08,2025-08-17
H2-ENC009835,HOSP041365,2021-10-01,Routine Checkup,H2-PROV0025,DEPT009,79250,2024-01-15,2026-02-06
H2-ENC009836,HOSP000329,2020-02-12,Inpatient,H2-PROV0029,DEPT001,73598,2023-01-11,2021-07-03
H2-ENC009837,HOSP031054,2020-06-18,Routine Checkup,H2-PROV0014,DEPT005,69638,2021-04-24,2024-12-10
H2-ENC009838,HOSP020404,2023-01-12,Emergency,H2-PROV0002,DEPT001,10661,2023-03-31,2021-06-05
H2-ENC009839,HOSP016838,2020-04-13,Telemedicine,H2-PROV0009,DEPT019,47609,2022-03-16,2024-04-27
H2-ENC009840,HOSP023924,2022-08-01,Outpatient,H2-PROV0009,DEPT009,27385,2025-06-02,2023-07-07
H2-ENC009841,HOSP007284,2026-04-29,Emergency,H2-PROV0018,DEPT016,49292,2023-05-09,2021-10-17
H2-ENC009842,HOSP034950,2021-01-04,Telemedicine,H2-PROV0002,DEPT013,55376,2020-04-14,2025-06-04
H2-ENC009843,HOSP022823,2024-07-12,Emergency,H2-PROV0025,DEPT006,11052,2023-04-15,2020-09-16
H2-ENC009844,HOSP035980,2020-07-19,Emergency,H2-PROV0006,DEPT015,26697,2024-12-26,2024-06-13
H2-ENC009845,HOSP031187,2023-02-21,Routine Checkup,H2-PROV0029,DEPT008,42322,2026-08-18,2021-02-13
H2-ENC009846,HOSP021770,2025-11-14,Telemedicine,H2-PROV0025,DEPT003,34096,2025-02-02,2021-01-21
H2-ENC009847,HOSP022938,2025-10-14,Outpatient,H2-PROV0003,DEPT011,67844,2022-07-23,2021-09-15
H2-ENC009848,HOSP039967,2024-01-14,Emergency,H2-PROV0022,DEPT018,78323,2024-07-21,2026-10-03
H2-ENC009849,HOSP028918,2021-12-16,Outpatient,H2-PROV0019,DEPT007,11845,2024-04-01,2021-04-20
H2-ENC009850,HOSP008496,2026-02-26,Inpatient,H2-PROV0001,DEPT019,51679,2024-11-20,2021-12-18
H2-ENC009851,HOSP013212,2025-12-24,Inpatient,H2-PROV0009,DEPT020,93338,2023-05-27,2025-12-23
H2-ENC009852,HOSP009583,2023-09-20,Inpatient,H2-PROV0018,DEPT013,65995,2021-10-28,2023-03-27
H2-ENC009853,HOSP041581,2024-09-04,Emergency,H2-PROV0005,DEPT011,34551,2025-09-01,2021-08-03
H2-ENC009854,HOSP034591,2025-08-24,Emergency,H2-PROV0013,DEPT012,16146,2024-04-26,2020-04-04
H2-ENC009855,HOSP007470,2022-05-27,Inpatient,H2-PROV0012,DEPT006,34439,2020-10-05,2025-11-23
H2-ENC009856,HOSP024845,2023-06-17,Routine Checkup,H2-PROV0020,DEPT005,95451,2024-04-25,2025-10-13
H2-ENC009857,HOSP013740,2024-08-05,Telemedicine,H2-PROV0007,DEPT015,13985,2021-07-25,2020-11-15
H2-ENC009858,HOSP017040,2022-06-11,Emergency,H2-PROV0023,DEPT002,46444,2023-09-01,2026-04-21
H2-ENC009859,HOSP011145,2023-06-12,Telemedicine,H2-PROV0030,DEPT013,61123,2026-09-04,2024-08-03
H2-ENC009860,HOSP003991,2023-09-08,Inpatient,H2-PROV0007,DEPT011,16614,2023-06-12,2020-12-10
H2-ENC009861,HOSP040919,2020-11-14,Inpatient,H2-PROV0016,DEPT009,56624,2025-03-20,2021-07-24
H2-ENC009862,HOSP036031,2020-10-29,Emergency,H2-PROV0010,DEPT011,50070,2023-02-26,2026-08-10
H2-ENC009863,HOSP022303,2026-05-29,Emergency,H2-PROV0018,DEPT017,51571,2025-11-29,2025-05-20
H2-ENC009864,HOSP036454,2023-09-10,Emergency,H2-PROV0022,DEPT005,33811,2023-08-08,2024-12-13
H2-ENC009865,HOSP047880,2024-07-13,Outpatient,H2-PROV0006,DEPT014,22275,2026-07-27,2023-05-08
H2-ENC009866,HOSP030152,2021-02-27,Inpatient,H2-PROV0005,DEPT014,69450,2020-03-31,2021-12-25
H2-ENC009867,HOSP001910,2022-08-26,Outpatient,H2-PROV0014,DEPT020,15544,2022-06-02,2025-02-09
H2-ENC009868,HOSP009761,2023-11-15,Inpatient,H2-PROV0015,DEPT008,67757,2025-07-17,2021-10-18
H2-ENC009869,HOSP006233,2022-06-28,Routine Checkup,H2-PROV0029,DEPT005,77626,2025-08-12,2025-03-18
H2-ENC009870,HOSP044371,2020-10-06,Inpatient,H2-PROV0011,DEPT008,84089,2022-06-26,2023-05-05
H2-ENC009871,HOSP015420,2022-11-15,Inpatient,H2-PROV0017,DEPT010,51912,2025-04-17,2024-02-04
H2-ENC009872,HOSP015025,2020-09-09,Inpatient,H2-PROV0025,DEPT017,76259,2025-12-07,2023-06-20
H2-ENC009873,HOSP004329,2020-04-02,Inpatient,H2-PROV0027,DEPT011,95525,2021-05-08,2020-10-26
H2-ENC009874,HOSP046160,2022-11-17,Routine Checkup,H2-PROV0004,DEPT016,70100,2022-11-29,2025-01-10
H2-ENC009875,HOSP047545,2025-11-18,Inpatient,H2-PROV0005,DEPT012,41054,2022-01-09,2025-06-25
H2-ENC009876,HOSP023953,2021-12-01,Emergency,H2-PROV0009,DEPT014,74768,2022-01-09,2020-10-24
H2-ENC009877,HOSP022715,2023-11-26,Inpatient,H2-PROV0019,DEPT001,79936,2020-11-21,2020-09-30
H2-ENC009878,HOSP019722,2024-05-17,Outpatient,H2-PROV0007,DEPT007,85154,2025-04-06,2024-01-04
H2-ENC009879,HOSP031104,2026-06-01,Emergency,H2-PROV0002,DEPT015,37425,2020-09-08,2020-09-02
H2-ENC009880,HOSP028705,2022-09-22,Inpatient,H2-PROV0027,DEPT019,84958,2022-04-13,2022-12-15
H2-ENC009881,HOSP024669,2024-04-18,Inpatient,H2-PROV0024,DEPT005,96903,2025-04-29,2021-10-23
H2-ENC009882,HOSP044153,2023-07-13,Outpatient,H2-PROV0008,DEPT015,52520,2024-05-03,2021-04-16
H2-ENC009883,HOSP017493,2022-06-11,Outpatient,H2-PROV0007,DEPT005,19290,2020-10-23,2024-06-26
H2-ENC009884,HOSP033068,2020-06-20,Outpatient,H2-PROV0016,DEPT008,80451,2021-06-24,2020-08-28
H2-ENC009885,HOSP016818,2022-09-18,Inpatient,H2-PROV0029,DEPT002,97224,2025-02-04,2023-10-25
H2-ENC009886,HOSP044125,2025-06-29,Emergency,H2-PROV0017,DEPT010,82533,2025-07-17,2022-01-06
H2-ENC009887,HOSP003435,2025-09-27,Outpatient,H2-PROV0006,DEPT010,15696,2021-04-23,2025-07-08
H2-ENC009888,HOSP004362,2024-08-31,Telemedicine,H2-PROV0018,DEPT016,62807,2026-05-12,2022-11-12
H2-ENC009889,HOSP025432,2020-02-10,Outpatient,H2-PROV0024,DEPT010,64484,2022-01-18,2020-07-18
H2-ENC009890,HOSP041494,2026-09-17,Inpatient,H2-PROV0007,DEPT014,49410,2021-02-17,2024-10-07
H2-ENC009891,HOSP020588,2022-02-20,Outpatient,H2-PROV0013,DEPT002,21309,2020-10-01,2026-02-15
H2-ENC009892,HOSP021584,2021-05-22,Outpatient,H2-PROV0023,DEPT018,33811,2020-06-10,2025-01-28
H2-ENC009893,HOSP013876,2022-06-21,Emergency,H2-PROV0016,DEPT019,80367,2021-05-03,2020-10-07
H2-ENC009894,HOSP032208,2025-07-23,Telemedicine,H2-PROV0003,DEPT013,95392,2026-03-04,2020-10-29
H2-ENC009895,HOSP005708,2026-05-30,Routine Checkup,H2-PROV0012,DEPT005,85865,2026-01-28,2022-07-10
H2-ENC009896,HOSP010684,2022-01-24,Inpatient,H2-PROV0023,DEPT006,43247,2022-06-11,2021-12-26
H2-ENC009897,HOSP008030,2021-05-30,Routine Checkup,H2-PROV0003,DEPT007,11421,2023-05-12,2026-02-01
H2-ENC009898,HOSP011460,2026-01-29,Outpatient,H2-PROV0023,DEPT013,52713,2021-03-02,2022-01-03
H2-ENC009899,HOSP047281,2025-03-07,Routine Checkup,H2-PROV0018,DEPT009,46440,2022-01-26,2021-06-07
H2-ENC009900,HOSP012934,2026-03-29,Emergency,H2-PROV0011,DEPT009,27726,2024-09-13,2024-09-02
H2-ENC009901,HOSP042763,2024-03-26,Telemedicine,H2-PROV0004,DEPT010,67757,2022-09-30,2022-05-26
H2-ENC009902,HOSP040776,2026-03-25,Routine Checkup,H2-PROV0020,DEPT013,23432,2023-01-11,2021-01-22
H2-ENC009903,HOSP005176,2024-12-08,Telemedicine,H2-PROV0009,DEPT016,87524,2025-12-16,2025-03-01
H2-ENC009904,HOSP017359,2026-06-05,Telemedicine,H2-PROV0013,DEPT012,15544,2025-03-24,2022-03-29
H2-ENC009905,HOSP029584,2021-09-16,Inpatient,H2-PROV0011,DEPT019,17666,2020-11-01,2024-08-27
H2-ENC009906,HOSP030513,2026-04-24,Telemedicine,H2-PROV0008,DEPT008,59003,2020-04-13,2025-10-20
H2-ENC009907,HOSP041474,2021-09-19,Outpatient,H2-PROV0020,DEPT011,54867,2024-02-01,2025-08-14
H2-ENC009908,HOSP044451,2020-01-20,Routine Checkup,H2-PROV0015,DEPT004,57174,2024-08-26,2020-10-09
H2-ENC009909,HOSP014761,2024-05-06,Inpatient,H2-PROV0016,DEPT018,57322,2024-07-23,2025-08-03
H2-ENC009910,HOSP036033,2024-10-28,Routine Checkup,H2-PROV0024,DEPT002,84089,2025-01-23,2025-04-22
H2-ENC009911,HOSP001857,2023-08-07,Routine Checkup,H2-PROV0001,DEPT014,66263,2021-06-11,2024-06-11
H2-ENC009912,HOSP006082,2024-11-02,Routine Checkup,H2-PROV0018,DEPT008,23047,2024-08-27,2025-06-16
H2-ENC009913,HOSP023003,2020-05-22,Inpatient,H2-PROV0014,DEPT001,91677,2020-07-01,2025-02-10
H2-ENC009914,HOSP033519,2026-09-14,Emergency,H2-PROV0029,DEPT006,20132,2024-09-28,2025-07-03
H2-ENC009915,HOSP044886,2023-11-23,Outpatient,H2-PROV0018,DEPT020,46256,2024-09-16,2026-02-24
H2-ENC009916,HOSP025279,2025-06-18,Telemedicine,H2-PROV0028,DEPT008,19298,2026-02-17,2020-05-11
H2-ENC009917,HOSP046337,2022-02-24,Telemedicine,H2-PROV0019,DEPT006,90885,2025-12-03,2023-08-03
H2-ENC009918,HOSP044193,2020-12-13,Telemedicine,H2-PROV0022,DEPT015,12166,2022-02-18,2024-12-26
H2-ENC009919,HOSP048597,2023-08-12,Outpatient,H2-PROV0015,DEPT017,72365,2023-05-27,2025-04-04
H2-ENC009920,HOSP005176,2026-03-16,Routine Checkup,H2-PROV0011,DEPT005,43222,2025-08-22,2022-07-29
H2-ENC009921,HOSP030178,2020-06-16,Inpatient,H2-PROV0007,DEPT012,94174,2020-06-09,2024-06-12
H2-ENC009922,HOSP047799,2026-07-18,Emergency,H2-PROV0021,DEPT008,90316,2022-01-23,2021-09-25
H2-ENC009923,HOSP005072,2025-02-16,Telemedicine,H2-PROV0007,DEPT004,10540,2024-03-12,2025-09-18
H2-ENC009924,HOSP007123,2024-08-28,Inpatient,H2-PROV0016,DEPT012,56071,2022-10-13,2022-11-07
H2-ENC009925,HOSP002526,2022-04-06,Emergency,H2-PROV0016,DEPT009,55663,2026-08-30,2024-07-13
H2-ENC009926,HOSP026432,2022-08-22,Telemedicine,H2-PROV0011,DEPT005,32565,2025-03-19,2021-12-25
H2-ENC009927,HOSP019476,2026-04-06,Outpatient,H2-PROV0004,DEPT010,78999,2023-10-13,2025-07-31
H2-ENC009928,HOSP049868,2026-08-13,Outpatient,H2-PROV0013,DEPT008,13814,2021-09-10,2025-09-11
H2-ENC009929,HOSP014350,2024-01-06,Telemedicine,H2-PROV0002,DEPT012,78904,2021-05-30,2026-05-25
H2-ENC009930,HOSP019725,2023-04-10,Inpatient,H2-PROV0026,DEPT013,38609,2025-05-06,2020-09-17
H2-ENC009931,HOSP001161,2026-05-09,Routine Checkup,H2-PROV0012,DEPT014,60015,2020-05-21,2021-03-06
H2-ENC009932,HOSP011528,2021-03-03,Routine Checkup,H2-PROV0005,DEPT003,71185,2022-07-16,2023-04-20
H2-ENC009933,HOSP039303,2026-01-22,Outpatient,H2-PROV0007,DEPT011,33195,2025-12-27,2024-03-18
H2-ENC009934,HOSP018689,2020-03-31,Routine Checkup,H2-PROV0030,DEPT018,16973,2024-08-05,2024-07-14
H2-ENC009935,HOSP004617,2020-05-31,Emergency,H2-PROV0026,DEPT016,60573,2020-02-29,2020-12-19
H2-ENC009936,HOSP018226,2021-10-21,Routine Checkup,H2-PROV0008,DEPT013,69288,2023-10-18,2025-01-31
H2-ENC009937,HOSP008388,2025-02-19,Outpatient,H2-PROV0028,DEPT012,45577,2025-11-08,2023-07-08
H2-ENC009938,HOSP002142,2024-11-02,Inpatient,H2-PROV0030,DEPT018,83562,2026-10-05,2021-11-26
H2-ENC009939,HOSP013895,2020-04-08,Routine Checkup,H2-PROV0001,DEPT019,19697,2024-12-13,2026-04-28
H2-ENC009940,HOSP031119,2021-03-26,Routine Checkup,H2-PROV0021,DEPT015,54974,2026-05-15,2026-04-30
H2-ENC009941,HOSP002780,2026-03-13,Routine Checkup,H2-PROV0020,DEPT010,84089,2020-05-11,2025-12-01
H2-ENC009942,HOSP047091,2025-11-24,Emergency,H2-PROV0011,DEPT015,99861,2022-08-22,2024-09-04
H2-ENC009943,HOSP016449,2023-09-21,Inpatient,H2-PROV0011,DEPT011,84517,2026-07-20,2026-02-05
H2-ENC009944,HOSP042837,2023-12-21,Routine Checkup,H2-PROV0005,DEPT009,33195,2020-08-16,2020-06-25
H2-ENC009945,HOSP016638,2025-09-13,Inpatient,H2-PROV0016,DEPT003,39231,2022-01-10,2022-02-20
H2-ENC009946,HOSP047568,2020-07-05,Emergency,H2-PROV0010,DEPT013,19096,2025-02-06,2022-10-22
H2-ENC009947,HOSP042426,2023-02-17,Telemedicine,H2-PROV0026,DEPT008,81742,2026-02-04,2023-12-11
H2-ENC009948,HOSP029761,2023-06-03,Emergency,H2-PROV0022,DEPT012,80451,2021-09-27,2025-01-24
H2-ENC009949,HOSP038498,2020-07-23,Telemedicine,H2-PROV0011,DEPT009,21656,2023-01-06,2021-11-30
H2-ENC009950,HOSP007224,2021-09-26,Emergency,H2-PROV0020,DEPT005,79298,2024-05-10,2024-04-03
H2-ENC009951,HOSP044971,2022-11-14,Inpatient,H2-PROV0006,DEPT002,37641,2021-03-14,2024-03-29
H2-ENC009952,HOSP030499,2026-04-12,Inpatient,H2-PROV0028,DEPT013,12607,2023-01-01,2025-11-03
H2-ENC009953,HOSP022866,2024-03-17,Inpatient,H2-PROV0011,DEPT014,30248,2022-08-10,2026-02-11
H2-ENC009954,HOSP022253,2020-04-11,Routine Checkup,H2-PROV0010,DEPT012,43337,2025-06-26,2026-01-25
H2-ENC009955,HOSP024376,2023-03-08,Emergency,H2-PROV0012,DEPT004,81825,2021-08-31,2020-10-21
H2-ENC009956,HOSP005840,2020-05-03,Emergency,H2-PROV0014,DEPT016,65343,2023-07-29,2020-03-10
H2-ENC009957,HOSP021486,2020-07-27,Routine Checkup,H2-PROV0018,DEPT019,20782,2023-05-18,2023-09-04
H2-ENC009958,HOSP008221,2021-03-17,Outpatient,H2-PROV0018,DEPT018,90481,2024-03-04,2021-01-23
H2-ENC009959,HOSP016560,2025-04-15,Inpatient,H2-PROV0026,DEPT002,53233,2024-02-04,2024-03-29
H2-ENC009960,HOSP041187,2021-10-02,Emergency,H2-PROV0030,DEPT004,68319,2025-07-03,2026-05-25
H2-ENC009961,HOSP003360,2026-04-30,Routine Checkup,H2-PROV0001,DEPT007,82294,2020-07-16,2020-09-15
H2-ENC009962,HOSP033762,2025-06-30,Inpatient,H2-PROV0026,DEPT020,70688,2025-01-12,2021-07-09
H2-ENC009963,HOSP003637,2021-02-21,Routine Checkup,H2-PROV0011,DEPT017,78117,2020-06-30,2020-11-11
H2-ENC009964,HOSP032805,2021-12-31,Outpatient,H2-PROV0015,DEPT001,41490,2020-04-02,2023-01-05
H2-ENC009965,HOSP015994,2025-05-28,Emergency,H2-PROV0010,DEPT017,73752,2026-08-08,2026-04-24
H2-ENC009966,HOSP026837,2020-09-29,Telemedicine,H2-PROV0008,DEPT003,89973,2025-06-10,2022-08-24
H2-ENC009967,HOSP046578,2026-01-27,Telemedicine,H2-PROV0028,DEPT015,96903,2021-02-12,2023-07-09
H2-ENC009968,HOSP044130,2021-03-30,Routine Checkup,H2-PROV0027,DEPT007,14200,2020-05-21,2020-01-20
H2-ENC009969,HOSP044214,2025-01-04,Routine Checkup,H2-PROV0014,DEPT014,11646,2020-10-31,2023-04-06
H2-ENC009970,HOSP048476,2020-12-30,Outpatient,H2-PROV0027,DEPT013,22379,2026-05-26,2024-09-22
H2-ENC009971,HOSP049438,2025-10-10,Telemedicine,H2-PROV0029,DEPT016,61429,2024-05-02,2026-06-30
H2-ENC009972,HOSP039646,2023-09-29,Emergency,H2-PROV0029,DEPT005,71697,2021-10-02,2020-04-12
H2-ENC009973,HOSP020112,2023-08-18,Routine Checkup,H2-PROV0026,DEPT017,32072,2024-07-13,2024-12-08
H2-ENC009974,HOSP004497,2020-10-03,Routine Checkup,H2-PROV0016,DEPT016,71625,2024-02-21,2025-10-13
H2-ENC009975,HOSP030744,2023-07-28,Telemedicine,H2-PROV0004,DEPT009,84089,2022-12-17,2022-07-13
H2-ENC009976,HOSP049954,2023-10-13,Inpatient,H2-PROV0015,DEPT010,46677,2020-10-29,2022-11-15
H2-ENC009977,HOSP005895,2021-04-15,Outpatient,H2-PROV0021,DEPT001,90771,2021-03-18,2025-02-04
H2-ENC009978,HOSP040234,2026-04-16,Outpatient,H2-PROV0025,DEPT005,95960,2021-03-26,2025-02-10
H2-ENC009979,HOSP002064,2021-10-17,Emergency,H2-PROV0023,DEPT018,44323,2024-11-13,2020-02-23
H2-ENC009980,HOSP032115,2022-06-22,Emergency,H2-PROV0010,DEPT004,33369,2024-11-26,2022-11-11
H2-ENC009981,HOSP029213,2024-05-24,Inpatient,H2-PROV0005,DEPT010,80325,2025-04-01,2020-02-21
H2-ENC009982,HOSP042983,2025-06-29,Emergency,H2-PROV0007,DEPT005,55663,2020-01-26,2023-02-08
H2-ENC009983,HOSP047293,2023-02-24,Emergency,H2-PROV0008,DEPT015,50576,2026-10-03,2022-12-04
H2-ENC009984,HOSP004965,2023-12-08,Emergency,H2-PROV0016,DEPT010,78411,2020-09-29,2023-11-07
H2-ENC009985,HOSP022051,2024-09-24,Emergency,H2-PROV0025,DEPT004,12032,2022-06-17,2022-03-27
H2-ENC009986,HOSP009536,2025-06-11,Routine Checkup,H2-PROV0023,DEPT004,79250,2025-09-11,2022-06-22
H2-ENC009987,HOSP020613,2026-04-11,Routine Checkup,H2-PROV0011,DEPT015,70928,2025-12-18,2026-01-06
H2-ENC009988,HOSP019011,2026-01-04,Routine Checkup,H2-PROV0022,DEPT005,80648,2026-08-03,2020-11-21
H2-ENC009989,HOSP044391,2025-08-31,Inpatient,H2-PROV0010,DEPT007,22079,2020-12-10,2024-09-20
H2-ENC009990,HOSP043677,2026-04-03,Telemedicine,H2-PROV0012,DEPT017,58567,2024-08-08,2023-02-06
H2-ENC009991,HOSP003284,2023-05-01,Routine Checkup,H2-PROV0025,DEPT001,37404,2023-05-05,2021-02-06
H2-ENC009992,HOSP045266,2022-05-12,Outpatient,H2-PROV0013,DEPT010,18951,2026-05-01,2024-05-18
H2-ENC009993,HOSP014827,2024-06-21,Inpatient,H2-PROV0030,DEPT019,76922,2026-02-14,2025-10-17
H2-ENC009994,HOSP009726,2020-01-13,Outpatient,H2-PROV0001,DEPT009,11908,2026-05-06,2026-09-24
H2-ENC009995,HOSP006967,2025-09-27,Telemedicine,H2-PROV0002,DEPT018,50070,2022-12-09,2024-12-04
H2-ENC009996,HOSP004444,2021-12-17,Routine Checkup,H2-PROV0012,DEPT018,65252,2023-02-01,2022-09-16
H2-ENC009997,HOSP030820,2026-03-11,Outpatient,H2-PROV0022,DEPT014,66462,2025-04-14,2020-08-27
H2-ENC009998,HOSP010620,2020-01-14,Routine Checkup,H2-PROV0007,DEPT005,14200,2026-07-28,2024-12-31
H2-ENC009999,HOSP033475,2023-07-08,Inpatient,H2-PROV0021,DEPT004,88363,2021-09-23,2025-03-22
H2-ENC010000,HOSP024481,2024-10-15,Routine Checkup,H2-PROV0017,DEPT013,48917,2022-02-05,2020-01-25
